account_id,username_length,username_digit_ratio,has_profile_pic,bio_length,has_external_url,is_private,followers_count,following_count,follower_following_ratio,posts_count,avg_likes_per_post,avg_comments_per_post,posting_freq_per_week,account_age_days,engagement_rate,night_activity_ratio,graph_degree,clustering_coefficient,betweenness_centrality,is_fake
acc_0,13,0.078,1,104,1,0,596,942,0.633,57,2.4,0.08,5.26,1001,0.0041,0.076,107,0.0101,0.043663,0
acc_1,4,0.047,1,58,0,0,285,99,2.879,47,7.48,1.4,2.9,472,0.0311,0.315,65,0.0067,0.015231,0
acc_2,7,0.07,1,67,0,1,16,264,0.061,44,11.41,0.61,1.13,975,0.7513,0.128,10,0.0444,0.004114,0
acc_3,9,0.796,0,11,0,1,131,251,0.522,0,0.36,0.27,0.08,142,0.0048,0.624,111,0.0044,0.02858,1
acc_4,9,0.395,0,5,0,1,70,889,0.079,3,0.01,0.07,0.54,26,0.0012,0.759,268,0.0036,0.121052,1
acc_5,14,0.742,1,6,0,0,5,663,0.008,5,1.33,0.04,0.57,110,0.2735,0.698,170,0.0061,0.072727,1
acc_6,16,0.382,0,4,0,0,12,212,0.057,1,4.13,0.22,0.6,40,0.3625,0.6,210,0.0038,0.076325,1
acc_7,12,0.189,1,70,1,0,186,78,2.385,34,8.98,9.04,4.59,539,0.0969,0.06,179,0.0045,0.059724,0
acc_8,14,0.106,1,99,1,1,31,216,0.144,43,1.13,6.09,0.82,853,0.233,0.065,94,0.0048,0.027045,0
acc_9,7,0.005,1,31,0,1,460,31,14.839,42,60.15,2.6,1.3,2235,0.1364,0.097,69,0.006,0.013,0
acc_10,4,0.066,1,90,0,1,45,193,0.233,36,50.22,6.08,0.97,1195,1.0,0.33,80,0.0044,0.027366,0
acc_11,13,0.64,0,6,0,0,32,619,0.052,1,7.09,0.25,0.63,13,0.2293,0.512,33,0.0152,0.006401,1
acc_12,19,0.358,1,10,0,1,52,410,0.127,2,0.77,0.17,1.15,50,0.0181,0.453,115,0.0066,0.031419,1
acc_13,11,0.507,1,13,0,0,16,850,0.019,0,4.76,0.05,0.12,96,0.3004,0.84,42,0.0105,0.009015,1
acc_14,6,0.046,1,54,1,0,13,76,0.171,41,3.35,1.51,0.13,2960,0.3743,0.169,52,0.0106,0.011172,0
acc_15,5,0.165,1,103,0,1,18,48,0.375,56,65.07,2.65,2.17,1944,1.0,0.32,41,0.0085,0.004709,0
acc_16,13,0.463,0,2,0,1,59,513,0.115,1,3.89,0.52,0.29,193,0.0747,0.6,81,0.0059,0.017605,1
acc_17,10,0.053,1,12,1,0,11,37,0.297,41,2.38,8.73,1.63,1459,1.0,0.325,15,0.0,0.000928,0
acc_18,12,0.032,1,121,0,1,833,450,1.851,42,1.88,0.7,1.23,1981,0.0031,0.12,49,0.0051,0.00835,0
acc_19,18,0.715,1,6,0,0,101,2287,0.044,1,0.08,0.26,0.25,187,0.0033,0.692,49,0.0077,0.007466,1
acc_20,13,0.691,0,14,0,1,25,3113,0.008,2,0.63,0.7,0.23,174,0.0535,0.497,43,0.0089,0.01622,1
acc_21,14,0.161,1,129,0,0,294,89,3.303,41,14.12,4.35,6.14,1584,0.0628,0.183,28,0.0132,0.002322,0
acc_22,10,0.542,1,3,0,1,81,1342,0.06,1,0.62,0.13,0.26,16,0.0094,0.486,100,0.0032,0.034862,1
acc_23,13,0.317,0,6,0,0,186,538,0.346,1,0.26,0.04,0.52,116,0.0016,0.736,52,0.006,0.009214,1
acc_24,12,0.028,1,59,0,0,88,561,0.157,48,2.97,19.62,0.51,2362,0.2566,0.085,7,0.0952,0.00056,0
acc_25,17,0.697,1,8,0,1,210,1368,0.154,2,2.19,0.21,0.52,167,0.0114,0.867,81,0.0049,0.025311,1
acc_26,14,0.056,1,94,1,0,70,75,0.933,51,70.23,0.43,0.4,997,1.0,0.252,56,0.0045,0.00927,0
acc_27,10,0.462,1,0,1,1,0,201,0.0,1,0.04,0.19,1.43,77,0.2242,0.731,45,0.0061,0.005526,1
acc_28,9,0.044,1,31,0,1,394,43,9.163,43,0.99,3.9,4.93,1891,0.0124,0.058,30,0.0092,0.004966,0
acc_29,19,0.689,1,3,0,0,54,2888,0.019,0,4.42,0.26,0.41,24,0.0867,0.581,51,0.0078,0.007907,1
acc_30,8,0.12,1,137,1,0,769,299,2.572,41,33.36,3.48,0.88,302,0.0479,0.075,52,0.0038,0.010469,0
acc_31,12,0.631,1,13,0,0,57,2064,0.028,1,0.27,0.5,1.29,54,0.0136,0.859,38,0.0057,0.00616,1
acc_32,5,0.064,1,96,1,1,74,575,0.129,40,27.2,7.62,9.48,2518,0.4705,0.32,27,0.0057,0.005093,0
acc_33,9,0.162,1,78,0,0,169,79,2.139,34,152.92,2.35,2.28,1933,0.9187,0.07,49,0.0068,0.007832,0
acc_34,7,0.117,1,67,0,0,1087,143,7.601,47,15.88,5.37,3.3,2439,0.0195,0.26,87,0.004,0.024793,0
acc_35,12,0.161,1,28,1,1,134,26,5.154,47,7.65,0.54,9.93,2854,0.0611,0.194,17,0.0074,0.00143,0
acc_36,14,0.056,1,48,1,0,401,124,3.234,45,17.83,3.65,3.17,1423,0.0536,0.319,19,0.0117,0.001726,0
acc_37,11,0.109,1,129,0,1,98,474,0.207,59,46.14,10.31,11.09,560,0.576,0.261,26,0.0154,0.004267,0
acc_38,12,0.193,1,58,1,0,708,18,39.333,51,30.34,1.7,5.07,1670,0.0452,0.073,32,0.006,0.003322,0
acc_39,6,0.132,1,102,1,0,1749,652,2.683,44,21.27,2.14,3.93,2052,0.0134,0.336,20,0.0105,0.003189,0
acc_40,12,0.036,1,134,0,1,82,89,0.921,48,33.86,4.79,0.73,2298,0.4714,0.229,9,0.0278,0.000573,0
acc_41,12,0.02,1,45,0,0,750,170,4.412,43,5.42,0.66,1.7,2487,0.0081,0.234,39,0.0067,0.013472,0
acc_42,14,0.77,1,6,0,0,18,1453,0.012,2,0.43,0.34,0.2,90,0.043,0.885,43,0.0022,0.007125,1
acc_43,13,0.661,0,5,0,1,271,208,1.303,1,3.08,0.29,0.21,149,0.0124,0.406,35,0.0067,0.004259,1
acc_44,8,0.583,0,1,0,1,2,931,0.002,2,1.17,0.01,0.86,68,0.5919,0.5,25,0.0133,0.002895,1
acc_45,7,0.071,1,31,0,1,10,32,0.312,54,18.77,0.06,1.95,1133,1.0,0.105,53,0.0022,0.012104,0
acc_46,8,0.121,1,83,0,0,428,78,5.487,40,17.02,7.72,9.14,1083,0.0578,0.131,34,0.0053,0.008992,0
acc_47,13,0.029,1,94,0,1,317,149,2.128,38,4.22,9.98,4.51,405,0.0448,0.106,48,0.0027,0.005475,0
acc_48,11,0.105,1,19,1,1,135,119,1.134,38,4.61,2.92,0.85,2398,0.0558,0.257,27,0.0085,0.001843,0
acc_49,8,0.19,1,52,0,0,57,871,0.065,45,0.85,1.63,0.58,1173,0.0436,0.062,25,0.02,0.003242,0
acc_50,13,0.12,1,103,0,0,292,87,3.356,39,4.17,1.61,4.56,1317,0.0198,0.238,27,0.0028,0.002943,0
acc_51,10,0.156,1,62,1,1,221,861,0.257,48,33.16,0.07,0.65,2303,0.1504,0.269,38,0.0114,0.003294,0
acc_52,14,0.074,1,135,0,1,176,50,3.52,46,25.66,22.65,0.44,598,0.2745,0.169,11,0.0182,0.000699,0
acc_53,11,0.032,1,94,0,0,25,49,0.51,41,42.22,3.56,8.37,2058,1.0,0.123,20,0.0105,0.006282,0
acc_54,12,0.536,0,12,0,0,87,435,0.2,1,2.4,0.12,0.68,57,0.029,0.798,40,0.0026,0.004241,1
acc_55,13,0.103,1,96,0,1,302,102,2.961,38,18.8,9.54,0.83,1081,0.0938,0.057,19,0.0175,0.004524,0
acc_56,9,0.771,0,2,0,0,62,559,0.111,0,0.59,0.31,0.16,177,0.0144,0.831,92,0.0053,0.029422,1
acc_57,18,0.594,0,12,0,1,69,2153,0.032,1,0.63,0.07,0.14,34,0.01,0.618,18,0.0065,0.001026,1
acc_58,9,0.118,1,114,0,0,268,40,6.7,39,17.9,6.68,0.04,370,0.0917,0.309,33,0.0057,0.005306,0
acc_59,12,0.059,1,108,0,1,976,260,3.754,54,0.67,5.33,0.7,796,0.0061,0.314,23,0.0079,0.002262,0
acc_60,12,0.028,0,51,1,0,56,317,0.177,50,13.12,2.12,0.71,2011,0.272,0.291,27,0.0,0.002186,0
acc_61,8,0.187,1,98,0,0,221,241,0.917,48,16.0,0.64,0.69,1395,0.0753,0.241,21,0.0,0.002936,0
acc_62,9,0.081,1,120,1,1,459,253,1.814,41,5.41,4.29,3.08,2694,0.0211,0.286,18,0.0131,0.001847,0
acc_63,9,0.022,1,89,1,1,677,96,7.052,53,5.55,4.69,8.7,2512,0.0151,0.148,3,0.0,0.000107,0
acc_64,14,0.55,1,9,0,1,3,355,0.008,0,1.18,0.03,0.57,103,0.4018,0.776,35,0.0067,0.005708,1
acc_65,11,0.174,1,68,1,1,91,177,0.514,48,35.6,1.47,5.89,2228,0.4073,0.193,21,0.0,0.00197,0
acc_66,9,0.018,1,132,1,0,535,63,8.492,45,21.62,7.06,5.31,551,0.0536,0.33,23,0.0079,0.002125,0
acc_67,6,0.168,1,70,0,1,116,206,0.563,43,1.69,13.02,3.41,2474,0.1268,0.131,14,0.022,0.001371,0
acc_68,6,0.126,1,107,1,0,424,154,2.753,42,14.76,2.94,1.74,1680,0.0417,0.06,17,0.0221,0.001626,0
acc_69,12,0.028,1,63,0,0,274,442,0.62,44,59.56,9.02,5.76,2852,0.2503,0.091,26,0.0062,0.002648,0
acc_70,13,0.009,1,103,0,1,686,131,5.237,42,8.0,2.17,0.74,444,0.0148,0.216,42,0.0,0.006818,0
acc_71,13,0.722,1,6,0,1,104,1226,0.085,2,0.55,0.02,0.68,161,0.0056,0.759,45,0.004,0.008336,1
acc_72,16,0.675,1,13,0,0,10,231,0.043,2,1.17,0.34,0.36,79,0.1512,0.787,20,0.0158,0.00148,1
acc_73,13,0.305,1,9,0,1,19,861,0.022,3,3.97,0.09,0.38,9,0.2141,0.403,42,0.0,0.005423,1
acc_74,19,0.777,0,5,0,1,0,494,0.0,1,0.14,0.06,0.41,183,0.2034,0.512,37,0.012,0.005146,1
acc_75,9,0.195,1,51,0,1,201,107,1.879,41,6.28,6.11,0.39,2090,0.0617,0.087,18,0.0065,0.001889,0
acc_76,19,0.31,1,0,0,1,4,2688,0.001,2,3.85,0.0,0.36,65,0.9629,0.818,35,0.0034,0.006139,1
acc_77,14,0.003,1,144,0,0,80,34,2.353,43,6.1,4.7,0.55,304,0.135,0.184,39,0.0013,0.004562,0
acc_78,9,0.131,1,138,0,0,183,70,2.614,43,11.21,12.46,9.21,727,0.1293,0.104,32,0.0101,0.002825,0
acc_79,14,0.19,1,64,1,0,139,1531,0.091,45,34.66,4.01,1.8,2908,0.2782,0.325,24,0.0,0.001822,0
acc_80,6,0.165,1,52,0,0,940,35,26.857,42,31.76,6.74,1.44,2301,0.041,0.34,24,0.0072,0.004391,0
acc_81,13,0.113,1,50,0,1,77,274,0.281,44,16.63,2.91,1.6,2671,0.2538,0.058,65,0.0029,0.012936,0
acc_82,13,0.063,1,110,0,0,323,36,8.972,39,9.22,7.56,1.52,2223,0.052,0.087,9,0.0833,0.000373,0
acc_83,12,0.069,1,59,1,0,370,775,0.477,54,26.77,0.87,0.55,2328,0.0747,0.23,11,0.0545,0.000896,0
acc_84,4,0.074,1,141,1,1,841,189,4.45,30,21.89,1.03,4.09,2151,0.0273,0.196,35,0.0034,0.003759,0
acc_85,13,0.068,1,91,1,0,280,338,0.828,41,13.1,5.17,4.77,845,0.0652,0.159,28,0.0185,0.004175,0
acc_86,11,0.696,1,13,0,1,93,602,0.154,0,1.03,0.34,0.3,157,0.0147,0.632,28,0.0106,0.002195,1
acc_87,13,0.617,0,8,0,0,45,730,0.062,0,0.96,0.03,0.38,154,0.022,0.879,13,0.0256,0.000789,1
acc_88,4,0.18,1,22,1,1,292,1199,0.244,44,0.78,1.77,1.22,2531,0.0087,0.215,14,0.0,0.002582,0
acc_89,7,0.171,1,21,1,1,26,70,0.371,58,24.07,0.79,0.34,359,0.9559,0.295,19,0.0,0.004476,0
acc_90,8,0.079,1,57,0,0,1461,49,29.816,40,47.13,6.22,0.38,1590,0.0365,0.109,6,0.0,6.8e-05,0
acc_91,8,0.559,1,8,0,1,54,657,0.082,4,0.11,0.39,0.06,190,0.0092,0.806,45,0.0051,0.010288,1
acc_92,8,0.582,1,12,0,1,114,899,0.127,0,0.26,0.38,0.1,125,0.0056,0.733,25,0.0033,0.003772,1
acc_93,16,0.601,0,7,0,0,65,1541,0.042,2,1.41,0.58,0.69,86,0.0307,0.679,28,0.0132,0.00245,1
acc_94,9,0.335,1,6,0,1,66,229,0.288,3,1.61,0.4,0.33,10,0.0305,0.736,39,0.0108,0.004256,1
acc_95,8,0.104,1,135,0,0,609,328,1.857,44,4.25,1.18,5.28,2141,0.0089,0.069,44,0.0063,0.00942,0
acc_96,13,0.093,1,66,0,1,1130,119,9.496,40,1.43,2.38,2.59,1961,0.0034,0.246,19,0.0058,0.000761,0
acc_97,11,0.123,1,62,0,1,352,409,0.861,49,34.87,2.43,1.97,1482,0.106,0.13,34,0.0036,0.00762,0
acc_98,8,0.348,0,8,0,1,47,832,0.056,1,3.82,0.25,0.36,76,0.0865,0.853,36,0.0032,0.003426,1
acc_99,19,0.782,0,5,0,0,25,1722,0.015,1,2.74,0.49,0.09,141,0.1291,0.724,38,0.0028,0.007068,1
acc_100,13,0.144,1,119,0,0,312,199,1.568,49,7.12,5.65,1.93,2238,0.0409,0.259,22,0.0,0.004011,0
acc_101,8,0.199,1,132,0,1,2169,21,103.286,44,75.77,0.36,2.32,2983,0.0351,0.166,16,0.0083,0.002117,0
acc_102,11,0.024,1,86,0,0,3026,50,60.52,39,90.04,23.99,0.1,834,0.0377,0.272,36,0.0032,0.003982,0
acc_103,8,0.08,1,19,0,1,1417,360,3.936,52,71.28,0.8,8.85,1836,0.0509,0.148,28,0.0026,0.002008,0
acc_104,16,0.597,0,14,0,1,12,248,0.048,2,0.88,0.15,0.03,163,0.0858,0.689,22,0.0087,0.002633,1
acc_105,13,0.376,0,5,0,0,16,904,0.018,2,3.19,0.21,0.69,48,0.2129,0.61,27,0.0057,0.002835,1
acc_106,9,0.728,0,9,0,1,99,688,0.144,3,0.17,0.6,0.33,49,0.0078,0.456,42,0.007,0.005315,1
acc_107,12,0.509,1,14,0,0,3,1583,0.002,1,1.4,0.55,0.53,45,0.6487,0.496,21,0.0048,0.001516,1
acc_108,7,0.06,1,118,0,0,189,75,2.52,52,21.36,1.6,0.16,2621,0.1214,0.126,26,0.0,0.004707,0
acc_109,18,0.792,0,7,0,1,50,1361,0.037,0,0.1,0.01,0.1,52,0.002,0.703,15,0.0,0.001231,1
acc_110,9,0.091,1,59,0,1,198,378,0.524,46,17.25,8.74,6.73,2446,0.1313,0.235,29,0.0025,0.001874,0
acc_111,15,0.765,0,5,0,1,7,893,0.008,1,1.04,2.02,0.03,21,0.4363,0.596,21,0.0238,0.001984,1
acc_112,11,0.031,1,64,0,0,219,441,0.497,49,10.48,1.71,4.74,2736,0.0556,0.293,13,0.0,0.00081,0
acc_113,10,0.64,0,9,1,1,0,438,0.0,4,1.55,0.23,0.26,173,1.0,0.428,52,0.003,0.012479,1
acc_114,12,0.171,1,38,0,0,297,1024,0.29,42,6.54,1.94,1.28,2479,0.0286,0.122,14,0.011,0.001347,0
acc_115,11,0.067,1,36,0,1,91,72,1.264,45,0.32,4.18,2.15,1349,0.0494,0.303,33,0.0076,0.003211,0
acc_116,14,0.141,1,91,1,1,82,616,0.133,34,17.56,8.07,0.84,1458,0.3126,0.23,27,0.0028,0.002052,0
acc_117,5,0.05,1,13,1,0,120,69,1.739,36,3.94,6.9,0.45,1338,0.0903,0.145,53,0.0036,0.00763,0
acc_118,19,0.774,1,9,0,1,26,670,0.039,3,2.52,0.28,0.05,119,0.1076,0.404,25,0.0033,0.001607,1
acc_119,5,0.119,1,135,0,1,158,527,0.3,41,39.57,0.51,0.21,867,0.2536,0.116,6,0.0,0.000262,0
acc_120,15,0.739,0,7,0,0,26,1174,0.022,1,0.99,1.12,1.55,3,0.0814,0.622,33,0.0019,0.004245,1
acc_121,12,0.334,0,14,0,1,4,1298,0.003,0,2.07,0.06,0.13,81,0.5322,0.751,19,0.0117,0.003223,1
acc_122,12,0.156,1,101,1,1,827,82,10.085,41,45.44,4.72,13.11,2012,0.0607,0.081,37,0.003,0.007245,0
acc_123,19,0.566,0,8,0,1,16,714,0.022,3,2.0,0.22,0.03,75,0.1386,0.625,15,0.0095,0.00075,1
acc_124,5,0.186,1,29,0,0,58,133,0.436,57,43.04,0.45,4.49,2869,0.7498,0.32,6,0.0667,9.3e-05,0
acc_125,7,0.023,1,102,0,1,699,80,8.738,40,3.12,8.05,2.07,1011,0.016,0.214,15,0.0286,0.00157,0
acc_126,13,0.086,1,96,0,0,11,1143,0.01,35,70.87,7.05,2.95,2062,1.0,0.145,13,0.0,0.000802,0
acc_127,14,0.044,1,56,0,0,295,266,1.109,52,4.18,5.33,0.97,816,0.0322,0.101,10,0.0,0.000383,0
acc_128,10,0.2,1,73,1,1,134,36,3.722,42,3.37,4.57,6.34,626,0.0592,0.089,20,0.0105,0.001348,0
acc_129,10,0.154,1,93,0,0,494,356,1.388,44,19.48,2.53,7.92,2237,0.0446,0.133,14,0.0,0.001032,0
acc_130,7,0.105,1,79,1,1,944,252,3.746,50,12.83,0.24,1.26,450,0.0138,0.247,15,0.0095,0.00221,0
acc_131,4,0.002,1,56,1,0,86,137,0.628,48,9.82,2.19,5.48,2110,0.1396,0.156,29,0.0025,0.003689,0
acc_132,4,0.11,1,30,0,1,6023,205,29.38,48,30.57,4.61,4.2,681,0.0058,0.106,16,0.0083,0.00116,0
acc_133,11,0.395,0,6,0,1,0,240,0.0,3,1.81,0.1,0.01,179,1.0,0.53,18,0.0131,0.002658,1
acc_134,11,0.148,1,144,1,0,58,443,0.131,50,2.82,2.88,1.26,1328,0.0982,0.294,32,0.002,0.002969,0
acc_135,13,0.124,1,91,1,0,560,232,2.414,41,13.2,12.68,0.1,284,0.0462,0.1,13,0.0128,0.001283,0
acc_136,10,0.035,1,54,1,0,422,83,5.084,45,5.55,4.15,0.8,1091,0.023,0.222,27,0.0,0.006339,0
acc_137,5,0.119,1,124,1,1,28,110,0.255,54,103.01,0.92,2.85,1847,1.0,0.214,21,0.0,0.002587,0
acc_138,12,0.773,1,0,0,0,85,527,0.161,3,1.1,0.18,0.66,101,0.0151,0.449,32,0.002,0.004596,1
acc_139,11,0.343,0,1,0,1,38,1104,0.034,2,0.08,0.18,1.11,159,0.0069,0.47,27,0.0028,0.002512,1
acc_140,4,0.033,1,68,1,0,75,71,1.056,53,20.82,2.69,0.74,1215,0.3134,0.143,8,0.0,0.000255,0
acc_141,4,0.02,1,90,1,0,131,1470,0.089,54,0.13,0.71,1.29,2617,0.0064,0.266,14,0.0,0.000585,0
acc_142,7,0.125,1,84,1,0,76,184,0.413,40,256.87,0.95,0.92,1295,1.0,0.121,12,0.0,0.00056,0
acc_143,11,0.101,1,127,1,0,269,129,2.085,45,53.27,0.91,0.91,1084,0.2014,0.153,6,0.1333,0.000265,0
acc_144,6,0.126,1,53,0,0,1263,356,3.548,51,12.78,2.64,0.2,1533,0.0122,0.27,12,0.0152,0.002641,0
acc_145,14,0.072,1,39,0,0,294,149,1.973,44,19.8,6.37,2.71,2943,0.089,0.173,6,0.2,0.000228,0
acc_146,5,0.05,1,94,1,0,42,351,0.12,44,6.64,3.89,6.41,1532,0.2507,0.108,9,0.0,0.000196,0
acc_147,11,0.173,1,137,0,0,263,108,2.435,44,0.26,2.2,3.8,408,0.0094,0.27,16,0.0,0.000888,0
acc_148,10,0.077,1,81,0,1,164,493,0.333,40,38.73,2.38,2.01,1957,0.2506,0.067,12,0.0303,0.000562,0
acc_149,13,0.072,1,139,1,1,2375,100,23.75,47,7.48,2.49,0.85,2297,0.0042,0.3,27,0.0057,0.001748,0
acc_150,9,0.19,1,108,1,1,53,128,0.414,57,7.02,1.44,0.16,1077,0.1595,0.306,23,0.0079,0.004093,0
acc_151,5,0.142,1,140,0,1,49,386,0.127,47,118.18,0.77,3.13,2878,1.0,0.137,22,0.013,0.002759,0
acc_152,7,0.155,1,72,0,0,136,149,0.913,43,26.67,22.08,4.84,208,0.3585,0.122,35,0.0034,0.004227,0
acc_153,9,0.008,1,52,0,0,62,430,0.144,53,137.38,4.2,4.06,1640,1.0,0.237,17,0.0,0.001618,0
acc_154,13,0.18,1,74,0,1,1523,91,16.736,45,83.42,0.37,8.27,255,0.055,0.294,7,0.0,0.001624,0
acc_155,9,0.4,1,13,0,1,10,870,0.011,2,1.02,1.22,0.38,11,0.224,0.472,32,0.002,0.00244,1
acc_156,5,0.14,0,11,1,1,253,109,2.321,44,2.62,4.61,2.1,1229,0.0286,0.196,36,0.0048,0.003553,0
acc_157,12,0.164,1,14,1,1,87,153,0.569,47,56.98,6.81,11.58,1618,0.7333,0.112,15,0.0,0.000899,0
acc_158,11,0.151,1,25,0,0,523,102,5.127,36,3.73,3.9,1.32,1189,0.0146,0.259,21,0.0,0.003827,0
acc_159,8,0.62,0,8,0,1,24,632,0.038,0,0.68,0.18,0.06,29,0.0359,0.779,14,0.011,0.000729,1
acc_160,4,0.016,1,32,0,1,11,324,0.034,53,22.35,2.7,5.63,1733,1.0,0.226,17,0.0074,0.001411,0
acc_161,9,0.115,1,129,0,0,173,99,1.747,60,6.47,2.47,1.1,771,0.0517,0.257,32,0.004,0.004236,0
acc_162,10,0.572,0,11,0,1,19,460,0.041,1,0.65,0.39,0.04,181,0.0547,0.411,30,0.0046,0.002284,1
acc_163,10,0.545,0,6,0,0,67,242,0.277,3,2.57,0.12,1.18,106,0.04,0.534,22,0.0087,0.001749,1
acc_164,15,0.417,0,7,1,1,23,2254,0.01,2,2.15,1.36,0.15,106,0.1525,0.664,27,0.0114,0.001397,1
acc_165,8,0.022,1,20,1,1,20,162,0.123,37,16.5,5.65,2.33,2125,1.0,0.144,14,0.011,0.002014,0
acc_166,11,0.351,0,1,0,1,38,709,0.054,2,2.83,0.03,0.01,137,0.0751,0.873,20,0.0053,0.000864,1
acc_167,6,0.01,1,84,0,1,101,224,0.451,53,12.54,1.15,1.4,1463,0.1355,0.069,18,0.0065,0.000996,0
acc_168,11,0.081,1,110,1,0,24,107,0.224,42,75.87,0.04,6.42,1440,1.0,0.149,15,0.0095,0.001295,0
acc_169,10,0.102,1,79,0,0,436,66,6.606,48,97.03,4.71,0.51,500,0.2333,0.326,12,0.0,0.000793,0
acc_170,12,0.191,1,148,1,0,65,27,2.407,30,4.61,2.05,1.3,2488,0.1024,0.081,15,0.019,0.000674,0
acc_171,5,0.031,1,35,0,1,75,271,0.277,42,34.63,0.52,12.79,2181,0.4686,0.156,10,0.0222,0.00058,0
acc_172,12,0.116,1,76,0,0,65,23,2.826,43,8.5,1.0,3.92,2748,0.1461,0.277,8,0.0357,0.000277,0
acc_173,5,0.034,1,34,1,0,45,128,0.352,42,17.9,3.19,2.9,392,0.4687,0.252,12,0.0152,0.000313,0
acc_174,8,0.741,0,5,0,1,92,755,0.122,1,0.72,0.31,0.22,111,0.0112,0.433,10,0.0222,0.000334,1
acc_175,4,0.167,1,110,1,1,293,481,0.609,52,2.26,1.94,1.76,2003,0.0143,0.31,17,0.0,0.000752,0
acc_176,11,0.193,1,129,1,1,60,418,0.144,48,16.27,0.07,3.64,986,0.2723,0.196,4,0.0,0.000114,0
acc_177,4,0.033,1,101,0,0,125,464,0.269,45,10.99,1.3,8.13,1408,0.0983,0.223,10,0.0222,0.001908,0
acc_178,12,0.342,1,2,0,1,22,267,0.082,2,1.26,0.02,0.02,11,0.0579,0.593,20,0.0053,0.001362,1
acc_179,7,0.102,1,65,0,0,23,106,0.217,40,36.84,6.96,1.62,1283,1.0,0.31,7,0.0,0.000168,0
acc_180,14,0.14,1,112,0,0,680,168,4.048,44,39.19,0.27,1.88,836,0.058,0.212,5,0.0,8.3e-05,0
acc_181,5,0.116,1,42,1,1,473,122,3.877,56,1.41,5.41,5.27,2467,0.0144,0.066,12,0.0152,0.001154,0
acc_182,9,0.12,1,98,1,1,265,850,0.312,52,36.62,5.2,3.01,2564,0.1578,0.347,3,0.0,1.7e-05,0
acc_183,18,0.465,0,9,0,1,79,899,0.088,3,1.07,0.11,0.69,159,0.0149,0.576,23,0.004,0.001526,1
acc_184,10,0.079,1,149,1,1,104,344,0.302,55,14.35,3.53,0.33,389,0.172,0.166,17,0.0,0.000777,0
acc_185,12,0.054,1,95,1,0,85,145,0.586,47,16.66,12.35,6.22,1993,0.3413,0.056,14,0.0,0.000845,0
acc_186,14,0.131,1,46,0,1,94,144,0.653,46,201.6,2.25,1.16,2928,1.0,0.172,14,0.0,0.003673,0
acc_187,9,0.137,1,137,1,1,698,81,8.617,31,2.56,10.87,4.36,2186,0.0192,0.116,7,0.0,0.000314,0
acc_188,18,0.624,1,13,0,1,48,821,0.058,3,1.04,1.06,0.06,146,0.0437,0.646,29,0.0099,0.002026,1
acc_189,14,0.085,1,149,0,1,113,37,3.054,44,18.55,0.63,2.23,2832,0.1697,0.11,14,0.0,0.004139,0
acc_190,8,0.792,1,8,0,1,73,2173,0.034,2,3.05,0.56,0.8,159,0.0495,0.827,26,0.0,0.001865,1
acc_191,5,0.042,1,43,0,0,116,253,0.458,42,28.31,9.28,7.82,752,0.324,0.116,18,0.0065,0.001227,0
acc_192,12,0.05,1,116,0,1,479,87,5.506,64,23.9,0.36,2.46,2854,0.0506,0.122,16,0.0167,0.001472,0
acc_193,13,0.088,1,86,0,0,433,25,17.32,54,32.77,2.07,3.39,1879,0.0804,0.296,22,0.0043,0.002424,0
acc_194,8,0.112,1,98,1,0,47,123,0.382,52,16.52,10.39,2.1,2502,0.5726,0.333,5,0.0,0.00016,0
acc_195,13,0.343,1,13,0,1,16,430,0.037,1,2.38,0.29,0.33,48,0.1664,0.855,11,0.0182,0.001318,1
acc_196,19,0.426,1,0,0,1,144,390,0.369,2,3.41,0.69,0.76,119,0.0285,0.835,14,0.0,0.000428,1
acc_197,13,0.121,1,74,0,1,125,44,2.841,45,4.21,2.09,1.99,1309,0.0503,0.28,24,0.0,0.005061,0
acc_198,7,0.057,1,21,0,1,62,114,0.544,48,35.7,1.65,7.12,2927,0.6024,0.253,21,0.0,0.001447,0
acc_199,6,0.12,1,65,0,0,709,226,3.137,34,13.53,0.79,0.82,1246,0.0202,0.125,39,0.0027,0.005415,0
acc_200,9,0.013,1,74,0,0,1246,68,18.324,55,14.12,5.46,0.49,1489,0.0157,0.134,19,0.0117,0.001386,0
acc_201,15,0.704,0,7,0,1,46,792,0.058,1,0.6,0.63,0.7,163,0.0268,0.555,17,0.0,0.000808,1
acc_202,8,0.106,1,51,0,0,590,50,11.8,52,47.27,4.34,1.32,2861,0.0875,0.165,17,0.0,0.000521,0
acc_203,4,0.114,1,61,0,0,395,229,1.725,40,9.03,1.66,2.07,2227,0.027,0.263,12,0.0,0.000658,0
acc_204,13,0.171,1,57,0,0,867,70,12.386,33,19.53,3.63,0.28,2801,0.0267,0.055,13,0.0128,0.000624,0
acc_205,4,0.172,1,91,0,0,437,58,7.534,49,76.79,2.33,0.46,1670,0.1811,0.287,10,0.0,0.000464,0
acc_206,6,0.172,1,74,1,0,115,208,0.553,45,6.7,13.18,0.58,1365,0.1728,0.35,18,0.0065,0.00151,0
acc_207,4,0.12,1,46,0,1,430,109,3.945,41,71.41,4.04,0.54,998,0.1755,0.136,13,0.0256,0.000472,0
acc_208,13,0.003,1,19,0,0,547,4,136.75,41,72.71,11.17,4.91,724,0.1533,0.215,26,0.0,0.002654,0
acc_209,17,0.452,0,0,0,0,14,5253,0.003,1,0.21,0.26,0.49,99,0.0334,0.668,27,0.0,0.002251,1
acc_210,4,0.148,1,68,0,0,299,97,3.082,52,1.97,3.07,8.23,2492,0.0168,0.293,5,0.1,0.000342,0
acc_211,19,0.56,1,13,0,0,3,783,0.004,0,6.55,0.1,0.96,15,1.0,0.656,21,0.0,0.001052,1
acc_212,11,0.187,1,132,1,0,2281,741,3.078,49,25.29,1.61,5.45,2986,0.0118,0.185,7,0.0,0.000825,0
acc_213,9,0.014,1,121,0,1,77,186,0.414,45,169.32,3.97,1.39,747,1.0,0.323,28,0.0079,0.001813,0
acc_214,6,0.163,1,32,1,0,82,93,0.882,40,46.2,1.64,1.2,1006,0.5834,0.18,14,0.0,0.000396,0
acc_215,5,0.036,1,131,0,1,107,52,2.058,44,93.95,0.93,1.33,2691,0.8867,0.195,7,0.0,0.000169,0
acc_216,14,0.092,1,27,1,1,66,142,0.465,46,39.94,7.83,2.97,182,0.7238,0.129,9,0.0,0.000464,0
acc_217,13,0.415,1,2,0,1,3,247,0.012,4,1.52,0.03,0.84,48,0.5155,0.424,32,0.0,0.007273,1
acc_218,8,0.17,1,148,0,0,1393,406,3.431,48,3.44,2.23,0.41,1926,0.0041,0.184,17,0.0,0.003375,0
acc_219,17,0.585,0,13,0,1,100,1094,0.091,0,1.67,0.43,0.07,141,0.021,0.755,15,0.0,0.000659,1
acc_220,5,0.049,1,12,0,1,58,892,0.065,41,24.89,1.54,10.42,1730,0.4557,0.311,8,0.0,0.000284,0
acc_221,19,0.363,1,0,1,1,5,262,0.019,3,0.37,0.14,0.22,88,0.1019,0.419,20,0.0105,0.001441,1
acc_222,5,0.102,1,34,1,1,107,25,4.28,44,1.1,11.74,0.83,2889,0.1201,0.258,13,0.0128,0.000529,0
acc_223,9,0.186,1,114,0,1,120,288,0.417,48,16.1,4.69,1.47,450,0.1732,0.21,15,0.0,0.003015,0
acc_224,8,0.02,1,140,0,0,1833,327,5.606,55,78.61,1.04,4.04,1394,0.0435,0.308,11,0.0182,0.001695,0
acc_225,11,0.08,1,53,1,0,433,59,7.339,40,30.93,2.36,5.43,581,0.0769,0.349,4,0.0,0.000167,0
acc_226,8,0.173,1,34,0,0,933,293,3.184,51,20.77,7.07,1.08,326,0.0298,0.195,15,0.0,0.000383,0
acc_227,9,0.093,1,139,0,1,3372,186,18.129,51,32.15,0.14,2.06,1486,0.0096,0.327,14,0.011,0.002936,0
acc_228,14,0.483,0,3,1,0,81,248,0.327,3,0.6,0.16,0.31,194,0.0093,0.724,15,0.0,0.000604,1
acc_229,11,0.118,1,24,0,1,2034,132,15.409,44,12.97,1.54,5.47,922,0.0071,0.317,19,0.0058,0.001308,0
acc_230,15,0.461,1,6,0,0,3,222,0.014,2,2.55,0.75,0.26,52,1.0,0.794,32,0.002,0.003455,1
acc_231,7,0.065,0,134,0,1,276,52,5.308,54,23.02,0.29,0.98,1189,0.0845,0.334,8,0.0714,0.000986,0
acc_232,14,0.756,0,13,0,1,67,1813,0.037,2,5.83,0.04,0.75,180,0.0876,0.423,27,0.0028,0.002312,1
acc_233,12,0.144,1,15,0,0,954,40,23.85,39,60.11,3.51,2.13,561,0.0667,0.189,15,0.0095,0.002019,0
acc_234,11,0.444,1,5,0,1,60,1193,0.05,0,3.93,0.18,0.15,88,0.0685,0.852,13,0.0,0.000429,1
acc_235,14,0.177,1,131,0,0,247,33,7.485,39,53.01,5.9,0.78,1170,0.2385,0.191,14,0.011,0.001378,0
acc_236,5,0.076,1,35,1,0,689,329,2.094,40,21.93,1.23,3.98,538,0.0336,0.206,8,0.0,0.000195,0
acc_237,8,0.767,0,6,0,1,27,2499,0.011,2,3.85,0.46,0.05,69,0.1596,0.757,15,0.0,0.000628,1
acc_238,7,0.002,1,88,0,0,554,108,5.13,43,20.44,0.19,2.35,2770,0.0372,0.16,41,0.0024,0.009192,0
acc_239,12,0.123,1,11,1,1,273,52,5.25,40,38.65,7.94,0.53,2091,0.1707,0.147,5,0.0,8.7e-05,0
acc_240,16,0.757,0,5,0,1,14,3419,0.004,5,0.79,0.41,0.04,91,0.0858,0.593,20,0.0053,0.002407,1
acc_241,17,0.46,1,1,0,0,3,1062,0.003,4,0.22,0.64,0.37,41,0.2865,0.652,37,0.003,0.002343,1
acc_242,4,0.186,1,65,1,1,48,144,0.333,45,35.7,0.55,1.69,599,0.7552,0.162,23,0.0,0.002942,0
acc_243,4,0.008,1,140,1,0,58,109,0.532,44,10.73,0.02,3.31,2601,0.1854,0.232,18,0.0,0.005255,0
acc_244,9,0.521,1,5,0,1,25,386,0.065,3,0.21,0.26,0.4,181,0.0185,0.44,16,0.0083,0.000698,1
acc_245,8,0.047,0,61,1,0,204,268,0.761,49,25.15,1.25,1.82,296,0.1294,0.262,18,0.0,0.001384,0
acc_246,6,0.111,1,44,0,0,474,77,6.156,49,27.23,7.58,1.96,1369,0.0734,0.096,19,0.0,0.002733,0
acc_247,12,0.116,1,132,1,1,325,63,5.159,36,26.23,2.06,2.67,1084,0.087,0.255,15,0.0,0.000744,0
acc_248,9,0.035,1,96,0,1,510,108,4.722,50,7.08,3.56,2.46,2152,0.0209,0.068,14,0.011,0.000468,0
acc_249,6,0.026,0,116,0,0,586,871,0.673,43,8.55,4.43,10.59,836,0.0222,0.077,9,0.0,0.000286,0
acc_250,7,0.089,1,30,0,1,142,314,0.452,38,33.52,2.35,0.62,2255,0.2526,0.175,8,0.0357,0.000615,0
acc_251,6,0.111,1,117,0,1,48,387,0.124,44,8.27,0.09,6.81,2694,0.1742,0.118,8,0.0,0.000209,0
acc_252,4,0.007,1,99,0,0,41,506,0.081,49,10.35,4.21,0.37,392,0.3551,0.318,19,0.0,0.001374,0
acc_253,13,0.054,1,38,1,1,40,91,0.44,40,16.02,9.81,1.38,323,0.6456,0.217,13,0.0128,0.001068,0
acc_254,9,0.167,1,111,1,0,47,50,0.94,49,5.29,3.14,0.02,2085,0.1793,0.066,12,0.0,0.001074,0
acc_255,8,0.52,0,12,0,1,162,931,0.174,1,1.01,0.12,0.42,146,0.007,0.506,45,0.003,0.004207,1
acc_256,8,0.015,1,134,1,0,302,51,5.922,59,13.86,3.73,8.0,1991,0.0582,0.117,14,0.0,0.001835,0
acc_257,10,0.192,1,91,1,0,645,75,8.6,31,24.67,3.29,3.91,1072,0.0433,0.234,11,0.0,0.000421,0
acc_258,8,0.437,1,1,0,0,6,403,0.015,4,1.04,0.15,0.11,2,0.1979,0.786,24,0.0072,0.002509,1
acc_259,11,0.795,0,5,0,0,142,940,0.151,0,1.7,0.21,0.97,165,0.0134,0.625,17,0.0074,0.001081,1
acc_260,4,0.109,1,137,1,1,89,205,0.434,49,78.58,10.1,0.17,345,0.9964,0.27,9,0.0,0.000476,0
acc_261,5,0.073,1,23,1,0,39,94,0.415,58,34.84,5.3,1.39,1481,1.0,0.05,4,0.0,3.5e-05,0
acc_262,12,0.141,1,54,0,1,86,154,0.558,38,45.17,9.01,0.38,2566,0.63,0.293,11,0.0,0.000416,0
acc_263,11,0.002,1,78,0,0,101,415,0.243,56,65.85,5.91,6.38,926,0.7105,0.139,17,0.0,0.004282,0
acc_264,12,0.168,1,61,1,0,515,54,9.537,34,14.93,4.57,1.4,2620,0.0379,0.182,10,0.0,0.00317,0
acc_265,5,0.023,1,26,0,1,302,51,5.922,29,8.38,5.64,3.07,2788,0.0464,0.146,11,0.0,0.000547,0
acc_266,5,0.156,0,132,0,1,710,336,2.113,49,22.69,4.11,0.12,2955,0.0377,0.303,13,0.0128,0.001849,0
acc_267,8,0.1,1,98,0,1,166,480,0.346,51,13.61,14.65,12.88,1623,0.1702,0.223,7,0.0476,0.000185,0
acc_268,4,0.193,1,140,0,1,2065,217,9.516,45,6.5,3.88,3.81,1616,0.005,0.072,15,0.0286,0.000606,0
acc_269,16,0.371,1,10,1,1,26,1135,0.023,1,11.42,0.42,0.52,14,0.4552,0.747,33,0.0019,0.001978,1
acc_270,14,0.316,0,3,0,0,4,516,0.008,1,1.74,0.02,0.08,70,0.4402,0.861,19,0.0117,0.001168,1
acc_271,10,0.577,1,7,0,1,131,245,0.535,3,0.4,0.96,0.24,130,0.0104,0.444,16,0.0083,0.000731,1
acc_272,9,0.113,1,37,0,0,83,219,0.379,42,1.66,0.06,7.63,599,0.0207,0.097,10,0.0,0.000413,0
acc_273,16,0.708,1,5,0,1,15,1907,0.008,2,0.18,0.15,0.62,57,0.0222,0.891,20,0.0,0.000899,1
acc_274,5,0.057,1,22,1,0,66,341,0.194,41,0.91,1.67,4.88,2902,0.0391,0.181,11,0.0182,0.000509,0
acc_275,13,0.091,0,34,1,0,89,30,2.967,53,39.76,1.99,0.92,439,0.4691,0.231,9,0.0,0.000177,0
acc_276,14,0.145,0,79,1,1,113,66,1.712,51,38.86,1.53,1.44,1874,0.3575,0.266,8,0.0357,9.2e-05,0
acc_277,5,0.051,0,130,0,1,6,40,0.15,42,34.27,4.24,0.22,1394,1.0,0.156,3,0.3333,1.1e-05,0
acc_278,4,0.108,1,63,0,1,198,230,0.861,46,7.83,2.13,0.69,1369,0.0503,0.208,8,0.0357,0.000336,0
acc_279,4,0.041,1,73,0,1,25,1046,0.024,32,60.16,3.81,5.35,570,1.0,0.324,26,0.0031,0.001776,0
acc_280,12,0.061,1,24,1,0,320,50,6.4,43,74.77,2.11,1.03,925,0.2402,0.053,11,0.0,0.001385,0
acc_281,12,0.063,1,123,0,0,274,393,0.697,46,17.13,4.17,0.14,345,0.0777,0.274,35,0.005,0.006404,0
acc_282,17,0.575,1,14,0,1,24,2519,0.01,3,0.16,0.37,0.33,103,0.0219,0.753,14,0.0,0.000282,1
acc_283,16,0.5,0,2,0,0,15,1500,0.01,0,9.68,0.04,0.79,92,0.6481,0.646,18,0.0065,0.002854,1
acc_284,14,0.134,1,24,0,0,684,48,14.25,36,18.52,4.17,3.74,595,0.0332,0.061,8,0.0,0.000569,0
acc_285,10,0.188,1,138,0,1,75,481,0.156,70,20.61,0.48,1.3,624,0.2813,0.158,15,0.0095,0.0005,0
acc_286,15,0.482,1,8,0,0,117,2974,0.039,4,0.16,0.35,0.77,102,0.0044,0.665,24,0.0036,0.001143,1
acc_287,5,0.176,1,33,0,0,144,161,0.894,40,19.09,9.02,12.16,1873,0.1952,0.056,8,0.0,0.000139,0
acc_288,13,0.103,1,130,0,0,720,79,9.114,47,20.75,1.48,1.98,2496,0.0309,0.285,11,0.0,0.000439,0
acc_289,10,0.449,1,14,0,0,16,502,0.032,0,0.64,0.07,0.3,153,0.0443,0.76,17,0.0147,0.002204,1
acc_290,17,0.473,1,7,0,1,70,438,0.16,1,3.66,0.18,0.51,163,0.0548,0.661,12,0.0303,0.00032,1
acc_291,10,0.06,1,147,1,0,88,44,2.0,47,47.85,0.96,0.03,2352,0.5546,0.207,21,0.0048,0.004995,0
acc_292,9,0.012,1,30,0,0,145,376,0.386,40,42.73,2.4,0.32,2018,0.3113,0.131,6,0.0,0.000267,0
acc_293,4,0.174,1,92,0,1,867,276,3.141,43,9.35,2.62,2.41,1383,0.0138,0.18,15,0.0,0.000602,0
acc_294,14,0.188,1,75,0,0,3982,31,128.452,44,46.18,4.63,5.37,877,0.0128,0.233,6,0.0,5.3e-05,0
acc_295,17,0.485,0,6,0,1,67,1987,0.034,2,3.8,0.08,0.14,77,0.0579,0.622,22,0.0043,0.000601,1
acc_296,9,0.027,1,12,0,0,3551,35,101.457,43,56.54,3.71,0.66,1197,0.017,0.109,21,0.0048,0.00264,0
acc_297,13,0.154,1,25,1,0,16,120,0.133,50,61.37,3.62,4.74,776,1.0,0.085,13,0.0128,0.001284,0
acc_298,12,0.006,1,132,1,1,638,73,8.74,42,2.3,2.02,9.96,1865,0.0068,0.171,4,0.0,0.000106,0
acc_299,17,0.508,0,9,0,1,1,489,0.002,2,1.53,0.52,0.05,48,1.0,0.453,19,0.0058,0.001974,1
acc_300,10,0.391,1,3,0,1,42,723,0.058,3,0.04,0.49,0.06,93,0.0126,0.497,14,0.011,0.001254,1
acc_301,11,0.625,0,2,0,1,16,415,0.039,1,0.2,0.0,0.08,83,0.0126,0.512,27,0.0028,0.002175,1
acc_302,13,0.058,1,80,0,0,417,68,6.132,36,15.12,5.67,2.62,2307,0.0499,0.07,8,0.0,0.00228,0
acc_303,9,0.001,1,22,0,1,556,135,4.119,44,58.28,15.85,7.83,592,0.1333,0.217,13,0.0,0.001076,0
acc_304,4,0.073,1,131,1,1,127,75,1.693,42,30.5,14.83,4.3,942,0.3569,0.208,27,0.0028,0.003442,0
acc_305,11,0.09,1,102,0,0,392,119,3.294,35,0.19,1.59,3.24,1525,0.0045,0.174,15,0.0095,0.00097,0
acc_306,9,0.137,1,46,0,1,47,885,0.053,53,138.77,3.8,4.73,2795,1.0,0.199,14,0.0,0.000633,0
acc_307,14,0.152,0,117,0,1,134,1706,0.079,52,59.15,2.73,0.43,867,0.4618,0.099,9,0.0278,0.00194,0
acc_308,15,0.511,0,0,0,0,1,1226,0.001,2,4.67,0.33,1.14,85,1.0,0.885,20,0.0211,0.002271,1
acc_309,5,0.157,1,46,1,1,1812,520,3.485,51,43.17,0.97,0.12,841,0.0244,0.104,15,0.0,0.000643,0
acc_310,6,0.152,1,96,0,0,272,102,2.667,43,70.59,5.49,5.85,526,0.2797,0.082,15,0.0095,0.004859,0
acc_311,12,0.139,1,119,1,0,1177,412,2.857,46,4.12,0.78,1.68,2080,0.0042,0.22,14,0.0,0.000968,0
acc_312,7,0.188,1,123,1,1,546,217,2.516,35,114.74,7.19,2.02,1017,0.2233,0.154,16,0.0,0.000763,0
acc_313,12,0.106,1,98,1,1,1628,365,4.46,53,2.27,2.59,3.51,2946,0.003,0.211,9,0.0,0.000611,0
acc_314,5,0.078,1,36,0,0,46,46,1.0,47,61.95,3.31,3.33,1807,1.0,0.15,25,0.0133,0.001546,0
acc_315,16,0.535,1,12,0,1,62,1441,0.043,5,5.36,0.26,0.39,157,0.0907,0.505,22,0.013,0.003676,1
acc_316,10,0.085,1,47,0,0,158,302,0.523,37,16.63,2.56,2.99,2253,0.1215,0.053,24,0.0,0.002512,0
acc_317,14,0.157,1,132,1,0,170,105,1.619,47,69.43,13.03,0.85,566,0.485,0.15,6,0.0667,0.002585,0
acc_318,14,0.134,1,36,0,1,48,107,0.449,49,68.48,0.5,4.62,2362,1.0,0.319,12,0.0152,0.000832,0
acc_319,4,0.139,1,65,1,0,143,238,0.601,50,49.79,3.04,3.05,2472,0.3694,0.126,17,0.0,0.000728,0
acc_320,10,0.062,1,124,0,0,136,26,5.231,38,42.72,0.36,3.15,2216,0.3167,0.097,12,0.0,0.000763,0
acc_321,9,0.098,1,33,1,1,172,176,0.977,45,7.0,6.65,0.44,936,0.0793,0.332,7,0.0,0.000185,0
acc_322,14,0.058,1,97,0,0,94,25,3.76,41,125.43,0.67,3.97,1104,1.0,0.085,13,0.0,0.000564,0
acc_323,9,0.194,1,60,1,1,57,475,0.12,57,65.52,2.41,1.66,2776,1.0,0.178,18,0.0,0.002627,0
acc_324,17,0.544,1,10,0,1,50,2122,0.024,0,1.63,0.46,0.39,175,0.0419,0.488,25,0.01,0.001345,1
acc_325,11,0.778,1,0,0,1,81,1061,0.076,3,0.98,0.03,1.23,107,0.0125,0.724,21,0.0048,0.001139,1
acc_326,8,0.033,1,24,0,0,708,44,16.091,43,40.3,6.28,1.04,2141,0.0658,0.196,12,0.0152,0.000909,0
acc_327,12,0.524,0,8,0,0,15,1778,0.008,0,2.26,0.06,0.21,156,0.1547,0.535,12,0.0303,0.000174,1
acc_328,6,0.063,1,58,1,0,584,276,2.116,46,5.48,5.34,2.76,2158,0.0185,0.053,11,0.0,0.001189,0
acc_329,14,0.106,1,127,0,0,2094,145,14.441,45,2.9,2.68,0.5,2826,0.0027,0.323,24,0.0,0.001373,0
acc_330,4,0.114,1,81,1,1,4392,177,24.814,35,30.56,17.09,3.04,1775,0.0109,0.231,5,0.0,3.8e-05,0
acc_331,16,0.731,0,2,0,0,112,825,0.136,6,0.95,0.16,0.4,185,0.0099,0.648,18,0.0131,0.000862,1
acc_332,11,0.088,1,69,0,1,66,148,0.446,44,79.55,2.01,9.19,2933,1.0,0.18,15,0.0,0.00125,0
acc_333,13,0.304,1,2,0,1,61,356,0.171,3,1.38,0.07,0.03,31,0.0238,0.472,21,0.0,0.003494,1
acc_334,19,0.374,0,6,0,1,9,945,0.01,2,0.18,0.08,0.1,44,0.0286,0.412,26,0.0,0.003574,1
acc_335,8,0.432,0,9,0,1,3,2158,0.001,2,1.98,0.46,0.52,108,0.8118,0.652,9,0.0,0.000224,1
acc_336,18,0.732,1,10,0,1,17,1072,0.016,4,4.3,0.21,0.19,149,0.2649,0.75,11,0.0,0.000635,1
acc_337,19,0.494,1,11,0,1,12,1056,0.011,1,3.28,0.21,1.9,73,0.2915,0.891,18,0.0131,0.000773,1
acc_338,5,0.016,1,120,0,0,107,134,0.799,45,5.67,0.44,0.4,1717,0.0571,0.274,9,0.0,0.000385,0
acc_339,13,0.689,1,5,1,0,19,388,0.049,1,2.23,0.22,1.14,154,0.1288,0.695,13,0.0256,0.001074,1
acc_340,8,0.158,1,55,0,1,234,497,0.471,49,4.12,1.31,4.43,1425,0.0232,0.307,11,0.0,0.000591,0
acc_341,13,0.033,1,56,0,0,143,186,0.769,48,2.08,0.61,3.78,359,0.0188,0.147,10,0.0222,0.001047,0
acc_342,15,0.368,0,0,0,1,33,531,0.062,1,2.8,0.1,0.12,169,0.0877,0.42,20,0.0105,0.00219,1
acc_343,10,0.08,1,87,1,0,302,114,2.649,41,9.46,3.95,1.08,2443,0.0444,0.072,8,0.0714,0.00042,0
acc_344,9,0.027,1,41,0,0,83,42,1.976,43,25.08,11.5,0.13,1706,0.4407,0.138,6,0.0667,0.000305,0
acc_345,11,0.184,0,125,0,1,189,117,1.615,48,26.1,2.75,0.47,2315,0.1526,0.195,14,0.011,0.000778,0
acc_346,11,0.043,1,103,0,1,371,404,0.918,43,36.65,1.72,7.47,866,0.1034,0.08,8,0.0,0.000498,0
acc_347,10,0.185,1,68,1,1,416,96,4.333,56,15.41,0.03,0.19,1420,0.0371,0.143,15,0.0,0.000589,0
acc_348,11,0.037,1,104,1,0,269,1895,0.142,45,6.02,1.65,0.06,1637,0.0285,0.232,6,0.0,0.000207,0
acc_349,14,0.174,1,149,0,1,761,308,2.471,54,3.06,2.64,2.17,659,0.0075,0.231,37,0.0015,0.005238,0
acc_350,6,0.022,1,68,1,1,366,48,7.625,47,4.61,15.66,1.5,1306,0.0554,0.101,8,0.0,0.001882,0
acc_351,9,0.122,1,49,0,1,1351,74,18.257,63,13.21,6.65,0.93,1382,0.0147,0.284,3,0.0,0.000218,0
acc_352,19,0.578,0,13,0,0,41,531,0.077,3,3.84,0.09,0.37,107,0.0958,0.406,21,0.0,0.002028,1
acc_353,16,0.688,1,8,0,1,3,299,0.01,2,1.12,0.24,0.2,77,0.4551,0.722,14,0.011,0.001009,1
acc_354,14,0.152,1,83,0,0,72,652,0.11,47,7.97,1.66,1.94,963,0.1339,0.079,7,0.0476,0.000263,0
acc_355,12,0.383,1,12,0,0,2,430,0.005,4,0.35,0.04,0.71,120,0.1952,0.583,14,0.022,0.000525,1
acc_356,12,0.132,1,15,1,0,47,357,0.132,54,12.76,2.92,1.44,2423,0.3336,0.292,7,0.0476,0.000269,0
acc_357,14,0.363,0,3,0,1,89,684,0.13,1,3.74,0.4,0.12,158,0.0465,0.558,11,0.0,0.000155,1
acc_358,13,0.512,0,8,0,1,42,2648,0.016,3,0.76,0.26,1.5,146,0.0241,0.871,19,0.0117,0.004684,1
acc_359,10,0.044,1,48,1,1,762,362,2.105,38,11.31,10.66,1.36,626,0.0288,0.316,8,0.0,0.00087,0
acc_360,18,0.557,0,2,0,1,76,1352,0.056,2,1.27,0.12,0.7,58,0.0183,0.767,26,0.0062,0.003922,1
acc_361,16,0.5,1,2,0,1,3,735,0.004,3,0.18,0.83,0.24,120,0.3359,0.661,10,0.0444,0.000269,1
acc_362,6,0.025,1,11,1,1,167,8,20.875,40,56.82,1.09,0.13,2019,0.3468,0.219,12,0.0,0.001166,0
acc_363,6,0.129,1,56,1,0,646,199,3.246,43,18.81,3.68,3.71,2948,0.0348,0.123,13,0.0,0.002794,0
acc_364,12,0.645,1,9,0,1,54,511,0.106,2,0.44,0.98,0.36,152,0.0263,0.716,16,0.0167,0.00086,1
acc_365,11,0.071,1,134,1,1,458,47,9.745,52,13.01,4.27,0.71,2444,0.0377,0.248,8,0.0,0.000225,0
acc_366,12,0.578,0,13,0,1,160,1573,0.102,2,0.67,0.09,0.97,28,0.0048,0.785,21,0.0143,0.001059,1
acc_367,8,0.437,0,9,0,1,0,239,0.0,1,0.4,0.33,0.31,120,0.7342,0.764,13,0.0385,0.000854,1
acc_368,12,0.455,1,14,0,1,92,724,0.127,2,0.33,0.21,0.27,143,0.0059,0.621,20,0.0,0.001152,1
acc_369,11,0.095,1,119,0,1,404,577,0.7,32,0.83,1.6,2.31,2395,0.006,0.287,24,0.0036,0.003523,0
acc_370,13,0.118,1,65,1,0,24892,190,131.011,44,4.49,0.41,4.25,886,0.0002,0.27,12,0.0152,0.000375,0
acc_371,14,0.031,1,105,0,1,1242,51,24.353,49,23.74,9.86,2.02,1313,0.027,0.131,17,0.0,0.001667,0
acc_372,12,0.167,1,32,0,0,96,455,0.211,39,52.19,0.56,1.81,1134,0.5494,0.256,4,0.0,5.9e-05,0
acc_373,11,0.162,0,20,0,1,61,74,0.824,49,8.92,0.32,4.99,2359,0.1514,0.137,16,0.0083,0.001376,0
acc_374,11,0.056,1,89,0,1,135,189,0.714,53,33.04,6.87,1.55,2967,0.2956,0.289,4,0.0,0.000106,0
acc_375,5,0.115,1,78,1,1,233,26,8.962,53,48.25,0.6,0.87,708,0.2096,0.169,17,0.0,0.001124,0
acc_376,7,0.053,1,148,0,1,195,1830,0.107,42,33.52,2.76,13.58,2102,0.1861,0.105,4,0.0,0.000117,0
acc_377,8,0.789,1,1,0,1,59,1361,0.043,2,0.47,0.3,1.87,130,0.0131,0.748,27,0.0028,0.004109,1
acc_378,18,0.637,0,8,0,1,14,941,0.015,2,1.04,0.25,0.13,55,0.0922,0.501,14,0.0,0.000525,1
acc_379,8,0.158,1,117,0,1,205,133,1.541,46,1.8,0.29,4.87,1269,0.0102,0.292,4,0.0,0.00013,0
acc_380,13,0.116,1,51,0,1,212,123,1.724,49,73.15,1.42,0.04,1358,0.3517,0.346,6,0.0,0.000271,0
acc_381,10,0.075,1,16,1,0,4795,25,191.8,39,16.62,0.03,0.03,2084,0.0035,0.089,13,0.0,0.000496,0
acc_382,10,0.005,1,100,1,0,168,84,2.0,31,3.18,4.84,0.16,1850,0.0477,0.19,18,0.0065,0.002681,0
acc_383,6,0.154,1,143,0,1,4320,547,7.898,43,52.55,1.34,5.58,2029,0.0125,0.068,9,0.0556,0.000232,0
acc_384,12,0.711,0,8,0,1,15,886,0.017,1,0.32,0.18,0.24,191,0.0336,0.519,16,0.025,0.000946,1
acc_385,10,0.194,0,53,1,1,52,46,1.13,44,5.54,0.84,5.89,1612,0.1226,0.298,9,0.0,0.000189,0
acc_386,14,0.133,1,45,1,0,13,180,0.072,44,75.4,0.93,7.51,1923,1.0,0.244,7,0.0,0.001444,0
acc_387,14,0.74,0,12,0,1,8,206,0.039,1,0.17,0.0,0.28,53,0.0216,0.582,11,0.0182,0.000512,1
acc_388,11,0.322,0,5,0,1,43,388,0.111,0,1.25,0.29,0.05,54,0.0357,0.678,11,0.0,0.000356,1
acc_389,4,0.076,1,16,0,0,104,169,0.615,62,12.72,6.92,0.74,701,0.1888,0.243,13,0.0128,0.000636,0
acc_390,5,0.106,1,22,1,1,120,184,0.652,44,3.47,17.99,8.93,1261,0.1789,0.33,12,0.0,0.000451,0
acc_391,6,0.045,0,84,1,1,274,95,2.884,38,14.97,2.53,1.22,1394,0.0639,0.168,5,0.1,5.4e-05,0
acc_392,10,0.007,1,49,0,1,47,50,0.94,58,36.0,1.29,2.12,493,0.7934,0.3,23,0.0,0.003359,0
acc_393,15,0.591,0,13,0,1,48,1973,0.024,3,0.13,0.02,0.24,150,0.003,0.757,17,0.0221,0.001311,1
acc_394,8,0.426,0,13,0,1,7,315,0.022,3,0.88,0.47,0.36,168,0.1927,0.512,19,0.0117,0.000929,1
acc_395,5,0.079,1,119,1,0,258,361,0.715,51,23.58,1.77,5.28,2103,0.0983,0.198,14,0.0,0.002259,0
acc_396,13,0.031,1,54,0,1,423,332,1.274,58,7.39,2.33,0.22,1891,0.023,0.325,3,0.0,0.000114,0
acc_397,8,0.077,1,90,0,0,459,63,7.286,35,11.8,0.89,8.26,1920,0.0276,0.231,13,0.0,0.00341,0
acc_398,11,0.004,1,26,1,0,48,152,0.316,43,152.45,1.53,2.28,2303,1.0,0.125,12,0.0,0.000686,0
acc_399,13,0.14,1,48,1,1,30,220,0.136,40,12.76,5.46,0.15,2031,0.6072,0.168,16,0.0,0.000676,0
acc_400,10,0.528,1,12,0,1,27,321,0.084,3,2.56,0.02,1.23,124,0.0956,0.677,19,0.0,0.001065,1
acc_401,13,0.092,1,140,0,0,367,69,5.319,41,8.11,9.22,2.22,2022,0.0472,0.21,9,0.0278,0.000489,0
acc_402,15,0.403,0,3,0,1,21,351,0.06,0,1.2,0.13,0.4,18,0.0633,0.509,19,0.0117,0.000943,1
acc_403,4,0.052,1,110,0,1,316,77,4.104,51,25.59,6.04,0.91,1912,0.1001,0.34,15,0.0095,0.000888,0
acc_404,11,0.111,1,69,0,0,131,356,0.368,53,45.39,2.85,2.92,1590,0.3682,0.241,5,0.0,0.000433,0
acc_405,11,0.085,1,89,1,0,1099,591,1.86,57,36.49,1.67,4.54,2678,0.0347,0.116,10,0.0,0.000386,0
acc_406,6,0.049,1,25,1,1,1258,347,3.625,42,1.6,5.63,0.93,2811,0.0058,0.28,15,0.0,0.002769,0
acc_407,18,0.436,0,7,0,1,38,4464,0.009,2,1.0,0.36,1.39,92,0.0356,0.448,20,0.0158,0.001819,1
acc_408,16,0.345,0,0,0,0,36,212,0.17,2,5.2,0.31,0.27,164,0.1531,0.518,19,0.0,0.00253,1
acc_409,12,0.04,1,34,1,1,66,161,0.41,52,52.57,12.6,3.58,269,0.9873,0.159,7,0.0476,0.000179,0
acc_410,11,0.624,1,4,0,0,34,1454,0.023,3,1.05,0.68,0.09,106,0.0509,0.858,24,0.0036,0.004492,1
acc_411,7,0.003,1,95,0,1,139,576,0.241,52,54.62,6.75,0.27,1898,0.4415,0.227,15,0.0,0.000539,0
acc_412,5,0.009,1,149,0,1,83,143,0.58,46,5.89,7.56,2.21,1180,0.1621,0.25,13,0.0128,0.000481,0
acc_413,17,0.646,0,13,0,0,16,1370,0.012,2,0.38,0.09,0.34,186,0.0293,0.789,21,0.0048,0.001712,1
acc_414,15,0.577,0,1,0,1,12,1201,0.01,1,0.4,0.24,0.12,140,0.0533,0.442,17,0.0147,0.000684,1
acc_415,5,0.16,1,25,1,1,451,103,4.379,50,22.46,2.12,7.98,211,0.0545,0.167,14,0.0,0.000323,0
acc_416,17,0.755,1,13,0,1,119,281,0.423,3,0.48,0.01,0.28,160,0.0041,0.672,14,0.0,0.000791,1
acc_417,4,0.121,1,100,0,0,183,107,1.71,35,39.57,8.3,4.15,1540,0.2616,0.11,7,0.0,0.000152,0
acc_418,11,0.167,1,88,0,0,225,351,0.641,46,26.45,1.75,4.79,555,0.1253,0.155,13,0.0128,0.000791,0
acc_419,13,0.145,1,50,0,1,111,2238,0.05,46,29.17,5.03,0.35,2544,0.3081,0.141,16,0.0,0.001317,0
acc_420,5,0.013,1,139,1,1,213,501,0.425,43,33.5,0.53,2.6,1626,0.1598,0.144,7,0.0,0.000112,0
acc_421,10,0.191,1,56,0,1,19,85,0.224,44,4.66,7.8,6.83,997,0.6556,0.181,8,0.0,0.000172,0
acc_422,11,0.137,1,123,0,1,1039,138,7.529,50,76.03,5.22,7.89,1470,0.0782,0.237,19,0.0058,0.004351,0
acc_423,15,0.303,0,4,1,1,69,2403,0.029,1,0.07,0.36,0.16,150,0.0063,0.535,22,0.0043,0.001446,1
acc_424,4,0.195,1,35,0,1,484,25,19.36,35,5.31,1.02,2.45,2555,0.0131,0.191,16,0.0,0.001016,0
acc_425,11,0.074,0,60,1,1,798,135,5.911,43,22.69,2.37,4.48,1109,0.0314,0.324,8,0.0,0.000507,0
acc_426,12,0.429,0,4,0,1,30,423,0.071,5,0.18,0.12,0.07,162,0.0102,0.621,11,0.0,0.000316,1
acc_427,6,0.052,1,89,0,1,125,147,0.85,47,18.87,5.66,0.77,1499,0.1963,0.144,7,0.0,0.000136,0
acc_428,12,0.196,1,83,0,0,334,26,12.846,47,18.35,0.95,1.98,674,0.0578,0.128,10,0.0,0.002206,0
acc_429,16,0.638,1,13,0,0,60,742,0.081,0,0.38,0.03,0.47,160,0.0068,0.879,23,0.0079,0.001185,1
acc_430,19,0.31,0,6,0,0,98,325,0.302,1,2.08,0.17,0.11,184,0.0229,0.712,18,0.0131,0.005712,1
acc_431,7,0.025,1,97,1,1,130,156,0.833,44,17.74,3.92,4.54,1135,0.1666,0.316,15,0.0,0.001216,0
acc_432,11,0.172,1,27,0,0,2,23,0.087,46,15.96,2.28,0.42,999,1.0,0.293,8,0.0357,0.002898,0
acc_433,5,0.095,1,132,0,1,49,17,2.882,54,0.75,1.03,1.94,1922,0.0364,0.308,9,0.0,0.000258,0
acc_434,5,0.138,1,47,1,1,11,80,0.138,42,23.9,7.57,6.23,2322,1.0,0.177,8,0.0,0.000427,0
acc_435,5,0.004,1,17,0,0,53,320,0.166,49,8.33,7.62,1.67,2983,0.3009,0.112,7,0.0,0.000136,0
acc_436,14,0.129,1,58,0,0,753,172,4.378,51,13.24,3.12,0.29,285,0.0217,0.268,8,0.0,0.000325,0
acc_437,11,0.175,1,126,0,1,112,261,0.429,40,14.05,7.88,1.93,2671,0.1958,0.224,9,0.0,0.000351,0
acc_438,10,0.474,0,8,0,1,12,716,0.017,1,6.82,0.05,0.77,13,0.5728,0.82,21,0.0,0.000985,1
acc_439,5,0.14,1,53,0,1,254,124,2.048,45,3.07,4.58,3.42,1172,0.0301,0.264,14,0.011,0.004045,0
acc_440,14,0.165,0,110,0,0,14,59,0.237,44,3.25,10.22,1.96,807,0.9617,0.065,15,0.0,0.00059,0
acc_441,12,0.48,0,9,1,1,69,1080,0.064,2,6.23,0.33,0.03,159,0.095,0.404,31,0.0065,0.003314,1
acc_442,9,0.097,1,45,0,0,732,61,12.0,52,16.06,0.32,3.75,1500,0.0224,0.322,11,0.0,0.000499,0
acc_443,13,0.083,1,57,0,1,23,2060,0.011,39,7.41,3.22,0.88,2817,0.4622,0.177,19,0.0,0.000862,0
acc_444,9,0.04,1,99,1,0,24,228,0.105,47,14.21,0.15,0.48,972,0.5984,0.125,15,0.0,0.000524,0
acc_445,9,0.156,1,39,0,1,431,69,6.246,55,23.44,10.49,2.21,245,0.0787,0.209,6,0.0,0.000175,0
acc_446,4,0.138,1,34,0,1,85,115,0.739,48,76.55,12.65,6.07,2305,1.0,0.164,10,0.0444,0.000522,0
acc_447,12,0.069,1,133,0,1,44,186,0.237,36,35.08,0.22,0.84,1318,0.8023,0.283,10,0.0,0.000522,0
acc_448,8,0.728,1,5,1,1,10,311,0.032,6,0.11,0.41,0.35,24,0.0516,0.612,17,0.0,0.001333,1
acc_449,15,0.546,0,11,0,1,51,602,0.085,2,0.39,0.6,0.41,109,0.0194,0.436,20,0.0105,0.000642,1
acc_450,7,0.188,1,139,0,0,496,1265,0.392,40,47.93,0.92,1.04,2960,0.0985,0.147,23,0.0,0.002025,0
acc_451,14,0.169,1,77,0,0,139,1320,0.105,56,11.85,2.78,1.83,2115,0.1052,0.329,11,0.0,0.000723,0
acc_452,14,0.171,1,145,0,0,509,171,2.977,30,32.09,1.34,6.37,1937,0.0657,0.137,8,0.0714,0.001602,0
acc_453,13,0.485,0,8,0,1,1,213,0.005,3,0.22,0.02,0.29,175,0.234,0.82,21,0.0048,0.003435,1
acc_454,12,0.026,1,99,0,0,13,122,0.107,40,51.36,1.12,0.15,2413,1.0,0.301,9,0.0,0.000306,0
acc_455,19,0.614,0,9,0,1,45,1192,0.038,2,1.24,0.28,0.78,68,0.0337,0.413,16,0.0,0.000657,1
acc_456,12,0.106,1,82,0,0,2682,165,16.255,40,28.42,1.58,1.75,1428,0.0112,0.198,7,0.1429,0.001196,0
acc_457,11,0.112,1,35,1,1,284,129,2.202,54,43.82,8.09,0.13,2799,0.1828,0.278,14,0.0,0.001097,0
acc_458,5,0.011,1,30,0,0,75,2204,0.034,35,46.87,5.83,7.07,950,0.7027,0.248,8,0.0,0.000169,0
acc_459,12,0.733,0,12,0,1,31,308,0.101,1,0.95,0.37,0.01,96,0.0426,0.567,21,0.0,0.001035,1
acc_460,15,0.779,0,5,0,1,37,828,0.045,1,0.58,0.13,0.31,98,0.0191,0.577,22,0.0,0.001735,1
acc_461,12,0.436,0,11,1,0,86,621,0.138,4,0.16,0.68,0.81,6,0.0097,0.682,12,0.0152,0.000569,1
acc_462,8,0.082,1,143,0,0,505,55,9.182,31,8.28,11.89,1.23,741,0.0399,0.171,3,0.0,6.2e-05,0
acc_463,5,0.083,1,63,1,1,2027,187,10.84,37,17.27,2.86,7.94,1751,0.0099,0.323,12,0.0,0.001271,0
acc_464,5,0.035,1,99,1,1,279,201,1.388,53,8.18,2.98,2.43,947,0.04,0.172,8,0.0,0.000216,0
acc_465,8,0.136,1,114,1,1,107,245,0.437,43,10.36,3.01,1.03,969,0.125,0.317,10,0.0222,0.000829,0
acc_466,6,0.092,1,132,0,1,6607,136,48.581,38,11.24,5.25,5.36,1581,0.0025,0.064,5,0.0,9e-05,0
acc_467,8,0.102,1,36,0,0,707,53,13.34,35,8.47,0.92,0.6,271,0.0133,0.313,8,0.0714,0.000274,0
acc_468,7,0.113,1,34,0,0,178,63,2.825,39,12.91,19.26,0.12,1909,0.1808,0.117,7,0.0,0.000104,0
acc_469,10,0.176,1,64,1,0,179,39,4.59,34,34.47,3.09,3.26,1691,0.2098,0.248,4,0.0,2.5e-05,0
acc_470,10,0.057,1,98,1,0,77,79,0.975,49,24.9,8.75,3.55,2517,0.437,0.1,8,0.0,0.000286,0
acc_471,14,0.091,1,80,0,1,536,602,0.89,42,52.39,2.67,0.76,1880,0.1027,0.168,8,0.0,0.000303,0
acc_472,18,0.689,0,7,0,1,0,1626,0.0,1,0.61,0.38,0.19,157,0.991,0.542,16,0.0167,0.001205,1
acc_473,4,0.129,1,28,0,1,211,85,2.482,49,55.52,3.99,2.66,2041,0.282,0.195,6,0.0,0.0001,0
acc_474,14,0.2,1,142,0,0,955,64,14.922,51,111.83,2.79,7.47,638,0.12,0.158,4,0.0,5e-05,0
acc_475,9,0.017,1,93,1,1,6,217,0.028,42,38.98,0.87,3.34,1385,1.0,0.155,16,0.0,0.000643,0
acc_476,8,0.019,1,79,0,1,2261,416,5.435,32,12.53,3.1,4.5,2110,0.0069,0.277,6,0.0,0.000431,0
acc_477,6,0.051,1,105,1,1,161,38,4.237,45,108.26,0.55,3.59,1655,0.6758,0.153,7,0.0,0.000112,0
acc_478,16,0.353,1,14,0,1,14,765,0.018,5,1.27,0.61,0.17,148,0.1346,0.466,18,0.0065,0.000691,1
acc_479,14,0.745,1,13,0,1,97,288,0.337,1,0.22,0.43,0.36,19,0.0067,0.703,18,0.0196,0.001011,1
acc_480,5,0.092,1,26,0,1,116,82,1.415,48,22.37,5.19,21.92,2047,0.2376,0.273,5,0.0,6.8e-05,0
acc_481,8,0.061,1,53,0,1,208,66,3.152,46,8.28,3.6,4.23,1323,0.0571,0.135,17,0.0074,0.000685,0
acc_482,5,0.146,1,107,1,0,61,209,0.292,32,4.79,1.5,2.17,348,0.1031,0.211,22,0.0,0.001028,0
acc_483,7,0.131,1,14,0,1,173,41,4.22,52,10.25,3.87,2.3,2749,0.0816,0.199,12,0.0,0.000562,0
acc_484,5,0.129,1,11,0,0,497,93,5.344,43,72.21,7.97,1.39,2651,0.1613,0.283,11,0.0182,0.000221,0
acc_485,10,0.011,1,115,0,0,89,47,1.894,42,140.0,1.72,0.91,1427,1.0,0.117,6,0.0,0.000254,0
acc_486,19,0.316,1,0,0,1,40,1733,0.023,2,0.87,0.67,0.09,186,0.0385,0.856,22,0.0,0.004193,1
acc_487,9,0.131,1,90,1,0,1158,343,3.376,44,46.7,2.45,2.53,1852,0.0424,0.218,15,0.0,0.000559,0
acc_488,19,0.478,0,7,1,0,42,434,0.097,1,2.34,0.06,0.45,7,0.057,0.58,22,0.013,0.001667,1
acc_489,10,0.649,0,5,0,1,39,764,0.051,1,0.3,0.61,0.56,146,0.0234,0.578,12,0.0152,0.000808,1
acc_490,11,0.42,1,8,0,1,128,1087,0.118,4,4.75,0.2,0.31,130,0.0386,0.821,23,0.0119,0.001598,1
acc_491,12,0.019,1,72,0,0,85,126,0.675,34,34.84,3.02,0.21,2791,0.4454,0.128,6,0.0,0.000171,0
acc_492,15,0.771,0,8,0,1,26,346,0.075,0,0.29,0.32,0.81,127,0.0233,0.698,12,0.0152,0.000995,1
acc_493,7,0.084,1,43,1,1,285,18,15.833,46,84.9,1.84,0.14,2754,0.3044,0.209,15,0.0095,0.000732,0
acc_494,11,0.574,1,12,0,1,19,584,0.033,4,1.2,0.31,1.53,105,0.0794,0.767,14,0.011,0.000858,1
acc_495,6,0.107,1,119,1,1,377,237,1.591,42,3.85,6.23,2.28,2045,0.0267,0.319,14,0.0,0.000737,0
acc_496,18,0.405,0,4,0,0,84,613,0.137,2,6.27,0.14,0.52,179,0.0763,0.409,21,0.0048,0.002494,1
acc_497,12,0.718,0,9,0,1,100,1285,0.078,4,2.16,0.14,0.77,70,0.023,0.871,14,0.0,0.000793,1
acc_498,4,0.041,1,64,1,0,790,101,7.822,53,32.91,1.83,1.61,2434,0.044,0.104,7,0.0,0.000374,0
acc_499,5,0.133,1,96,0,1,92,467,0.197,46,8.19,2.66,0.27,450,0.118,0.237,10,0.0222,0.000117,0
acc_500,10,0.189,1,51,0,1,257,169,1.521,55,30.68,4.45,13.87,546,0.1367,0.211,4,0.1667,3.2e-05,0
acc_501,13,0.057,1,117,0,0,52,236,0.22,46,53.58,1.44,2.15,591,1.0,0.167,4,0.0,0.000144,0
acc_502,8,0.678,1,14,0,0,6,2139,0.003,2,0.64,0.54,0.17,113,0.1973,0.616,11,0.0182,0.000476,1
acc_503,8,0.085,1,12,0,0,320,169,1.893,43,42.45,11.44,0.93,2850,0.1684,0.168,5,0.0,8.8e-05,0
acc_504,14,0.122,1,54,0,0,968,161,6.012,44,9.19,8.29,0.56,2438,0.0181,0.251,8,0.0,0.000343,0
acc_505,13,0.537,0,13,0,1,176,3463,0.051,1,4.62,0.25,0.23,136,0.0277,0.537,20,0.0,0.002495,1
acc_506,10,0.711,0,10,0,1,112,1097,0.102,2,0.32,0.03,0.41,112,0.0032,0.523,17,0.0074,0.00076,1
acc_507,18,0.45,0,14,0,1,3,327,0.009,3,0.11,0.29,0.02,52,0.1321,0.754,20,0.0105,0.001594,1
acc_508,9,0.181,1,126,1,0,237,112,2.116,36,8.43,2.27,0.66,1446,0.0451,0.057,7,0.0,0.000116,0
acc_509,7,0.059,1,96,0,0,552,141,3.915,59,32.25,2.43,1.32,1284,0.0628,0.282,10,0.0,0.000595,0
acc_510,4,0.116,1,110,0,1,67,217,0.309,51,61.28,1.21,3.5,2103,0.9328,0.269,13,0.0,0.001084,0
acc_511,4,0.101,1,68,0,1,2587,161,16.068,51,4.29,2.3,5.54,1513,0.0026,0.267,4,0.0,6.8e-05,0
acc_512,13,0.001,1,100,1,0,489,660,0.741,51,49.72,1.86,0.84,217,0.1055,0.176,11,0.0,0.000335,0
acc_513,8,0.475,1,1,0,0,28,316,0.089,1,4.29,0.37,1.01,194,0.1664,0.613,18,0.0,0.001553,1
acc_514,8,0.49,0,9,0,1,2,1560,0.001,2,0.37,0.32,0.47,150,0.3446,0.717,17,0.0221,0.000596,1
acc_515,14,0.682,1,3,0,1,176,642,0.274,1,3.76,0.3,0.34,73,0.0231,0.653,15,0.0286,0.000485,1
acc_516,7,0.059,1,33,1,1,343,82,4.183,47,12.03,1.24,4.31,2004,0.0387,0.333,9,0.0,0.000542,0
acc_517,11,0.647,0,7,0,1,0,715,0.0,1,7.77,0.19,0.85,192,1.0,0.648,18,0.0,0.001483,1
acc_518,9,0.466,1,10,0,0,160,1002,0.16,3,1.0,0.53,0.16,87,0.0095,0.412,12,0.0,0.000471,1
acc_519,8,0.086,1,37,0,1,152,247,0.615,33,14.35,4.46,0.1,1162,0.1238,0.129,5,0.0,0.000182,0
acc_520,13,0.042,1,125,0,1,2383,83,28.711,38,45.33,1.51,5.3,962,0.0197,0.175,5,0.0,9.8e-05,0
acc_521,8,0.115,1,61,0,1,271,173,1.566,51,14.95,13.43,2.02,1605,0.1047,0.131,29,0.0,0.002243,0
acc_522,12,0.454,1,11,0,1,21,292,0.072,4,5.35,0.13,0.25,110,0.2612,0.714,13,0.0128,0.000904,1
acc_523,10,0.161,1,122,0,1,1529,153,9.993,49,14.37,1.16,2.58,2147,0.0102,0.257,5,0.0,4.9e-05,0
acc_524,13,0.017,1,43,0,0,1361,38,35.816,46,14.49,2.41,0.32,2413,0.0124,0.194,13,0.0128,0.000852,0
acc_525,8,0.451,1,4,1,1,153,359,0.426,5,3.45,0.04,0.94,185,0.0228,0.569,17,0.0,0.000519,1
acc_526,13,0.017,0,52,0,0,71,146,0.486,50,20.52,0.36,1.01,2006,0.2942,0.088,5,0.0,5e-05,0
acc_527,5,0.114,1,39,0,0,268,821,0.326,40,69.59,2.98,2.25,1568,0.2708,0.146,8,0.0,0.002187,0
acc_528,4,0.162,1,84,0,0,555,46,12.065,43,104.82,6.55,1.42,2894,0.2007,0.241,8,0.0,0.000129,0
acc_529,6,0.033,0,108,1,0,195,138,1.413,56,28.09,1.28,0.2,2322,0.1506,0.231,10,0.0,0.000799,0
acc_530,13,0.152,1,25,1,1,546,209,2.612,41,33.29,3.91,1.97,1028,0.0681,0.087,13,0.0,0.000376,0
acc_531,15,0.711,0,10,1,0,24,797,0.03,2,0.96,0.21,1.51,93,0.0487,0.845,20,0.0,0.002916,1
acc_532,5,0.011,1,126,1,0,867,163,5.319,56,1.56,1.46,3.57,1924,0.0035,0.256,8,0.0357,0.000442,0
acc_533,8,0.742,1,8,1,0,12,496,0.024,2,0.36,0.08,0.35,84,0.0367,0.541,18,0.0,0.000636,1
acc_534,14,0.093,1,34,0,0,91,255,0.357,41,75.74,0.18,0.55,1222,0.8343,0.328,20,0.0,0.001363,0
acc_535,14,0.194,1,122,1,1,47,500,0.094,43,2.53,1.18,0.66,1942,0.079,0.085,3,0.0,4.4e-05,0
acc_536,9,0.504,0,0,0,0,36,1369,0.026,1,2.86,0.02,0.01,181,0.08,0.605,9,0.0,0.000206,1
acc_537,8,0.164,1,138,0,1,103,54,1.907,44,43.15,3.91,3.1,1131,0.4569,0.329,6,0.0,7.2e-05,0
acc_538,14,0.154,1,92,1,0,1810,96,18.854,54,3.09,11.55,2.18,2506,0.0081,0.084,5,0.1,0.000253,0
acc_539,14,0.05,1,89,1,1,1576,158,9.975,63,0.65,8.13,0.65,1063,0.0056,0.214,16,0.0,0.000671,0
acc_540,13,0.077,1,22,0,1,779,503,1.549,46,35.91,6.82,0.02,1217,0.0549,0.27,5,0.0,0.000261,0
acc_541,14,0.094,1,120,0,1,64,56,1.143,48,30.19,3.0,0.52,2711,0.5186,0.261,9,0.0278,0.002866,0
acc_542,9,0.193,1,17,1,0,1130,75,15.067,46,19.69,3.53,7.21,362,0.0205,0.295,3,0.3333,6e-05,0
acc_543,8,0.026,1,31,0,0,542,292,1.856,56,3.69,3.55,4.52,2757,0.0134,0.128,8,0.0,0.000948,0
acc_544,11,0.002,1,111,0,0,1384,34,40.706,42,107.87,9.31,4.69,715,0.0847,0.21,12,0.0,0.000332,0
acc_545,14,0.158,1,10,0,1,259,125,2.072,43,34.28,6.99,8.28,578,0.1593,0.132,8,0.0357,0.000194,0
acc_546,5,0.171,1,13,0,0,113,206,0.549,40,28.76,2.03,3.37,1666,0.2725,0.183,24,0.0,0.001859,0
acc_547,12,0.1,1,140,0,1,509,377,1.35,48,3.53,2.06,9.46,2815,0.011,0.269,11,0.0,0.000633,0
acc_548,8,0.02,1,84,0,1,560,92,6.087,52,3.63,15.53,1.05,1117,0.0342,0.185,8,0.0,0.000429,0
acc_549,15,0.728,0,1,0,1,4,341,0.012,1,3.14,0.16,0.05,110,0.826,0.858,13,0.0128,0.000562,1
acc_550,14,0.048,1,61,0,0,167,75,2.227,36,40.31,0.08,0.38,1768,0.2418,0.3,5,0.0,1.6e-05,0
acc_551,7,0.066,1,105,0,0,222,138,1.609,47,55.14,3.16,1.65,2443,0.2626,0.127,10,0.0,0.000336,0
acc_552,13,0.049,1,104,0,1,283,133,2.128,44,22.08,1.29,0.46,251,0.0826,0.081,4,0.0,0.000101,0
acc_553,18,0.354,0,11,1,1,26,215,0.121,0,2.31,0.55,0.61,118,0.1098,0.889,18,0.0065,0.001249,1
acc_554,11,0.193,1,39,0,0,370,297,1.246,49,3.94,0.54,7.04,1447,0.0121,0.185,8,0.0357,0.001343,0
acc_555,10,0.358,1,13,1,1,11,983,0.011,0,3.62,0.06,0.04,40,0.3347,0.753,13,0.0128,0.000181,1
acc_556,8,0.195,1,12,1,0,1688,58,29.103,39,12.11,6.17,4.19,394,0.0108,0.112,12,0.0,0.000381,0
acc_557,5,0.129,1,140,1,1,150,114,1.316,48,80.29,5.19,2.14,1121,0.5699,0.293,6,0.0,5.7e-05,0
acc_558,4,0.045,0,31,1,1,2703,399,6.774,57,14.09,15.13,5.97,1029,0.0108,0.07,8,0.0,0.000213,0
acc_559,9,0.03,1,21,1,1,2920,77,37.922,46,7.88,6.59,0.17,1364,0.005,0.22,6,0.0,0.000123,0
acc_560,13,0.051,1,15,1,0,549,224,2.451,42,80.57,0.2,1.29,709,0.1471,0.129,8,0.0,0.000334,0
acc_561,4,0.023,1,88,1,1,108,26,4.154,38,44.9,1.25,5.15,1836,0.4273,0.121,7,0.0476,0.000219,0
acc_562,13,0.095,1,55,1,0,4519,49,92.224,57,158.08,4.44,1.87,2133,0.036,0.239,5,0.0,8.8e-05,0
acc_563,12,0.055,1,132,1,0,83,188,0.441,47,52.14,0.94,1.81,2989,0.6395,0.337,7,0.0,8.7e-05,0
acc_564,15,0.365,0,0,0,1,3,1500,0.002,1,1.47,0.46,0.91,10,0.6411,0.588,19,0.0,0.000668,1
acc_565,4,0.189,1,55,0,1,415,265,1.566,46,15.9,8.46,0.12,2844,0.0587,0.249,6,0.0,0.000237,0
acc_566,6,0.078,1,138,0,0,287,391,0.734,43,43.83,4.85,2.86,871,0.1696,0.068,5,0.0,0.000173,0
acc_567,8,0.119,1,31,0,0,1443,118,12.229,37,39.83,1.52,4.72,1808,0.0287,0.248,20,0.0053,0.001312,0
acc_568,8,0.014,0,146,0,0,525,38,13.816,44,40.15,0.43,1.19,2929,0.0773,0.101,6,0.0,0.00016,0
acc_569,9,0.039,1,76,0,0,27,117,0.231,53,9.13,0.77,1.17,1548,0.3668,0.192,7,0.0476,0.000109,0
acc_570,7,0.154,1,26,1,0,83,219,0.379,54,3.01,3.84,0.03,1138,0.0824,0.25,17,0.0,0.001649,0
acc_571,4,0.043,1,42,0,0,1414,1740,0.813,43,3.68,6.0,1.39,2548,0.0068,0.101,13,0.0,0.000428,0
acc_572,5,0.13,1,35,0,1,66,502,0.131,43,32.2,4.45,1.48,2278,0.5554,0.115,5,0.0,9e-05,0
acc_573,6,0.043,1,13,0,1,55,32,1.719,55,34.3,8.8,0.71,2754,0.7837,0.197,11,0.0,0.000769,0
acc_574,9,0.515,1,4,1,1,21,986,0.021,2,6.37,0.06,0.64,136,0.3062,0.81,21,0.0,0.000498,1
acc_575,10,0.07,1,110,0,0,75,14,5.357,32,30.22,4.82,3.19,1936,0.4673,0.234,18,0.0131,0.003983,0
acc_576,11,0.364,0,0,0,0,10,755,0.013,1,2.16,0.12,0.21,161,0.2273,0.832,18,0.0065,0.000846,1
acc_577,5,0.162,1,110,0,0,812,222,3.658,40,26.96,0.95,5.0,1341,0.0344,0.094,14,0.0,0.000535,0
acc_578,11,0.157,1,136,0,0,375,102,3.676,43,108.12,7.57,9.08,2679,0.3085,0.135,9,0.0,0.000188,0
acc_579,12,0.15,1,106,1,0,152,185,0.822,40,21.03,0.06,5.21,2583,0.1388,0.338,6,0.0667,0.000196,0
acc_580,15,0.571,1,0,0,1,87,557,0.156,1,1.53,0.08,0.68,35,0.0185,0.719,19,0.0,0.001742,1
acc_581,14,0.054,1,51,0,1,172,212,0.811,66,3.73,0.48,2.55,228,0.0245,0.257,6,0.0,0.000104,0
acc_582,16,0.65,1,7,0,1,89,691,0.129,2,8.53,0.02,1.09,10,0.0961,0.408,13,0.0128,0.000856,1
acc_583,7,0.191,1,143,0,0,50,154,0.325,47,30.09,7.0,0.13,2667,0.7417,0.143,7,0.0,0.000114,0
acc_584,5,0.158,1,117,1,0,141,86,1.64,44,11.93,0.76,4.31,1643,0.09,0.243,4,0.0,3.8e-05,0
acc_585,6,0.059,1,127,0,0,168,726,0.231,39,68.61,4.53,2.37,2524,0.4353,0.179,5,0.0,0.000142,0
acc_586,9,0.054,1,31,0,0,138,142,0.972,46,64.14,3.49,1.17,2027,0.4901,0.112,4,0.0,9.4e-05,0
acc_587,5,0.019,1,29,1,1,1849,189,9.783,48,141.56,4.38,9.41,2662,0.0789,0.171,6,0.0,0.000115,0
acc_588,10,0.795,0,4,0,1,76,259,0.293,4,4.53,0.1,1.24,172,0.0609,0.406,12,0.0,0.000285,1
acc_589,8,0.123,1,50,0,1,28,32,0.875,38,66.26,0.2,6.6,1336,1.0,0.235,7,0.0,0.000179,0
acc_590,9,0.051,1,102,0,0,675,11,61.364,41,30.47,6.15,1.04,1286,0.0542,0.284,14,0.011,0.000619,0
acc_591,14,0.639,1,11,0,1,16,2047,0.008,0,2.15,0.24,0.34,72,0.1496,0.461,20,0.0,0.001355,1
acc_592,12,0.074,1,28,0,0,185,70,2.643,33,40.36,3.05,3.3,2128,0.2347,0.314,12,0.0,0.000483,0
acc_593,13,0.078,1,91,0,1,2370,18,131.667,46,22.61,2.55,1.48,2269,0.0106,0.166,4,0.0,4.7e-05,0
acc_594,6,0.121,1,31,1,0,451,115,3.922,48,5.09,0.68,2.99,2207,0.0128,0.243,4,0.0,3.6e-05,0
acc_595,16,0.77,0,9,0,0,32,931,0.034,0,0.68,0.12,0.41,84,0.0248,0.669,10,0.0,0.000463,1
acc_596,8,0.043,1,82,0,1,65,25,2.6,37,41.38,9.96,1.51,2540,0.7898,0.064,13,0.0,0.001059,0
acc_597,8,0.091,1,149,1,0,1577,179,8.81,40,38.69,4.26,1.77,1671,0.0272,0.082,5,0.0,0.000225,0
acc_598,18,0.679,0,0,0,1,40,582,0.069,3,4.29,0.05,0.13,163,0.1087,0.774,14,0.0,0.000429,1
acc_599,10,0.178,1,77,1,1,88,295,0.298,49,152.85,3.28,3.57,407,1.0,0.235,13,0.0,0.000904,0
acc_600,11,0.495,0,2,0,0,70,1223,0.057,1,0.4,0.48,0.31,46,0.0125,0.603,16,0.0083,0.000908,1
acc_601,10,0.132,1,115,1,1,257,74,3.473,34,33.23,0.76,0.06,540,0.1322,0.259,14,0.0,0.000516,0
acc_602,10,0.667,0,0,0,1,12,517,0.023,1,0.6,0.19,0.13,85,0.0657,0.862,12,0.0,0.000355,1
acc_603,14,0.001,0,134,1,0,947,2637,0.359,34,0.69,0.47,5.01,532,0.0012,0.102,9,0.0278,0.000238,0
acc_604,10,0.145,1,61,1,1,12,187,0.064,50,27.4,2.27,0.97,2054,1.0,0.238,8,0.0714,0.000202,0
acc_605,4,0.062,1,80,0,1,125,420,0.298,38,46.17,3.81,0.69,555,0.3998,0.254,12,0.0,0.000309,0
acc_606,12,0.368,0,4,0,1,59,649,0.091,3,1.84,0.2,0.11,118,0.0346,0.812,25,0.0033,0.001487,1
acc_607,14,0.076,1,67,0,0,169,167,1.012,39,22.98,3.63,1.02,293,0.1574,0.08,5,0.0,0.000183,0
acc_608,7,0.011,0,45,0,1,50,89,0.562,43,8.41,1.38,5.78,1602,0.1957,0.109,12,0.0152,0.000965,0
acc_609,13,0.03,1,118,0,1,1811,18,100.611,39,112.42,2.45,2.22,1670,0.0634,0.187,5,0.0,0.000255,0
acc_610,10,0.525,0,0,0,1,38,741,0.051,2,0.85,0.12,0.42,199,0.0257,0.712,19,0.0,0.001064,1
acc_611,14,0.131,1,70,1,0,488,12,40.667,51,6.89,3.52,3.28,2254,0.0213,0.315,9,0.0,0.000217,0
acc_612,4,0.034,1,52,0,1,503,1081,0.465,39,56.99,3.22,2.01,452,0.1197,0.075,14,0.0,0.001393,0
acc_613,17,0.34,1,13,0,1,36,346,0.104,2,1.36,0.62,1.09,138,0.0551,0.569,15,0.0095,0.000739,1
acc_614,10,0.172,1,146,1,1,1311,201,6.522,53,17.16,3.8,0.17,1424,0.016,0.311,7,0.0,0.002731,0
acc_615,9,0.142,1,71,0,0,784,9,87.111,48,21.06,6.8,2.29,2405,0.0355,0.072,12,0.0,0.000628,0
acc_616,9,0.073,1,134,1,1,553,414,1.336,39,61.91,4.76,2.57,2107,0.1206,0.076,9,0.0,0.000244,0
acc_617,11,0.316,0,11,0,1,61,3097,0.02,3,0.06,0.52,0.11,46,0.0095,0.468,21,0.0048,0.001656,1
acc_618,14,0.513,1,12,1,1,6,1820,0.003,0,2.0,0.38,0.09,21,0.3977,0.418,18,0.0,0.000827,1
acc_619,10,0.447,1,2,0,0,126,537,0.235,2,1.25,0.01,1.2,91,0.01,0.816,14,0.0,0.000576,1
acc_620,6,0.184,1,28,1,1,140,131,1.069,68,103.24,1.84,0.03,457,0.7506,0.344,11,0.0,0.000567,0
acc_621,14,0.124,1,41,1,1,899,221,4.068,46,132.31,3.49,6.05,2334,0.1511,0.218,3,0.0,6.3e-05,0
acc_622,11,0.574,0,11,0,1,5,1110,0.005,1,0.71,0.12,0.15,99,0.1658,0.669,19,0.0175,0.001631,1
acc_623,7,0.145,1,13,0,1,2846,56,50.821,38,139.33,2.92,7.88,2738,0.05,0.22,5,0.0,8.7e-05,0
acc_624,6,0.116,0,117,0,0,117,333,0.351,51,7.56,14.59,1.35,2885,0.1893,0.282,9,0.0,0.000191,0
acc_625,9,0.112,1,129,1,0,553,157,3.522,47,37.1,7.31,8.67,895,0.0803,0.107,6,0.0,0.000397,0
acc_626,13,0.097,1,134,0,0,47,99,0.475,42,3.93,9.49,18.16,2076,0.2856,0.114,16,0.0,0.000741,0
acc_627,11,0.01,1,123,0,0,640,385,1.662,48,83.91,13.96,0.57,705,0.1529,0.208,8,0.0357,0.003249,0
acc_628,6,0.018,1,147,0,0,512,156,3.282,39,1.55,0.27,2.41,2097,0.0036,0.057,8,0.0,0.000297,0
acc_629,9,0.733,0,11,0,1,10,960,0.01,4,4.33,0.02,1.53,65,0.4354,0.57,17,0.0074,0.001082,1
acc_630,18,0.356,1,9,0,1,71,443,0.16,0,0.0,0.13,0.14,134,0.0019,0.462,7,0.0,5.1e-05,1
acc_631,11,0.621,1,5,0,1,5,507,0.01,0,1.01,0.06,0.41,13,0.214,0.681,13,0.0,0.001229,1
acc_632,14,0.517,0,7,0,0,24,988,0.024,2,0.87,0.26,1.01,125,0.0467,0.568,8,0.0,0.000287,1
acc_633,9,0.047,1,47,1,0,67,35,1.914,43,2.96,1.52,10.17,2692,0.0669,0.154,10,0.0,0.00019,0
acc_634,8,0.071,1,10,0,0,35,185,0.189,48,3.13,0.98,5.58,1471,0.1173,0.074,8,0.0,0.000189,0
acc_635,9,0.531,0,2,1,1,59,418,0.141,0,4.09,0.0,0.25,68,0.0694,0.685,23,0.0079,0.000968,1
acc_636,17,0.355,0,5,0,0,64,386,0.166,2,0.97,0.4,1.39,189,0.0214,0.45,9,0.0,0.000216,1
acc_637,4,0.08,1,134,0,1,2414,130,18.569,44,12.16,0.95,0.93,1706,0.0054,0.154,5,0.0,0.000557,0
acc_638,11,0.026,0,119,0,1,544,767,0.709,62,46.97,12.76,5.95,1199,0.1098,0.243,5,0.0,0.00011,0
acc_639,12,0.028,1,140,0,0,96,844,0.114,53,2.34,3.88,0.8,1281,0.0648,0.291,9,0.0,8.4e-05,0
acc_640,11,0.176,1,60,0,0,80,544,0.147,34,8.4,3.08,5.41,1378,0.1435,0.129,5,0.0,6e-05,0
acc_641,7,0.108,1,71,0,0,42,124,0.339,48,3.82,0.88,1.96,2272,0.1118,0.27,5,0.0,9.1e-05,0
acc_642,12,0.056,1,51,0,0,64,44,1.455,62,13.05,2.85,5.96,1184,0.2485,0.318,3,0.0,0.000131,0
acc_643,11,0.156,1,15,0,1,219,121,1.81,49,20.06,3.11,0.66,643,0.1058,0.159,7,0.0476,0.000191,0
acc_644,5,0.052,1,61,0,0,57,307,0.186,51,9.14,2.61,1.56,2229,0.2061,0.06,6,0.0,0.000201,0
acc_645,11,0.033,1,128,1,0,256,127,2.016,44,80.36,14.02,3.02,1624,0.3687,0.151,7,0.0,0.00041,0
acc_646,5,0.032,1,111,0,0,907,544,1.667,50,18.14,3.23,8.34,572,0.0236,0.215,6,0.0,9.5e-05,0
acc_647,5,0.074,1,21,1,1,129,16,8.062,40,36.65,8.58,0.61,1071,0.3506,0.086,13,0.0,0.000381,0
acc_648,11,0.319,0,5,0,1,35,1169,0.03,2,2.62,0.1,0.63,117,0.0777,0.785,15,0.0,0.000978,1
acc_649,5,0.041,1,147,0,1,310,23,13.478,43,14.28,6.03,5.8,2300,0.0655,0.168,11,0.0182,0.00078,0
acc_650,5,0.15,1,41,1,1,192,555,0.346,51,0.13,1.17,2.04,1410,0.0068,0.07,13,0.0,0.000535,0
acc_651,13,0.31,0,3,0,1,1,253,0.004,2,0.47,0.18,0.03,162,0.6443,0.621,25,0.0067,0.005087,1
acc_652,14,0.119,1,112,0,0,337,121,2.785,46,55.2,0.14,12.15,2817,0.1642,0.224,10,0.0,0.000325,0
acc_653,4,0.198,1,55,0,0,219,286,0.766,48,71.84,0.14,1.55,1849,0.3286,0.078,5,0.1,3.8e-05,0
acc_654,12,0.764,1,7,0,0,2,303,0.007,4,1.37,0.87,0.69,149,1.0,0.503,16,0.0,0.000896,1
acc_655,12,0.11,1,28,1,1,1192,417,2.859,36,2.15,1.53,14.18,919,0.0031,0.089,6,0.1333,0.000103,0
acc_656,13,0.197,1,90,0,1,125,354,0.353,44,1.89,8.8,0.74,1251,0.0855,0.216,8,0.0357,0.000279,0
acc_657,10,0.75,0,4,0,1,12,1499,0.008,1,2.85,0.03,0.36,153,0.2395,0.578,15,0.0095,0.000512,1
acc_658,13,0.458,0,6,0,0,30,2650,0.011,1,0.06,0.81,0.37,87,0.0291,0.728,14,0.011,0.00106,1
acc_659,19,0.457,0,11,0,1,108,640,0.169,3,4.72,0.05,0.01,38,0.0442,0.518,11,0.0364,0.000346,1
acc_660,19,0.76,1,8,0,1,46,556,0.083,0,2.04,0.25,0.06,102,0.0499,0.646,16,0.0,0.001421,1
acc_661,8,0.374,0,2,0,1,108,483,0.224,6,0.58,0.04,0.08,106,0.0057,0.823,14,0.0,0.000488,1
acc_662,9,0.175,1,71,0,0,202,131,1.542,37,37.91,7.53,4.18,1933,0.225,0.117,8,0.0,0.0002,0
acc_663,18,0.556,0,14,0,1,47,1216,0.039,3,0.55,0.0,0.41,73,0.0118,0.673,19,0.0,0.000953,1
acc_664,11,0.072,1,57,0,1,111,87,1.276,45,10.28,0.3,4.1,1601,0.0953,0.349,5,0.0,0.000185,0
acc_665,12,0.018,1,95,0,0,209,396,0.528,45,6.92,3.41,12.38,290,0.0494,0.196,6,0.0,0.00028,0
acc_666,16,0.524,0,14,0,1,4,2547,0.002,1,0.28,0.88,0.62,139,0.288,0.65,16,0.0083,0.000445,1
acc_667,10,0.151,1,96,1,0,162,287,0.564,41,13.34,0.96,7.09,1555,0.0883,0.189,4,0.0,7.4e-05,0
acc_668,8,0.044,1,109,0,0,621,59,10.525,48,90.84,3.27,0.86,2820,0.1515,0.267,7,0.0,0.000204,0
acc_669,13,0.755,1,13,0,1,76,837,0.091,4,3.94,0.04,0.2,98,0.0524,0.538,15,0.0,0.001322,1
acc_670,6,0.153,1,51,0,0,135,235,0.574,44,23.0,0.23,11.41,2077,0.1721,0.197,9,0.0,0.000158,0
acc_671,12,0.544,0,11,0,1,84,1369,0.061,5,2.39,1.62,0.01,182,0.0478,0.549,19,0.0117,0.000535,1
acc_672,14,0.411,1,4,1,1,2,1652,0.001,2,1.9,0.07,0.15,118,0.9834,0.854,24,0.0181,0.002237,1
acc_673,9,0.597,1,5,0,1,24,1964,0.012,1,1.5,0.1,1.2,66,0.0665,0.556,21,0.0048,0.002656,1
acc_674,12,0.118,1,37,0,0,1906,41,46.488,59,2.13,3.08,0.46,1430,0.0027,0.06,12,0.0152,0.00064,0
acc_675,10,0.001,1,90,1,0,88,303,0.29,52,5.09,6.91,7.65,2392,0.1364,0.225,4,0.1667,5.7e-05,0
acc_676,13,0.082,1,50,1,0,267,429,0.622,43,12.34,1.46,6.48,1450,0.0517,0.149,5,0.0,0.000224,0
acc_677,8,0.003,1,137,0,1,937,37,25.324,54,2.41,2.9,1.27,1843,0.0057,0.134,6,0.0,0.000163,0
acc_678,6,0.097,1,17,0,1,558,53,10.528,41,28.18,4.77,2.72,1315,0.059,0.132,16,0.0,0.001099,0
acc_679,5,0.025,1,59,1,1,11,200,0.055,57,67.86,1.05,5.67,1129,1.0,0.109,8,0.0,0.000481,0
acc_680,7,0.022,1,141,0,0,166,70,2.371,50,18.81,13.38,3.98,1823,0.1939,0.299,11,0.0182,0.00041,0
acc_681,13,0.312,1,8,0,1,47,362,0.13,4,0.65,0.03,0.12,197,0.0145,0.771,14,0.0,0.000346,1
acc_682,14,0.514,0,0,1,1,4,299,0.013,1,4.98,0.41,0.2,89,1.0,0.575,16,0.0083,0.002231,1
acc_683,10,0.072,1,99,0,1,37,163,0.227,46,79.11,6.24,0.65,2953,1.0,0.233,9,0.0,0.000115,0
acc_684,14,0.152,1,57,1,1,1027,470,2.185,53,37.73,3.42,0.09,1113,0.0401,0.107,12,0.0303,0.000875,0
acc_685,7,0.015,1,77,1,0,1622,82,19.78,33,36.94,2.67,4.69,2689,0.0244,0.056,10,0.0,0.000807,0
acc_686,14,0.598,0,2,1,1,66,1147,0.058,1,1.71,0.26,1.52,26,0.0297,0.475,11,0.0182,0.000619,1
acc_687,9,0.055,1,70,0,0,4952,66,75.03,45,2.82,0.85,1.16,948,0.0007,0.281,7,0.0,0.001698,0
acc_688,8,0.082,1,110,0,0,1226,180,6.811,52,95.13,0.47,3.02,600,0.078,0.056,7,0.0476,0.000159,0
acc_689,11,0.053,1,106,0,0,235,496,0.474,52,146.26,5.89,10.14,1840,0.6475,0.185,9,0.0278,0.000168,0
acc_690,10,0.151,1,97,0,0,307,29,10.586,40,32.72,0.0,4.91,2727,0.1066,0.146,7,0.0,0.000245,0
acc_691,7,0.065,1,74,1,1,111,85,1.306,44,11.58,0.08,2.34,1807,0.105,0.293,4,0.0,3e-05,0
acc_692,8,0.51,1,11,0,1,60,3003,0.02,2,3.51,0.05,0.21,196,0.0593,0.548,11,0.0,0.000753,1
acc_693,8,0.058,1,23,0,0,74,123,0.602,58,48.48,0.3,1.89,473,0.6592,0.059,5,0.2,0.001933,0
acc_694,14,0.025,1,109,1,1,99,209,0.474,48,1.02,2.14,1.71,2555,0.032,0.278,10,0.0222,0.000496,0
acc_695,9,0.063,1,143,1,1,263,31,8.484,45,2.17,14.43,1.88,2438,0.0631,0.312,10,0.0,0.003077,0
acc_696,15,0.352,1,9,0,1,46,1777,0.026,0,0.23,0.03,0.62,145,0.0056,0.849,8,0.0357,0.00011,1
acc_697,9,0.536,0,9,0,0,6,1551,0.004,4,1.47,0.53,0.02,55,0.3335,0.447,22,0.0,0.001224,1
acc_698,14,0.196,1,147,0,0,458,142,3.225,41,19.07,0.25,2.02,1374,0.0422,0.263,11,0.0,0.000187,0
acc_699,18,0.335,0,13,0,1,12,327,0.037,2,0.88,0.09,0.15,179,0.0806,0.863,17,0.0074,0.000571,1
acc_700,12,0.008,1,111,1,1,56,160,0.35,46,68.26,3.2,1.59,302,1.0,0.182,5,0.0,0.000219,0
acc_701,6,0.129,1,92,0,0,362,82,4.415,39,92.38,14.9,8.39,2493,0.2964,0.301,5,0.0,0.000282,0
acc_702,9,0.035,1,15,0,1,135,687,0.197,53,61.44,6.8,7.43,1703,0.5054,0.29,7,0.0,0.000278,0
acc_703,13,0.03,1,96,1,0,73,311,0.235,42,0.99,1.95,4.41,1983,0.0403,0.157,10,0.0,0.000358,0
acc_704,4,0.138,1,120,0,1,824,174,4.736,48,38.55,2.39,3.51,2562,0.0497,0.308,5,0.0,0.00012,0
acc_705,10,0.141,1,96,0,1,617,265,2.328,49,36.72,0.35,0.6,674,0.0601,0.199,7,0.0,0.000258,0
acc_706,11,0.161,1,146,0,1,1660,106,15.66,49,1.75,8.41,0.25,2343,0.0061,0.057,24,0.0,0.00101,0
acc_707,9,0.485,1,13,1,1,23,481,0.048,1,0.28,0.04,0.14,195,0.0139,0.881,18,0.0,0.00106,1
acc_708,10,0.092,0,17,0,0,161,111,1.45,29,19.28,0.82,1.36,1538,0.1249,0.281,4,0.0,0.000134,0
acc_709,9,0.018,1,78,0,0,401,473,0.848,45,6.65,1.19,4.24,402,0.0196,0.339,11,0.0182,0.000671,0
acc_710,10,0.19,1,116,1,0,444,370,1.2,41,96.02,3.53,1.06,2210,0.2242,0.152,3,0.0,4.8e-05,0
acc_711,12,0.185,1,50,1,1,362,553,0.655,35,32.57,16.42,0.83,2292,0.1353,0.32,3,0.0,4e-05,0
acc_712,9,0.695,0,4,0,0,4,1111,0.004,2,1.88,0.18,0.03,112,0.5146,0.767,16,0.0,0.000866,1
acc_713,13,0.166,1,144,1,0,100,198,0.505,43,42.95,0.16,2.37,1792,0.4312,0.198,3,0.0,2.2e-05,0
acc_714,5,0.179,0,124,1,0,176,43,4.093,42,56.99,8.7,0.86,2611,0.3733,0.299,8,0.0,0.000258,0
acc_715,9,0.08,1,112,0,0,4644,156,29.769,38,26.58,2.12,2.76,1095,0.0062,0.272,6,0.0667,0.00023,0
acc_716,9,0.073,1,39,0,1,46,50,0.92,56,8.47,8.8,15.04,413,0.3753,0.213,4,0.1667,0.000187,0
acc_717,19,0.495,0,1,0,0,27,1904,0.014,2,2.23,1.29,1.21,57,0.1305,0.818,11,0.0,0.000222,1
acc_718,12,0.464,1,5,0,0,62,596,0.104,2,1.2,0.41,1.16,31,0.026,0.428,20,0.0053,0.002715,1
acc_719,12,0.138,1,144,0,1,533,177,3.011,50,9.2,2.0,0.56,1940,0.021,0.096,8,0.0357,0.000305,0
acc_720,11,0.191,1,127,1,1,238,34,7.0,42,15.66,7.0,1.81,1447,0.0952,0.182,7,0.0,0.000294,0
acc_721,8,0.33,0,0,0,1,13,1028,0.013,3,1.28,0.56,0.2,101,0.1418,0.74,14,0.011,0.000446,1
acc_722,18,0.583,1,3,1,1,53,3491,0.015,3,1.03,0.18,0.94,95,0.0229,0.634,16,0.0083,0.000669,1
acc_723,12,0.069,1,149,1,0,20,42,0.476,49,19.87,0.62,0.55,1172,1.0,0.092,6,0.0,8.6e-05,0
acc_724,5,0.036,1,148,1,1,1003,117,8.573,47,73.07,4.52,3.22,1646,0.0774,0.347,10,0.0,0.002749,0
acc_725,11,0.198,1,93,1,0,109,27,4.037,45,116.56,3.46,2.22,797,1.0,0.302,8,0.0357,0.000187,0
acc_726,9,0.719,0,3,1,0,23,1402,0.016,3,4.39,0.19,0.36,190,0.1991,0.817,13,0.0,0.000372,1
acc_727,18,0.628,0,5,0,0,59,938,0.063,1,1.05,0.36,0.51,24,0.0239,0.409,13,0.0,0.000353,1
acc_728,5,0.075,1,127,0,1,1105,224,4.933,46,27.36,1.86,3.59,513,0.0264,0.253,5,0.0,0.000179,0
acc_729,7,0.103,1,146,1,0,57,165,0.345,46,28.18,4.18,1.48,965,0.5679,0.313,13,0.0,0.000905,0
acc_730,7,0.125,1,123,0,0,125,618,0.202,54,0.79,5.05,0.35,2369,0.0467,0.33,10,0.0,0.000141,0
acc_731,14,0.473,1,10,0,1,8,598,0.013,3,0.67,0.04,1.27,72,0.0885,0.897,15,0.019,0.000681,1
acc_732,13,0.117,1,103,1,0,29,1850,0.016,40,18.39,0.22,2.4,2429,0.6415,0.21,11,0.0,0.000337,0
acc_733,8,0.747,0,6,0,1,21,572,0.037,2,0.33,0.03,0.38,114,0.0174,0.885,17,0.0074,0.001786,1
acc_734,8,0.032,1,48,0,1,41,164,0.25,35,14.41,4.27,7.78,311,0.4555,0.084,4,0.1667,0.000115,0
acc_735,11,0.184,1,28,0,1,93,79,1.177,45,20.28,5.91,2.18,259,0.2817,0.278,10,0.0,0.000206,0
acc_736,12,0.313,0,8,0,1,25,3248,0.008,3,0.51,0.23,1.44,63,0.0296,0.657,20,0.0,0.001002,1
acc_737,16,0.669,0,14,0,1,160,2978,0.054,2,0.97,0.86,1.1,81,0.0115,0.444,12,0.0152,0.000449,1
acc_738,8,0.062,1,72,0,0,34,185,0.184,56,7.34,3.84,4.53,1349,0.3288,0.119,8,0.0,0.000191,0
acc_739,8,0.445,1,12,0,1,5,308,0.016,0,11.08,0.15,1.18,168,1.0,0.581,17,0.0074,0.000572,1
acc_740,6,0.044,1,130,0,0,94,32,2.938,36,41.27,3.98,4.89,356,0.4814,0.185,5,0.0,3.8e-05,0
acc_741,12,0.705,0,12,0,1,133,1268,0.105,4,1.0,0.34,1.11,16,0.0101,0.894,15,0.0,0.00072,1
acc_742,14,0.119,1,130,1,1,202,36,5.611,53,40.26,3.55,5.54,2902,0.2169,0.167,5,0.0,6.8e-05,0
acc_743,8,0.138,1,58,0,0,44,105,0.419,43,46.93,5.95,2.8,1735,1.0,0.329,7,0.0,0.000175,0
acc_744,11,0.119,1,13,0,1,79,146,0.541,54,7.97,1.32,2.49,1071,0.1176,0.195,7,0.0,0.000179,0
acc_745,6,0.038,1,27,0,1,102,125,0.816,42,36.92,0.12,1.04,887,0.3631,0.133,3,0.0,0.000142,0
acc_746,12,0.335,0,14,0,1,19,1418,0.013,2,1.42,0.34,0.44,37,0.0926,0.433,11,0.0,0.000282,1
acc_747,14,0.556,0,13,0,0,14,813,0.017,4,4.88,0.54,0.58,144,0.3867,0.78,23,0.0198,0.001816,1
acc_748,10,0.411,1,14,0,1,125,773,0.162,2,0.08,0.17,0.56,85,0.002,0.836,27,0.0,0.001721,1
acc_749,8,0.027,1,87,0,0,559,128,4.367,47,24.41,7.94,3.34,301,0.0579,0.231,5,0.0,3.9e-05,0
acc_750,4,0.178,1,145,0,0,2147,1345,1.596,39,47.3,1.2,1.27,1361,0.0226,0.162,9,0.0,0.00027,0
acc_751,4,0.168,1,16,0,1,8474,43,197.07,38,205.4,3.34,0.14,1405,0.0246,0.255,4,0.1667,3.9e-05,0
acc_752,11,0.031,1,25,0,0,119,80,1.488,40,24.54,0.91,0.21,2726,0.2138,0.13,7,0.0,0.0003,0
acc_753,7,0.006,1,84,1,1,71,632,0.112,35,13.19,1.27,3.11,2237,0.2036,0.16,6,0.0,0.00027,0
acc_754,12,0.081,1,83,1,1,117,14,8.357,54,26.77,0.08,0.52,496,0.2295,0.107,8,0.0,0.000117,0
acc_755,10,0.591,0,0,0,1,30,996,0.03,1,2.72,0.06,0.02,144,0.0924,0.735,13,0.0128,0.000391,1
acc_756,5,0.088,0,124,0,1,495,85,5.824,50,23.39,1.82,1.41,778,0.0509,0.073,13,0.0,0.000842,0
acc_757,10,0.045,1,43,0,0,2000,53,37.736,44,4.44,1.12,0.32,1943,0.0028,0.091,11,0.0,0.000778,0
acc_758,5,0.114,1,44,0,1,56,143,0.392,53,3.64,20.09,1.53,205,0.4238,0.294,6,0.0667,0.001101,0
acc_759,13,0.177,1,122,0,1,419,190,2.205,52,78.68,0.24,2.73,2560,0.1883,0.173,12,0.0,0.002195,0
acc_760,14,0.103,1,122,1,1,582,58,10.034,50,79.78,13.57,1.35,1792,0.1604,0.249,5,0.0,0.000145,0
acc_761,18,0.435,1,1,0,0,127,267,0.476,2,0.12,0.14,0.04,169,0.0021,0.825,14,0.0,0.000691,1
acc_762,4,0.075,1,50,1,0,35,274,0.128,42,26.37,2.39,2.04,197,0.8215,0.193,7,0.0,8.1e-05,0
acc_763,6,0.009,1,59,0,0,243,165,1.473,57,11.07,5.84,2.48,1740,0.0696,0.103,10,0.0222,0.000343,0
acc_764,6,0.104,1,75,0,0,660,379,1.741,29,28.77,1.56,5.2,1804,0.046,0.317,13,0.0128,0.000642,0
acc_765,15,0.756,0,5,0,0,0,618,0.0,1,1.91,1.6,0.1,89,1.0,0.444,18,0.0,0.003125,1
acc_766,18,0.568,1,12,0,1,11,477,0.023,1,3.6,0.31,0.26,9,0.3552,0.88,16,0.0083,0.000932,1
acc_767,11,0.194,1,87,0,1,625,182,3.434,44,21.43,1.89,2.59,1219,0.0373,0.055,4,0.0,0.000282,0
acc_768,6,0.109,1,24,0,0,110,326,0.337,51,1.18,2.91,0.66,1940,0.0372,0.233,12,0.0152,0.000789,0
acc_769,5,0.134,1,146,0,0,4122,146,28.233,41,2.68,5.36,4.76,605,0.002,0.169,6,0.0,5.4e-05,0
acc_770,9,0.072,1,130,1,1,143,54,2.648,38,33.44,1.88,1.5,980,0.247,0.211,9,0.0,0.000702,0
acc_771,8,0.501,0,8,1,1,89,1156,0.077,4,1.96,0.15,2.28,144,0.0237,0.716,16,0.0083,0.000535,1
acc_772,12,0.076,1,57,0,0,41,179,0.229,46,11.94,5.37,0.09,2561,0.4221,0.277,9,0.0,0.000229,0
acc_773,16,0.543,1,9,0,1,12,844,0.014,1,7.48,0.2,0.03,181,0.64,0.693,17,0.0147,0.000793,1
acc_774,12,0.093,1,146,0,0,85,140,0.607,49,11.14,0.01,3.82,1963,0.1313,0.057,10,0.0,0.000133,0
acc_775,10,0.113,1,75,0,0,80,221,0.362,46,34.36,2.88,2.29,2122,0.4654,0.065,7,0.0,0.000163,0
acc_776,16,0.586,1,2,0,1,30,203,0.148,1,1.96,0.34,0.33,144,0.0767,0.728,27,0.0,0.002359,1
acc_777,17,0.512,1,3,0,1,19,210,0.09,3,0.58,0.19,1.14,33,0.0405,0.661,20,0.0053,0.000868,1
acc_778,12,0.372,0,3,0,1,81,803,0.101,2,3.73,0.07,1.35,161,0.0468,0.618,12,0.0,0.000508,1
acc_779,13,0.036,1,144,0,1,1024,49,20.898,50,17.91,2.64,1.32,2373,0.0201,0.287,7,0.0,0.00019,0
acc_780,4,0.043,1,125,1,0,327,83,3.94,56,1.47,8.49,0.21,2504,0.0304,0.184,7,0.0,0.000173,0
acc_781,4,0.073,1,89,0,1,261,43,6.07,47,14.58,2.52,1.12,2557,0.0655,0.053,7,0.0,0.00026,0
acc_782,14,0.113,1,127,0,1,102,82,1.244,49,16.56,9.6,4.67,1728,0.2565,0.242,3,0.0,2e-05,0
acc_783,10,0.073,1,25,1,0,498,560,0.889,32,3.01,5.33,2.37,1518,0.0167,0.252,13,0.0,0.00038,0
acc_784,5,0.018,1,128,1,1,384,202,1.901,33,40.67,2.76,0.63,231,0.1131,0.172,9,0.0,0.000275,0
acc_785,10,0.092,1,134,0,0,64,615,0.104,58,65.1,5.81,1.43,2801,1.0,0.286,8,0.0,0.000107,0
acc_786,9,0.058,1,18,0,1,22,189,0.116,52,166.52,6.78,3.69,2536,1.0,0.304,10,0.0,0.000175,0
acc_787,10,0.695,0,1,0,1,36,273,0.132,2,0.61,0.7,0.17,64,0.0364,0.86,13,0.0,0.000345,1
acc_788,11,0.119,1,119,0,1,706,481,1.468,48,0.79,6.62,2.03,576,0.0105,0.28,5,0.0,0.000228,0
acc_789,8,0.514,1,10,1,1,126,2106,0.06,1,3.2,0.07,0.16,46,0.026,0.461,12,0.0,0.000352,1
acc_790,6,0.064,1,70,1,0,205,379,0.541,35,1.78,2.77,0.87,2012,0.0222,0.169,5,0.0,0.000198,0
acc_791,8,0.127,1,106,0,0,1058,736,1.438,49,4.25,1.38,0.42,2740,0.0053,0.221,7,0.0,9.5e-05,0
acc_792,14,0.04,1,147,0,0,260,81,3.21,49,35.66,2.59,13.11,2666,0.1471,0.271,7,0.0,6.3e-05,0
acc_793,9,0.585,1,1,0,1,60,7796,0.008,3,2.63,0.19,0.2,122,0.0469,0.838,12,0.0,0.000791,1
acc_794,9,0.022,1,63,1,1,152,138,1.101,46,62.95,5.59,1.85,675,0.4509,0.249,4,0.1667,9.8e-05,0
acc_795,5,0.083,1,124,1,1,148,106,1.396,51,45.71,1.16,1.51,1719,0.3167,0.292,6,0.1333,0.002169,0
acc_796,8,0.488,0,2,0,1,29,1854,0.016,1,1.95,0.19,1.37,123,0.0736,0.601,17,0.0,0.000972,1
acc_797,4,0.105,1,48,0,1,176,266,0.662,52,0.13,5.7,4.3,2403,0.0331,0.229,20,0.0,0.006093,0
acc_798,6,0.024,1,44,0,1,739,41,18.024,41,32.51,0.52,2.39,1067,0.0447,0.199,8,0.0,0.0004,0
acc_799,18,0.649,0,9,0,0,28,633,0.044,0,1.78,0.24,0.04,73,0.0721,0.417,17,0.0,0.000775,1
acc_800,7,0.0,1,70,1,0,316,235,1.345,49,74.43,3.09,5.84,250,0.2453,0.194,3,0.0,4e-06,0
acc_801,4,0.115,0,35,0,0,127,14,9.071,47,1.39,5.56,8.94,2289,0.0547,0.104,6,0.0,0.000263,0
acc_802,7,0.141,1,36,1,0,1298,125,10.384,41,84.08,7.25,3.28,343,0.0704,0.186,8,0.0,0.000109,0
acc_803,10,0.021,1,33,1,1,208,379,0.549,48,21.18,0.35,4.43,525,0.1035,0.118,6,0.0,0.000123,0
acc_804,11,0.069,1,109,1,0,56,340,0.165,43,20.07,1.15,1.22,845,0.3791,0.127,5,0.0,0.000232,0
acc_805,10,0.16,1,132,1,0,856,199,4.302,49,36.63,3.86,5.16,2489,0.0473,0.185,10,0.0,0.000222,0
acc_806,5,0.005,1,21,1,1,142,111,1.279,49,39.84,4.99,8.22,925,0.3158,0.108,9,0.0,0.000208,0
acc_807,12,0.174,1,63,0,1,386,526,0.734,50,6.5,7.95,2.07,859,0.0374,0.257,10,0.0,0.000332,0
acc_808,10,0.583,1,12,0,1,3,395,0.008,2,0.71,0.01,0.02,193,0.2405,0.475,17,0.0074,0.000594,1
acc_809,13,0.111,1,112,0,0,447,123,3.634,43,55.82,0.39,0.6,2335,0.1258,0.29,5,0.1,0.000177,0
acc_810,14,0.322,0,10,0,0,52,812,0.064,2,0.02,0.02,0.13,147,0.0008,0.651,22,0.0043,0.002548,1
acc_811,4,0.036,1,26,0,0,218,135,1.615,42,31.43,2.66,4.03,1768,0.1564,0.169,10,0.0,0.000365,0
acc_812,9,0.362,0,8,0,1,23,986,0.023,1,0.11,0.29,0.14,33,0.0178,0.878,9,0.0278,0.000149,1
acc_813,10,0.151,1,111,0,0,71,129,0.55,47,1.35,1.37,1.6,754,0.0383,0.139,21,0.0095,0.000645,0
acc_814,12,0.172,1,105,0,0,1019,20,50.95,49,40.77,1.64,0.36,745,0.0416,0.128,7,0.0,0.000225,0
acc_815,9,0.027,0,119,0,0,140,73,1.918,39,3.08,0.95,0.25,2447,0.0288,0.068,3,0.0,4.1e-05,0
acc_816,13,0.143,1,103,0,0,90,355,0.254,41,9.5,3.51,1.47,2937,0.1446,0.203,10,0.0222,0.000381,0
acc_817,10,0.184,1,125,0,1,143,391,0.366,50,12.76,1.0,3.77,1136,0.0962,0.21,7,0.0476,0.000347,0
acc_818,6,0.015,1,103,0,1,251,129,1.946,49,82.38,0.02,0.0,722,0.3283,0.268,5,0.0,0.00019,0
acc_819,8,0.195,1,75,0,1,746,97,7.691,47,12.07,2.44,1.59,2124,0.0195,0.346,6,0.0,3.5e-05,0
acc_820,8,0.611,0,5,0,1,5,665,0.008,4,4.17,0.18,0.12,39,0.871,0.614,11,0.0,0.000181,1
acc_821,7,0.15,1,109,1,1,77,115,0.67,55,69.62,1.78,3.06,2222,0.9273,0.259,5,0.0,5.7e-05,0
acc_822,14,0.113,1,47,0,1,137,465,0.295,44,34.67,10.92,0.89,1919,0.3328,0.069,7,0.0,0.00025,0
acc_823,6,0.017,1,148,1,0,163,124,1.315,51,28.47,1.14,0.84,2260,0.1817,0.346,7,0.0,7.3e-05,0
acc_824,8,0.029,1,143,1,1,598,30,19.933,49,74.12,15.61,2.04,1902,0.1501,0.096,6,0.0,0.000125,0
acc_825,6,0.171,1,39,0,0,100,449,0.223,44,1.66,0.69,1.52,234,0.0236,0.068,8,0.0,0.000143,0
acc_826,15,0.533,0,13,1,1,17,413,0.041,2,0.95,0.21,0.38,20,0.0681,0.668,14,0.011,0.000541,1
acc_827,8,0.754,0,9,0,0,182,680,0.268,0,2.32,0.11,0.08,14,0.0133,0.882,12,0.0,0.000819,1
acc_828,5,0.038,1,67,0,0,288,43,6.698,64,7.22,10.46,3.67,2722,0.0614,0.182,9,0.0278,0.000305,0
acc_829,6,0.011,1,115,0,0,1977,668,2.96,43,62.9,2.59,13.21,493,0.0331,0.29,5,0.0,0.000125,0
acc_830,8,0.131,1,22,1,0,37,1328,0.028,46,67.86,9.61,1.79,249,1.0,0.315,6,0.0667,0.0001,0
acc_831,7,0.137,1,17,0,1,172,135,1.274,51,5.63,1.71,2.63,947,0.0427,0.281,5,0.0,0.000102,0
acc_832,15,0.788,1,9,0,0,13,607,0.021,2,4.43,0.03,0.02,87,0.3438,0.466,13,0.0128,0.000395,1
acc_833,7,0.101,1,14,1,0,316,19,16.632,37,3.05,6.92,0.49,2231,0.0316,0.266,3,0.0,0.000121,0
acc_834,10,0.165,1,40,1,1,1050,283,3.71,38,13.37,3.65,1.48,2888,0.0162,0.079,7,0.0,0.000359,0
acc_835,8,0.072,1,144,1,0,1569,109,14.394,57,7.25,6.1,9.36,2664,0.0085,0.069,5,0.0,0.000891,0
acc_836,8,0.067,1,65,0,1,817,61,13.393,34,75.39,3.21,2.87,607,0.0962,0.265,4,0.0,4.6e-05,0
acc_837,14,0.532,0,4,0,1,79,1183,0.067,1,2.66,0.44,0.13,32,0.0393,0.563,14,0.0,0.000566,1
acc_838,13,0.051,1,18,1,0,42,699,0.06,42,31.3,1.39,0.49,2954,0.7783,0.182,8,0.0,0.000216,0
acc_839,12,0.126,1,71,0,0,43,458,0.094,51,11.87,16.26,1.4,2041,0.6541,0.109,4,0.0,0.000196,0
acc_840,7,0.173,1,18,0,1,316,166,1.904,42,27.41,1.93,0.0,2548,0.0929,0.236,5,0.0,4.2e-05,0
acc_841,15,0.673,0,0,0,1,9,210,0.043,3,1.14,0.11,1.24,170,0.1389,0.692,11,0.0,0.000452,1
acc_842,5,0.02,1,122,0,0,829,109,7.606,43,0.12,1.6,1.43,2452,0.0021,0.176,5,0.0,8.3e-05,0
acc_843,17,0.491,0,10,0,1,148,260,0.569,4,0.08,0.33,0.21,6,0.0028,0.526,17,0.0,0.00226,1
acc_844,13,0.608,0,4,0,1,16,2113,0.008,2,0.02,0.12,0.18,47,0.009,0.848,18,0.0065,0.000935,1
acc_845,11,0.073,1,47,0,0,701,31,22.613,42,36.79,12.52,4.34,2387,0.0703,0.153,5,0.0,4.2e-05,0
acc_846,9,0.1,1,40,1,0,265,71,3.732,53,53.49,7.24,1.82,1408,0.2292,0.14,9,0.0278,0.000418,0
acc_847,14,0.188,1,69,1,0,36,79,0.456,37,3.42,11.11,5.26,1255,0.4037,0.322,5,0.0,0.000131,0
acc_848,14,0.169,1,24,0,1,43,341,0.126,36,53.42,3.55,1.44,1434,1.0,0.071,5,0.0,0.000158,0
acc_849,8,0.116,1,57,0,0,26,253,0.103,42,6.91,0.34,1.19,1390,0.279,0.195,8,0.0,0.000141,0
acc_850,9,0.074,1,148,0,0,1541,72,21.403,37,8.35,0.31,2.88,1837,0.0056,0.169,4,0.0,0.000101,0
acc_851,16,0.349,0,2,0,0,33,565,0.058,3,4.72,0.24,1.29,65,0.1502,0.507,11,0.0,0.00017,1
acc_852,14,0.576,0,3,0,1,103,833,0.124,3,0.39,0.46,0.9,71,0.0083,0.603,18,0.0,0.001132,1
acc_853,14,0.126,1,143,1,1,1098,245,4.482,53,0.62,14.55,1.92,1026,0.0138,0.294,7,0.0476,0.000395,0
acc_854,9,0.085,1,133,1,0,76,145,0.524,37,5.92,13.26,8.8,2278,0.2524,0.072,3,0.0,3.4e-05,0
acc_855,15,0.567,1,5,0,1,5,201,0.025,1,2.68,0.76,0.02,142,0.6872,0.549,12,0.0,0.000418,1
acc_856,9,0.191,1,50,0,1,606,235,2.579,30,41.98,3.13,3.3,633,0.0744,0.232,11,0.0,0.000544,0
acc_857,9,0.724,0,8,1,1,51,2626,0.019,4,8.76,0.37,0.17,161,0.1789,0.601,9,0.0,0.000415,1
acc_858,9,0.137,1,89,0,1,113,85,1.329,44,22.11,2.14,2.59,534,0.2146,0.222,6,0.0,0.000316,0
acc_859,12,0.139,1,40,1,0,143,56,2.554,47,36.55,7.95,1.04,1260,0.3112,0.118,5,0.0,5.6e-05,0
acc_860,13,0.019,1,45,1,0,375,197,1.904,37,33.88,3.63,5.92,1475,0.1,0.317,6,0.0,0.000572,0
acc_861,11,0.188,1,19,1,0,128,151,0.848,47,25.89,3.85,1.51,1597,0.2323,0.266,6,0.0,0.000384,0
acc_862,9,0.136,1,91,1,1,47,978,0.048,47,1.03,2.01,8.0,1374,0.0646,0.345,7,0.0,0.000135,0
acc_863,10,0.177,1,136,0,1,87,595,0.146,48,4.72,1.07,1.25,1038,0.0665,0.249,5,0.0,8.8e-05,0
acc_864,12,0.012,1,73,0,1,1905,246,7.744,45,13.93,2.72,7.44,1558,0.0087,0.328,8,0.0,0.000303,0
acc_865,6,0.052,1,105,0,0,1552,33,47.03,50,58.95,0.13,0.15,277,0.0381,0.202,6,0.0,0.000125,0
acc_866,16,0.589,0,12,0,1,13,362,0.036,2,1.12,1.59,0.11,196,0.2088,0.855,20,0.0158,0.000762,1
acc_867,10,0.167,1,21,1,1,110,312,0.353,42,23.52,0.67,0.83,341,0.2199,0.32,7,0.0,0.000128,0
acc_868,6,0.101,1,26,0,1,979,77,12.714,49,16.1,0.92,3.72,2652,0.0174,0.268,6,0.0,0.000118,0
acc_869,5,0.196,1,92,1,0,71,30,2.367,44,24.15,2.73,2.66,1746,0.3786,0.099,6,0.0,0.00014,0
acc_870,9,0.176,1,72,1,0,76,132,0.576,47,11.85,0.32,1.11,2345,0.1602,0.212,9,0.0,0.000174,0
acc_871,18,0.333,1,13,1,1,28,2601,0.011,1,2.29,0.35,1.18,140,0.0942,0.692,10,0.0444,0.000589,1
acc_872,8,0.503,0,11,0,1,11,799,0.014,1,1.43,0.02,0.44,80,0.1323,0.787,15,0.0095,0.001136,1
acc_873,7,0.182,1,71,1,1,439,38,11.553,34,12.98,5.4,0.08,611,0.0419,0.297,5,0.0,3.7e-05,0
acc_874,10,0.154,1,90,1,0,300,158,1.899,49,61.41,1.34,1.77,537,0.2092,0.314,5,0.0,0.00012,0
acc_875,5,0.079,1,65,1,0,566,49,11.551,48,0.56,7.67,2.21,2055,0.0145,0.293,6,0.0,8.9e-05,0
acc_876,12,0.087,1,56,1,1,422,662,0.637,50,11.67,4.25,6.16,2991,0.0377,0.152,5,0.0,7e-05,0
acc_877,19,0.726,1,0,0,1,3,559,0.005,3,1.19,0.13,0.57,150,0.4414,0.635,17,0.0074,0.000713,1
acc_878,6,0.012,1,85,0,1,250,83,3.012,30,76.38,5.81,0.66,291,0.3287,0.288,15,0.0095,0.000462,0
acc_879,14,0.667,1,9,0,1,193,415,0.465,1,0.36,0.1,0.68,98,0.0024,0.588,13,0.0,0.0004,1
acc_880,12,0.049,1,36,0,1,557,136,4.096,36,33.65,6.86,2.75,1776,0.0727,0.155,4,0.0,8.4e-05,0
acc_881,17,0.342,1,7,0,0,96,724,0.133,1,1.38,0.36,0.44,163,0.0181,0.731,10,0.0,0.000245,1
acc_882,10,0.062,1,31,1,1,249,55,4.527,45,61.18,2.73,1.28,1854,0.2567,0.247,8,0.0,0.00024,0
acc_883,13,0.039,1,43,1,0,522,107,4.879,64,22.31,3.18,0.29,335,0.0488,0.304,15,0.0095,0.000988,0
acc_884,15,0.779,0,1,0,1,56,1959,0.029,4,5.4,0.38,1.32,3,0.1032,0.448,27,0.0028,0.002262,1
acc_885,10,0.023,1,83,1,0,510,216,2.361,43,49.53,0.84,1.21,1573,0.0988,0.306,4,0.0,0.000511,0
acc_886,7,0.122,1,49,0,0,824,96,8.583,45,3.89,0.61,11.36,2588,0.0055,0.203,9,0.0,0.000165,0
acc_887,10,0.037,1,41,0,1,262,351,0.746,36,3.35,0.91,0.09,1555,0.0163,0.18,17,0.0,0.001967,0
acc_888,8,0.311,1,6,0,0,55,2000,0.028,0,3.35,0.25,0.39,189,0.0654,0.519,16,0.025,0.000591,1
acc_889,9,0.17,1,93,0,1,474,316,1.5,42,27.16,1.45,1.72,2257,0.0604,0.243,10,0.0,0.00095,0
acc_890,13,0.181,1,102,1,0,1359,164,8.287,43,26.56,6.46,1.93,1532,0.0243,0.119,8,0.0,0.000146,0
acc_891,13,0.126,1,129,0,0,576,36,16.0,44,1.24,0.38,1.31,1373,0.0028,0.239,6,0.0,0.000139,0
acc_892,14,0.072,1,93,0,0,379,89,4.258,37,42.73,1.56,1.2,2887,0.1169,0.292,7,0.0,0.000234,0
acc_893,8,0.045,1,121,1,1,2479,261,9.498,51,42.12,12.73,2.72,2003,0.0221,0.305,9,0.0,0.000106,0
acc_894,14,0.147,1,111,0,1,24,284,0.085,43,15.98,1.03,0.32,2879,0.7088,0.259,8,0.0,0.000309,0
acc_895,10,0.014,1,147,0,1,123,317,0.388,43,0.15,0.83,0.01,1536,0.008,0.293,4,0.0,2.2e-05,0
acc_896,6,0.063,1,137,0,0,60,297,0.202,41,10.93,1.6,1.93,2227,0.2088,0.265,10,0.0222,0.000106,0
acc_897,14,0.059,1,72,0,0,73,160,0.456,51,45.05,2.17,1.44,2134,0.6469,0.337,5,0.0,4.6e-05,0
acc_898,4,0.103,1,141,0,0,68,106,0.642,39,72.07,2.35,0.82,1258,1.0,0.059,5,0.0,0.000234,0
acc_899,4,0.039,1,145,1,0,1446,202,7.158,45,30.6,3.78,3.91,706,0.0238,0.078,10,0.0,0.000248,0
acc_900,10,0.384,0,3,0,1,4,813,0.005,1,1.41,0.28,0.0,37,0.4223,0.646,8,0.0,0.000233,1
acc_901,12,0.193,1,23,0,0,83,280,0.296,39,16.87,2.63,5.43,1295,0.235,0.246,7,0.0,0.000153,0
acc_902,5,0.18,1,112,0,0,171,9,19.0,53,15.75,1.14,1.58,2254,0.0988,0.105,4,0.0,0.000371,0
acc_903,10,0.024,1,114,0,0,75,61,1.23,45,19.88,2.74,13.03,2043,0.3017,0.184,5,0.0,0.000219,0
acc_904,13,0.048,1,61,0,1,305,181,1.685,47,19.88,3.17,0.19,2703,0.0756,0.299,7,0.0,0.000287,0
acc_905,18,0.385,1,10,1,1,63,2444,0.026,3,1.76,0.05,0.6,93,0.0287,0.593,16,0.0083,0.000864,1
acc_906,14,0.125,1,107,0,1,27,214,0.126,51,46.22,3.77,0.56,2883,1.0,0.115,6,0.0,0.00013,0
acc_907,13,0.675,0,2,0,0,65,1145,0.057,2,2.15,0.17,0.6,193,0.0358,0.647,14,0.0,0.001079,1
acc_908,13,0.156,1,46,0,0,934,136,6.868,52,44.12,0.17,4.09,2708,0.0474,0.325,9,0.0,0.000377,0
acc_909,13,0.028,1,102,1,1,105,80,1.312,41,40.07,1.25,5.07,368,0.3935,0.34,5,0.0,0.000252,0
acc_910,19,0.661,1,5,0,0,70,396,0.177,2,0.81,0.26,0.02,196,0.0153,0.792,18,0.0,0.000535,1
acc_911,8,0.097,1,92,0,0,375,158,2.373,44,27.13,2.76,0.2,1078,0.0797,0.315,4,0.1667,4.8e-05,0
acc_912,13,0.123,1,148,0,0,11,298,0.037,46,89.23,0.79,1.05,1318,1.0,0.269,4,0.0,4.9e-05,0
acc_913,10,0.101,1,117,0,1,25,214,0.117,40,48.54,5.5,9.46,203,1.0,0.21,6,0.0,7.8e-05,0
acc_914,11,0.165,1,96,0,0,257,47,5.468,41,141.57,0.68,2.33,365,0.5535,0.146,5,0.0,9.4e-05,0
acc_915,13,0.187,1,62,0,0,143,86,1.663,47,21.87,3.76,1.64,1945,0.1793,0.148,6,0.0,0.000332,0
acc_916,9,0.156,1,89,0,0,234,132,1.773,55,5.5,3.58,6.68,2441,0.0388,0.095,5,0.0,0.000199,0
acc_917,4,0.199,1,25,0,1,6,1176,0.005,47,95.33,1.1,0.96,1171,1.0,0.073,4,0.1667,0.000149,0
acc_918,10,0.119,1,53,0,0,41,314,0.131,40,18.29,2.33,0.19,2572,0.5028,0.194,4,0.0,4e-05,0
acc_919,19,0.65,0,3,0,0,40,1224,0.033,4,1.26,0.71,1.33,25,0.0493,0.647,13,0.0128,0.000959,1
acc_920,4,0.19,1,69,1,1,239,179,1.335,49,23.85,7.78,2.37,762,0.1323,0.253,7,0.0,9.8e-05,0
acc_921,9,0.076,1,126,0,0,449,63,7.127,47,3.24,5.23,2.76,2914,0.0189,0.062,8,0.0357,0.000283,0
acc_922,10,0.692,1,2,1,0,47,306,0.154,0,1.19,0.03,0.65,129,0.026,0.766,16,0.025,0.000303,1
acc_923,15,0.418,1,4,0,1,101,342,0.295,5,1.81,0.55,0.02,68,0.0233,0.458,10,0.0222,7.2e-05,1
acc_924,9,0.163,1,34,1,0,99,321,0.308,50,150.07,3.47,3.0,1932,1.0,0.158,5,0.0,3.7e-05,0
acc_925,4,0.099,0,76,1,0,481,39,12.333,52,94.22,10.49,0.67,190,0.2177,0.19,13,0.0,0.000314,0
acc_926,10,0.127,1,79,1,0,58,153,0.379,44,1.76,7.79,0.69,472,0.1646,0.207,4,0.0,1.5e-05,0
acc_927,8,0.192,1,92,1,0,877,56,15.661,37,29.77,17.91,0.23,1055,0.0544,0.063,17,0.0,0.001107,0
acc_928,17,0.545,0,6,1,0,98,817,0.12,1,2.87,0.34,0.39,31,0.0328,0.724,14,0.011,0.000983,1
acc_929,11,0.585,0,13,1,0,33,2790,0.012,1,0.86,0.65,1.55,52,0.0459,0.478,10,0.0222,0.000295,1
acc_930,14,0.555,0,12,0,0,118,556,0.212,0,1.84,0.04,0.8,181,0.0159,0.632,28,0.0,0.00269,1
acc_931,11,0.157,1,19,0,1,71,96,0.74,47,7.54,0.88,13.68,1292,0.1185,0.301,7,0.0,0.000259,0
acc_932,13,0.058,1,76,1,1,140,115,1.217,36,20.03,0.57,1.25,271,0.1471,0.306,5,0.0,0.000168,0
acc_933,8,0.571,1,0,0,0,70,610,0.115,2,1.68,0.49,0.5,97,0.031,0.412,17,0.0,0.000736,1
acc_934,9,0.039,1,82,0,1,113,101,1.119,42,12.18,3.42,1.61,2218,0.1381,0.195,7,0.0,0.000481,0
acc_935,18,0.662,1,8,0,1,67,1619,0.041,5,4.94,0.09,0.05,61,0.0751,0.543,15,0.019,0.000532,1
acc_936,7,0.194,1,104,0,1,403,18,22.389,48,182.0,3.32,5.22,1791,0.4598,0.084,7,0.0,0.00018,0
acc_937,14,0.048,1,87,0,0,444,190,2.337,47,51.81,14.23,8.62,818,0.1487,0.118,6,0.0667,3.7e-05,0
acc_938,17,0.628,0,13,0,0,15,1891,0.008,1,0.63,0.28,0.07,177,0.0605,0.625,20,0.0,0.001036,1
acc_939,7,0.163,1,22,1,1,750,76,9.868,38,106.72,1.82,1.42,526,0.1447,0.187,8,0.0,9.4e-05,0
acc_940,13,0.184,1,89,0,0,597,372,1.605,53,118.78,1.67,13.94,2238,0.2018,0.191,5,0.0,5.9e-05,0
acc_941,7,0.125,1,25,1,1,93,1447,0.064,46,18.27,3.17,8.57,1939,0.2306,0.306,10,0.0,0.000331,0
acc_942,14,0.03,1,38,0,0,122,133,0.917,40,30.24,1.08,0.91,1944,0.2568,0.097,4,0.0,2.5e-05,0
acc_943,11,0.058,1,104,1,0,132,56,2.357,56,13.71,0.37,2.87,1871,0.1067,0.332,5,0.0,0.000239,0
acc_944,10,0.188,1,51,0,0,200,84,2.381,55,22.53,10.7,1.51,968,0.1662,0.086,3,0.3333,0.000118,0
acc_945,8,0.034,0,32,0,0,102,857,0.119,45,4.26,0.3,5.73,972,0.0447,0.248,12,0.0,0.000464,0
acc_946,6,0.065,1,59,0,0,429,270,1.589,45,4.87,7.35,4.64,588,0.0285,0.28,3,0.0,4e-05,0
acc_947,7,0.193,1,115,1,1,31,62,0.5,43,19.56,1.22,4.29,404,0.6704,0.294,5,0.0,0.000129,0
acc_948,11,0.484,1,0,0,1,6,506,0.012,0,0.63,0.07,0.03,192,0.1178,0.67,12,0.0152,0.000214,1
acc_949,9,0.016,1,101,0,0,117,178,0.657,50,7.75,3.1,0.61,1452,0.0927,0.104,11,0.0182,0.000172,0
acc_950,11,0.092,1,48,0,0,168,109,1.541,34,31.88,1.83,3.66,2325,0.2007,0.268,6,0.0,6.2e-05,0
acc_951,10,0.187,1,120,1,1,192,148,1.297,46,14.26,13.72,1.32,476,0.1457,0.224,12,0.0152,0.00467,0
acc_952,15,0.632,1,2,0,0,14,497,0.028,3,0.2,0.09,0.16,139,0.0205,0.737,23,0.0119,0.00117,1
acc_953,10,0.167,1,20,1,0,1642,372,4.414,40,105.08,2.5,3.62,2960,0.0655,0.216,5,0.0,0.000143,0
acc_954,15,0.574,1,11,1,1,123,270,0.456,4,1.31,0.03,0.91,180,0.0109,0.734,15,0.0095,0.000868,1
acc_955,13,0.405,0,6,0,0,111,1827,0.061,3,2.2,0.31,1.16,22,0.0227,0.869,11,0.0,0.000345,1
acc_956,7,0.143,1,49,1,1,117,127,0.921,49,22.07,4.58,7.28,1575,0.2278,0.176,4,0.0,1.2e-05,0
acc_957,11,0.078,1,22,0,1,229,184,1.245,45,13.19,2.71,0.67,2594,0.0695,0.211,12,0.0,0.000272,0
acc_958,5,0.125,1,10,0,0,79,150,0.527,40,19.3,9.87,3.86,1308,0.3692,0.074,3,0.0,9.4e-05,0
acc_959,11,0.195,1,27,1,0,39,160,0.244,47,30.86,6.21,3.94,1313,0.9503,0.201,7,0.0,0.000117,0
acc_960,8,0.03,0,137,1,0,166,311,0.534,41,12.72,0.22,1.4,2283,0.0779,0.263,11,0.0,0.000406,0
acc_961,19,0.615,1,7,1,1,9,507,0.018,2,0.76,0.45,0.56,157,0.1348,0.771,16,0.0,0.000355,1
acc_962,10,0.157,1,106,1,1,1315,25,52.6,37,19.85,4.68,2.52,2297,0.0187,0.295,11,0.0182,0.000415,0
acc_963,12,0.075,1,47,1,1,204,79,2.582,45,29.17,2.31,0.41,495,0.1543,0.251,6,0.0,0.001066,0
acc_964,4,0.146,1,148,0,1,661,471,1.403,44,34.1,18.5,5.13,1036,0.0796,0.108,7,0.0,0.000309,0
acc_965,12,0.073,1,85,0,0,279,79,3.532,49,33.28,0.21,0.31,1049,0.12,0.094,3,0.0,4.7e-05,0
acc_966,10,0.636,1,4,0,0,56,562,0.1,1,0.51,0.48,2.05,156,0.0176,0.56,14,0.0,0.00105,1
acc_967,7,0.053,1,13,0,0,730,27,27.037,42,3.57,1.37,3.23,2406,0.0068,0.15,4,0.0,1.9e-05,0
acc_968,14,0.04,1,77,1,1,834,47,17.745,53,19.67,5.08,2.46,1680,0.0297,0.14,7,0.0,7e-05,0
acc_969,12,0.035,1,148,0,0,163,107,1.523,45,8.65,0.25,2.37,726,0.0546,0.154,4,0.0,5.1e-05,0
acc_970,5,0.144,1,10,0,0,1184,103,11.495,46,1.43,3.22,0.43,2955,0.0039,0.188,5,0.0,0.000197,0
acc_971,12,0.752,0,0,1,0,68,1008,0.067,1,4.09,0.16,0.53,10,0.0625,0.844,15,0.0,0.000641,1
acc_972,12,0.54,0,6,0,1,5,631,0.008,4,3.19,0.12,0.15,109,0.6637,0.52,13,0.0,0.000404,1
acc_973,8,0.669,1,11,0,1,53,567,0.093,4,7.66,0.07,0.06,157,0.1457,0.706,16,0.0,0.000596,1
acc_974,11,0.162,1,18,0,1,689,304,2.266,61,10.9,8.79,4.44,1888,0.0286,0.188,8,0.0,0.000235,0
acc_975,6,0.126,1,72,0,0,3542,118,30.017,45,32.84,0.16,0.36,1662,0.0093,0.146,7,0.0,0.000214,0
acc_976,13,0.031,1,122,1,1,2374,386,6.15,48,8.61,13.03,2.29,2280,0.0091,0.053,5,0.0,3.6e-05,0
acc_977,7,0.003,1,68,0,1,2834,210,13.495,34,10.5,1.48,3.49,2581,0.0042,0.053,4,0.0,2.9e-05,0
acc_978,9,0.131,1,90,0,0,137,395,0.347,47,119.57,11.98,12.38,1811,0.9602,0.28,4,0.1667,5.8e-05,0
acc_979,4,0.043,1,47,1,1,782,194,4.031,40,84.07,2.28,0.3,1348,0.1104,0.09,7,0.0,0.000138,0
acc_980,9,0.697,0,3,0,1,0,569,0.0,3,0.33,1.12,0.14,116,1.0,0.472,15,0.019,0.001384,1
acc_981,10,0.553,0,11,0,0,40,1071,0.037,0,4.1,0.06,0.13,19,0.104,0.875,15,0.0,0.001316,1
acc_982,5,0.1,1,125,1,0,1123,92,12.207,46,16.33,1.11,2.19,1150,0.0155,0.23,11,0.0,0.001051,0
acc_983,12,0.087,1,24,1,0,119,1396,0.085,44,183.15,4.3,4.74,2369,1.0,0.189,9,0.0,0.000198,0
acc_984,5,0.06,1,129,0,1,253,45,5.622,48,77.01,18.25,0.37,2581,0.3765,0.34,11,0.0,0.00088,0
acc_985,10,0.075,1,112,1,0,345,140,2.464,37,9.48,2.77,4.84,2661,0.0355,0.322,6,0.0667,0.000272,0
acc_986,7,0.075,1,37,0,1,205,485,0.423,47,58.79,4.29,5.06,980,0.3077,0.206,16,0.0,0.000731,0
acc_987,8,0.79,0,14,0,1,35,339,0.103,5,1.91,0.12,0.57,199,0.0582,0.733,15,0.0,0.000675,1
acc_988,9,0.171,1,48,0,1,176,74,2.378,56,10.8,12.59,0.84,2880,0.1329,0.268,11,0.0,0.000241,0
acc_989,6,0.023,1,50,1,1,51,27,1.889,55,70.59,3.94,2.7,393,1.0,0.133,9,0.0,0.004755,0
acc_990,16,0.646,0,14,0,1,94,480,0.196,1,1.31,0.09,0.24,140,0.0149,0.774,12,0.0152,0.002163,1
acc_991,12,0.379,0,12,0,1,129,248,0.52,0,2.4,0.1,0.2,183,0.0194,0.692,14,0.033,0.000473,1
acc_992,7,0.077,1,58,0,0,1788,1002,1.784,50,11.34,1.18,1.87,1832,0.007,0.198,10,0.0,0.000277,0
acc_993,14,0.19,1,109,1,0,519,145,3.579,50,8.34,14.85,3.89,1642,0.0447,0.305,3,0.0,5.1e-05,0
acc_994,9,0.148,1,124,0,1,1322,137,9.65,52,56.93,2.68,1.44,1047,0.0451,0.324,4,0.0,6.1e-05,0
acc_995,5,0.049,1,16,1,1,580,58,10.0,50,19.9,3.87,0.08,1344,0.041,0.23,10,0.0,0.000494,0
acc_996,10,0.038,1,139,0,0,4615,335,13.776,64,165.92,2.43,5.73,2222,0.0365,0.202,7,0.0,0.000207,0
acc_997,10,0.189,1,54,1,0,170,250,0.68,40,89.4,0.12,0.0,1225,0.5266,0.189,4,0.0,3.8e-05,0
acc_998,4,0.068,0,16,0,1,895,99,9.04,41,1.62,1.95,1.26,1136,0.004,0.34,3,0.0,2e-06,0
acc_999,9,0.167,1,43,1,1,321,97,3.309,46,10.13,10.19,7.81,1905,0.0633,0.284,10,0.0,0.000324,0
acc_1000,6,0.002,1,142,0,0,582,177,3.288,45,21.18,1.3,7.45,1852,0.0386,0.191,12,0.0,0.000617,0
acc_1001,7,0.066,1,94,0,1,2897,87,33.299,44,2.11,12.17,2.84,386,0.0049,0.307,5,0.0,0.000193,0
acc_1002,19,0.412,0,2,1,1,67,225,0.298,1,5.98,0.06,0.61,81,0.0901,0.75,13,0.0,0.000521,1
acc_1003,14,0.068,1,57,0,0,87,288,0.302,51,60.44,2.56,0.64,1422,0.7241,0.316,9,0.0,0.000218,0
acc_1004,14,0.029,1,44,0,0,79,162,0.488,44,2.93,0.85,0.88,1181,0.0478,0.204,5,0.0,6.8e-05,0
acc_1005,13,0.011,1,39,0,1,431,166,2.596,40,23.74,0.36,0.91,1673,0.0559,0.127,3,0.0,1.3e-05,0
acc_1006,12,0.021,1,125,1,1,1716,350,4.903,48,26.83,1.3,6.36,1855,0.0164,0.251,3,0.0,0.000266,0
acc_1007,4,0.145,0,19,0,1,3120,346,9.017,54,34.81,16.13,3.47,187,0.0163,0.269,4,0.0,2.5e-05,0
acc_1008,10,0.028,1,148,0,1,125,154,0.812,43,45.88,1.43,2.57,1399,0.3784,0.288,7,0.0476,0.000253,0
acc_1009,4,0.036,1,120,1,0,127,116,1.095,48,63.43,5.04,1.29,2209,0.5392,0.08,6,0.0,0.000204,0
acc_1010,9,0.019,1,88,1,0,24,502,0.048,48,50.14,6.89,3.34,816,1.0,0.285,6,0.0667,0.000114,0
acc_1011,4,0.003,1,141,1,0,2886,63,45.81,37,40.98,3.13,2.5,827,0.0153,0.076,6,0.0,2.9e-05,0
acc_1012,6,0.091,1,18,0,0,1321,67,19.716,45,33.58,2.12,7.65,387,0.027,0.169,6,0.0,0.000205,0
acc_1013,5,0.044,1,143,1,0,2911,84,34.655,34,99.74,2.29,12.68,471,0.0351,0.242,6,0.0,5.3e-05,0
acc_1014,14,0.116,1,147,0,0,132,2012,0.066,45,25.49,0.2,6.4,1752,0.1946,0.241,3,0.0,0.000116,0
acc_1015,14,0.14,1,88,0,0,311,34,9.147,45,9.96,4.62,3.65,2124,0.0469,0.123,7,0.0,0.000158,0
acc_1016,13,0.622,1,13,0,0,37,544,0.068,1,1.05,0.32,0.13,87,0.0372,0.615,10,0.0,0.000222,1
acc_1017,10,0.078,0,56,1,1,665,223,2.982,52,65.78,1.98,2.41,1110,0.1019,0.075,5,0.1,0.000229,0
acc_1018,14,0.152,1,118,0,0,1599,546,2.929,32,22.86,1.13,0.54,1921,0.015,0.33,5,0.0,8.3e-05,0
acc_1019,13,0.197,0,13,1,0,663,163,4.067,42,17.92,4.9,2.5,1245,0.0344,0.282,7,0.0,0.000244,0
acc_1020,6,0.036,1,64,1,1,77,376,0.205,50,8.93,0.25,0.3,962,0.1192,0.319,7,0.0,0.000244,0
acc_1021,11,0.01,1,43,0,1,1525,57,26.754,49,83.99,2.67,1.5,2941,0.0568,0.082,8,0.0,0.000167,0
acc_1022,19,0.726,0,2,0,1,128,1007,0.127,0,4.51,0.47,0.69,107,0.0389,0.799,15,0.0286,0.000888,1
acc_1023,5,0.04,1,117,1,1,363,68,5.338,57,31.81,1.67,1.85,2215,0.0923,0.341,8,0.0,0.000141,0
acc_1024,9,0.196,1,48,0,0,34,40,0.85,44,6.95,3.25,5.55,1985,0.3,0.297,7,0.0,0.000254,0
acc_1025,4,0.168,1,77,0,1,65,66,0.985,48,34.46,1.46,2.89,547,0.5525,0.13,3,0.0,1.2e-05,0
acc_1026,9,0.111,1,68,1,1,185,114,1.623,41,6.65,10.25,2.22,785,0.0913,0.26,7,0.0,6e-05,0
acc_1027,4,0.134,1,68,0,0,582,42,13.857,44,4.57,6.48,4.6,2871,0.019,0.296,9,0.0,0.000226,0
acc_1028,11,0.014,1,45,1,0,43,123,0.35,42,1.92,5.02,2.35,2334,0.1613,0.319,9,0.0,0.000217,0
acc_1029,4,0.181,1,126,1,1,1328,10,132.8,46,62.29,4.16,2.49,2109,0.05,0.103,4,0.0,0.000108,0
acc_1030,6,0.192,1,44,0,0,1737,98,17.724,43,1.26,5.48,3.09,2745,0.0039,0.293,9,0.0,0.00017,0
acc_1031,6,0.026,1,121,1,0,129,134,0.963,42,50.09,1.0,1.6,1335,0.3961,0.336,6,0.0,0.000189,0
acc_1032,5,0.143,1,45,0,1,8366,21,398.381,57,0.62,3.08,2.98,2396,0.0004,0.335,4,0.0,0.000303,0
acc_1033,7,0.172,1,32,1,1,121,809,0.15,55,1.52,4.2,3.46,2380,0.0472,0.255,3,0.0,2.7e-05,0
acc_1034,11,0.029,1,29,0,0,184,106,1.736,41,63.04,2.17,1.64,1490,0.3544,0.218,7,0.0,0.00041,0
acc_1035,5,0.082,1,15,0,0,21,351,0.06,43,81.88,6.25,0.8,1692,1.0,0.349,6,0.0,3.6e-05,0
acc_1036,9,0.385,0,10,0,1,43,519,0.083,4,2.66,0.24,0.19,146,0.0674,0.868,16,0.0083,0.000352,1
acc_1037,12,0.119,1,122,0,0,365,137,2.664,44,17.62,0.11,0.76,2048,0.0486,0.054,6,0.0,0.00016,0
acc_1038,12,0.015,1,82,1,1,252,29,8.69,52,5.03,2.26,2.75,2592,0.0289,0.155,5,0.0,7.2e-05,0
acc_1039,15,0.693,0,14,0,1,16,393,0.041,3,2.9,0.08,0.17,37,0.1864,0.561,15,0.019,0.00052,1
acc_1040,10,0.013,1,126,1,0,30,82,0.366,52,5.74,0.62,1.87,1638,0.2121,0.262,6,0.0,0.000127,0
acc_1041,5,0.155,1,122,0,1,1214,186,6.527,49,13.49,7.91,6.99,1595,0.0176,0.088,6,0.0,0.000148,0
acc_1042,13,0.164,1,119,1,1,47,34,1.382,50,29.59,4.99,4.51,2834,0.7357,0.094,6,0.0,8.8e-05,0
acc_1043,6,0.105,1,13,0,0,12,175,0.069,46,11.7,9.38,0.61,2610,1.0,0.198,8,0.0,0.000217,0
acc_1044,19,0.569,1,4,0,1,76,1639,0.046,1,1.23,1.61,1.49,191,0.0373,0.622,19,0.0,0.000782,1
acc_1045,14,0.052,1,16,0,0,530,120,4.417,45,17.14,0.84,0.76,1423,0.0339,0.13,4,0.0,1.4e-05,0
acc_1046,12,0.162,1,140,0,1,191,132,1.447,34,51.89,5.04,2.83,1367,0.298,0.306,6,0.1333,0.000205,0
acc_1047,8,0.743,0,9,0,1,169,571,0.296,0,1.18,0.24,0.81,162,0.0084,0.422,19,0.0,0.000932,1
acc_1048,13,0.173,1,140,1,1,167,105,1.59,37,5.09,4.27,4.89,1285,0.056,0.344,9,0.0,0.000306,0
acc_1049,4,0.063,1,110,1,1,2583,57,45.316,37,34.94,1.95,1.33,2292,0.0143,0.192,6,0.0667,0.000186,0
acc_1050,11,0.142,1,49,0,0,84,73,1.151,47,100.67,2.11,0.08,2466,1.0,0.174,6,0.0,2.7e-05,0
acc_1051,7,0.148,1,56,1,1,1403,366,3.833,34,6.11,2.23,0.35,251,0.0059,0.218,4,0.0,0.000668,0
acc_1052,6,0.039,1,118,0,0,147,33,4.455,49,46.87,7.73,3.16,1472,0.3714,0.182,8,0.0,0.000213,0
acc_1053,9,0.014,1,120,0,1,26,128,0.203,36,44.91,14.0,5.94,837,1.0,0.343,9,0.0278,0.000162,0
acc_1054,4,0.058,1,29,0,1,185,81,2.284,39,23.57,5.56,2.17,2282,0.1575,0.15,9,0.0,0.00049,0
acc_1055,11,0.143,1,24,1,1,170,111,1.532,33,22.45,24.66,1.69,2421,0.2771,0.112,7,0.0,0.000183,0
acc_1056,14,0.041,1,54,1,0,697,46,15.152,37,10.98,3.37,8.8,1513,0.0206,0.274,13,0.0128,0.000489,0
acc_1057,4,0.096,1,14,1,1,292,687,0.425,40,7.21,1.37,0.61,2607,0.0294,0.327,16,0.0,0.000532,0
acc_1058,8,0.131,1,146,1,0,21,53,0.396,42,138.04,8.19,1.14,704,1.0,0.081,7,0.0,0.00015,0
acc_1059,9,0.542,1,0,1,1,82,650,0.126,2,9.36,0.28,0.23,23,0.1176,0.624,12,0.0,0.000219,1
acc_1060,10,0.653,0,11,0,1,75,737,0.102,2,1.68,0.0,0.19,70,0.0224,0.737,14,0.0,0.000218,1
acc_1061,13,0.368,0,7,0,1,38,215,0.177,3,5.13,0.03,0.35,99,0.1359,0.818,18,0.0065,0.000832,1
acc_1062,14,0.196,1,127,1,1,271,145,1.869,40,30.16,1.46,3.3,857,0.1167,0.343,10,0.0,0.000266,0
acc_1063,9,0.391,1,6,0,1,19,303,0.063,1,1.03,0.03,0.01,7,0.0558,0.858,19,0.0058,0.000863,1
acc_1064,12,0.533,1,11,0,1,15,1164,0.013,0,0.11,0.44,0.55,107,0.0365,0.766,15,0.0095,0.000892,1
acc_1065,12,0.099,1,44,0,0,35,260,0.135,37,3.0,2.99,5.49,251,0.1711,0.259,7,0.0,0.000286,0
acc_1066,10,0.016,1,124,1,1,352,155,2.271,43,25.8,4.19,1.14,2920,0.0852,0.253,8,0.0,0.000243,0
acc_1067,14,0.07,1,63,0,0,92,24,3.833,52,66.47,1.11,2.67,2205,0.7345,0.232,8,0.0,7.9e-05,0
acc_1068,16,0.611,0,13,0,0,40,1034,0.039,3,0.34,0.22,0.45,55,0.0141,0.804,10,0.0,0.000315,1
acc_1069,10,0.447,1,4,0,1,3,732,0.004,2,1.97,0.01,0.47,100,0.6591,0.893,13,0.0128,0.000726,1
acc_1070,11,0.199,1,32,1,1,1079,87,12.402,45,97.56,2.86,1.89,2535,0.0931,0.248,4,0.0,2.5e-05,0
acc_1071,5,0.065,1,16,1,0,448,154,2.909,41,25.03,1.96,0.52,2859,0.0603,0.289,9,0.0278,0.000529,0
acc_1072,6,0.114,1,101,0,0,37,1098,0.034,60,49.88,3.5,0.17,2894,1.0,0.209,3,0.0,0.00012,0
acc_1073,10,0.372,0,4,0,1,62,1258,0.049,4,0.9,0.24,0.53,48,0.0183,0.614,15,0.0095,0.000763,1
acc_1074,10,0.016,1,15,0,0,567,145,3.91,49,6.17,2.79,7.77,2470,0.0158,0.209,7,0.0,0.000348,0
acc_1075,4,0.062,1,108,0,0,109,199,0.548,35,11.04,3.96,7.48,2639,0.1376,0.232,11,0.0364,0.000356,0
acc_1076,8,0.353,0,8,0,1,25,529,0.047,1,0.77,1.2,0.05,51,0.0791,0.443,12,0.0152,0.000501,1
acc_1077,8,0.346,0,10,0,0,49,591,0.083,0,5.06,0.16,0.45,132,0.1064,0.531,18,0.0065,0.000619,1
acc_1078,8,0.19,1,35,1,1,102,202,0.505,45,11.59,18.98,1.23,611,0.2996,0.181,3,0.0,2.6e-05,0
acc_1079,7,0.076,1,141,0,0,551,152,3.625,47,4.79,22.61,4.45,1715,0.0497,0.301,7,0.0,0.000216,0
acc_1080,18,0.551,0,9,0,0,16,3030,0.005,2,5.06,0.13,0.18,195,0.3244,0.675,15,0.0,0.000821,1
acc_1081,8,0.153,1,35,0,0,857,128,6.695,44,13.87,1.66,6.78,2775,0.0181,0.334,6,0.0,0.001268,0
acc_1082,13,0.418,1,0,0,0,93,247,0.377,0,0.34,1.15,0.37,143,0.0161,0.486,12,0.0152,0.000429,1
acc_1083,13,0.672,1,6,0,1,67,2799,0.024,0,2.47,0.08,0.27,19,0.0381,0.596,14,0.022,0.00251,1
acc_1084,6,0.064,1,114,1,0,292,207,1.411,42,24.19,0.11,0.49,347,0.0832,0.286,4,0.0,0.000165,0
acc_1085,11,0.06,1,28,1,1,467,39,11.974,45,11.41,30.27,0.31,485,0.0892,0.14,5,0.0,0.000114,0
acc_1086,15,0.398,0,3,0,1,77,4401,0.017,6,2.47,0.02,0.19,156,0.0324,0.86,17,0.0147,0.00051,1
acc_1087,15,0.469,1,4,0,1,27,332,0.081,3,0.36,0.16,0.77,59,0.0193,0.543,10,0.0889,0.000705,1
acc_1088,4,0.193,1,79,0,0,102,13083,0.008,49,45.54,2.11,3.0,1238,0.4671,0.176,3,0.0,7.5e-05,0
acc_1089,4,0.189,1,145,1,0,57,54,1.056,47,74.9,7.05,3.17,1486,1.0,0.14,8,0.0,0.000363,0
acc_1090,11,0.1,1,103,0,0,244,286,0.853,43,5.01,8.89,1.49,754,0.057,0.259,6,0.0,4.9e-05,0
acc_1091,14,0.123,1,38,1,0,200,18,11.111,55,132.7,16.5,2.74,2424,0.746,0.291,5,0.0,9.8e-05,0
acc_1092,8,0.725,1,2,0,1,129,407,0.317,2,0.12,0.08,0.5,189,0.0015,0.408,14,0.011,0.001394,1
acc_1093,14,0.074,1,111,1,1,114,512,0.223,40,57.6,2.44,5.63,2506,0.5267,0.278,6,0.0,0.000186,0
acc_1094,4,0.196,1,20,0,1,553,192,2.88,39,8.83,4.93,0.12,580,0.0249,0.058,5,0.0,0.000184,0
acc_1095,12,0.486,1,13,0,0,209,2068,0.101,4,2.77,0.08,1.05,83,0.0136,0.496,20,0.0053,0.001377,1
acc_1096,18,0.345,0,2,0,1,22,1323,0.017,3,3.97,0.29,0.85,104,0.1935,0.6,21,0.0,0.001185,1
acc_1097,15,0.414,0,2,0,1,13,1653,0.008,2,2.97,0.63,0.49,196,0.2772,0.548,7,0.0,0.000106,1
acc_1098,16,0.376,0,6,0,1,13,796,0.016,2,3.59,0.14,0.87,116,0.2871,0.716,10,0.0,0.000194,1
acc_1099,8,0.014,1,46,0,1,661,761,0.869,57,73.8,3.54,1.2,2918,0.117,0.189,6,0.0667,0.000103,0
acc_1100,14,0.502,1,14,0,1,7,1749,0.004,0,2.12,0.28,0.32,93,0.3435,0.852,15,0.0,0.000446,1
acc_1101,4,0.161,1,36,1,1,126,31,4.065,52,58.85,2.92,7.28,2316,0.4903,0.097,5,0.0,0.000192,0
acc_1102,14,0.108,1,104,0,0,339,337,1.006,44,50.22,1.61,2.1,1807,0.1529,0.335,7,0.0,0.000326,0
acc_1103,6,0.071,1,122,1,0,256,173,1.48,45,80.13,1.12,1.01,339,0.3174,0.157,3,0.0,3.4e-05,0
acc_1104,8,0.605,0,6,0,1,31,201,0.154,2,1.66,0.07,1.24,105,0.0557,0.431,23,0.0,0.00077,1
acc_1105,11,0.015,1,10,0,0,306,71,4.31,39,72.55,0.49,2.76,1056,0.2387,0.107,10,0.0,0.000117,0
acc_1106,11,0.061,1,20,0,1,208,188,1.106,42,14.81,4.47,0.95,2413,0.0927,0.182,4,0.0,6.7e-05,0
acc_1107,5,0.091,1,137,1,0,343,528,0.65,41,15.68,3.9,0.79,2977,0.0571,0.245,8,0.0,0.000189,0
acc_1108,14,0.184,0,124,0,0,67,125,0.536,43,34.15,5.34,1.29,1826,0.5894,0.263,4,0.0,0.000169,0
acc_1109,15,0.399,0,13,0,1,26,402,0.065,4,3.16,0.89,1.11,18,0.1557,0.603,13,0.0128,0.001263,1
acc_1110,5,0.119,1,113,0,0,886,215,4.121,44,3.45,4.23,1.22,1846,0.0087,0.233,4,0.0,2e-05,0
acc_1111,17,0.54,0,12,0,0,10,449,0.022,2,2.26,0.03,0.08,75,0.2287,0.787,15,0.0095,0.00081,1
acc_1112,8,0.73,1,14,0,1,99,1416,0.07,2,2.14,0.11,0.31,181,0.0227,0.432,13,0.0,0.000242,1
acc_1113,11,0.63,1,0,1,1,7,587,0.012,0,0.45,0.02,0.29,110,0.0661,0.69,12,0.0,0.000398,1
acc_1114,14,0.121,1,83,0,1,65,130,0.5,43,3.71,0.47,4.54,2799,0.0642,0.119,12,0.0455,0.00055,0
acc_1115,9,0.017,1,55,1,1,154,138,1.116,47,19.86,2.68,0.2,2547,0.1463,0.074,8,0.0357,0.000179,0
acc_1116,9,0.623,0,5,0,0,36,709,0.051,4,2.36,1.11,0.47,139,0.0963,0.898,14,0.011,0.000567,1
acc_1117,12,0.153,1,132,1,1,22,195,0.113,36,15.34,4.95,0.59,200,0.9224,0.249,3,0.0,8e-06,0
acc_1118,8,0.529,1,13,0,1,3,2875,0.001,0,1.78,0.45,0.78,51,0.7441,0.402,15,0.0,0.001336,1
acc_1119,11,0.137,1,16,0,1,1534,92,16.674,43,3.74,0.57,0.45,2023,0.0028,0.228,4,0.1667,0.001723,0
acc_1120,10,0.605,0,10,0,1,7,859,0.008,0,1.87,0.23,0.37,189,0.2991,0.705,10,0.0,0.000378,1
acc_1121,7,0.092,1,104,1,1,100,47,2.128,39,75.72,1.69,1.41,1940,0.7741,0.195,5,0.0,9e-05,0
acc_1122,12,0.107,1,29,0,1,3106,106,29.302,56,9.28,8.07,0.53,2760,0.0056,0.339,8,0.0,0.000288,0
acc_1123,16,0.637,0,7,0,0,88,1029,0.086,3,1.02,0.04,0.17,101,0.012,0.528,8,0.0,0.000317,1
acc_1124,10,0.164,1,19,1,1,154,136,1.132,57,104.26,11.51,5.07,582,0.7518,0.303,11,0.0,0.00055,0
acc_1125,10,0.679,0,11,1,1,101,278,0.363,1,0.11,0.04,0.11,38,0.0014,0.441,17,0.0074,0.000536,1
acc_1126,10,0.06,0,119,1,1,48,87,0.552,49,5.22,2.67,0.86,284,0.1644,0.211,5,0.0,7.8e-05,0
acc_1127,13,0.028,1,127,1,1,4318,72,59.972,42,17.94,3.61,1.02,2714,0.005,0.229,5,0.0,0.000139,0
acc_1128,4,0.073,1,51,0,0,65,1857,0.035,48,65.83,4.0,0.54,379,1.0,0.27,8,0.0,0.000136,0
acc_1129,7,0.169,1,52,1,0,688,168,4.095,41,15.1,6.29,0.27,1265,0.0311,0.091,7,0.0,0.000724,0
acc_1130,10,0.09,1,135,0,0,540,156,3.462,41,23.07,2.9,0.0,1265,0.0481,0.349,12,0.0,0.00045,0
acc_1131,6,0.126,0,31,1,1,563,148,3.804,45,20.87,1.63,2.29,722,0.04,0.128,4,0.0,9.6e-05,0
acc_1132,13,0.734,0,7,0,1,115,850,0.135,1,3.75,0.51,0.01,169,0.037,0.853,13,0.0,0.000784,1
acc_1133,12,0.553,0,5,0,0,16,479,0.033,3,0.26,1.39,0.87,12,0.1031,0.468,12,0.0,0.000267,1
acc_1134,10,0.065,1,149,0,1,2496,100,24.96,58,2.08,0.74,4.21,1312,0.0011,0.09,9,0.0,0.000127,0
acc_1135,6,0.101,1,64,1,0,489,544,0.899,41,53.37,10.87,1.38,2987,0.1314,0.252,4,0.0,0.000108,0
acc_1136,8,0.105,1,91,1,0,2,42,0.048,42,3.67,0.92,0.0,2337,1.0,0.16,6,0.0,3.5e-05,0
acc_1137,9,0.173,1,93,0,0,5413,186,29.102,40,175.81,8.52,2.31,2406,0.0341,0.26,4,0.0,5.1e-05,0
acc_1138,4,0.081,1,94,0,0,56,265,0.211,56,34.34,9.38,7.13,2652,0.7808,0.116,14,0.011,0.0006,0
acc_1139,8,0.778,1,3,0,1,125,583,0.214,4,1.18,0.17,1.6,14,0.0108,0.451,12,0.0455,0.000389,1
acc_1140,4,0.048,1,59,0,1,191,224,0.853,58,13.22,3.96,4.3,945,0.0899,0.071,4,0.0,5.1e-05,0
acc_1141,10,0.008,1,82,1,0,273,121,2.256,46,0.2,0.58,1.04,540,0.0028,0.331,5,0.0,3.8e-05,0
acc_1142,16,0.609,0,11,0,1,246,1267,0.194,0,1.37,0.29,0.59,62,0.0067,0.679,16,0.0083,0.000648,1
acc_1143,9,0.492,0,13,0,1,127,1947,0.065,1,0.1,0.1,0.5,133,0.0016,0.732,11,0.0,0.000677,1
acc_1144,6,0.143,0,89,0,0,321,78,4.115,52,59.45,4.38,3.99,693,0.1989,0.348,6,0.0,7.7e-05,0
acc_1145,9,0.199,1,148,1,1,488,500,0.976,41,67.52,0.65,8.75,1938,0.1397,0.32,7,0.0,0.000287,0
acc_1146,13,0.182,1,65,1,0,386,119,3.244,41,3.77,9.21,1.01,952,0.0336,0.326,6,0.0,4.4e-05,0
acc_1147,10,0.028,1,71,1,0,218,1186,0.184,49,50.35,0.14,1.82,1290,0.2316,0.166,7,0.0,0.000218,0
acc_1148,14,0.118,1,48,1,0,328,38,8.632,59,1.54,0.68,3.07,1803,0.0068,0.279,15,0.0,0.000408,0
acc_1149,4,0.096,1,54,1,0,197,234,0.842,49,8.82,7.49,5.12,1998,0.0828,0.157,4,0.0,2.4e-05,0
acc_1150,10,0.052,1,67,1,1,103,476,0.216,48,170.18,2.62,3.06,859,1.0,0.158,4,0.0,3.6e-05,0
acc_1151,9,0.152,1,80,1,0,358,59,6.068,47,29.76,2.28,10.99,1888,0.0895,0.146,6,0.0,0.000984,0
acc_1152,11,0.017,1,93,0,1,423,136,3.11,40,34.56,0.05,6.49,2184,0.0818,0.072,4,0.0,8.6e-05,0
acc_1153,7,0.155,1,82,1,0,726,130,5.585,51,90.57,1.6,0.23,1083,0.127,0.057,5,0.0,6.9e-05,0
acc_1154,8,0.014,1,33,0,0,4451,104,42.798,49,18.98,3.51,0.2,2680,0.0051,0.249,7,0.0,0.000139,0
acc_1155,12,0.032,1,24,1,0,48,204,0.235,40,5.18,0.15,4.81,964,0.1111,0.204,6,0.0,3.9e-05,0
acc_1156,14,0.329,0,10,0,1,11,1272,0.009,1,1.16,0.31,0.6,93,0.134,0.822,20,0.0,0.001113,1
acc_1157,5,0.123,1,143,1,0,257,37,6.946,44,1.83,2.75,1.21,2298,0.0178,0.329,4,0.0,9.1e-05,0
acc_1158,10,0.007,1,28,0,1,110,222,0.495,47,21.39,0.97,6.03,837,0.2033,0.283,6,0.0,7.8e-05,0
acc_1159,11,0.115,1,53,0,1,645,99,6.515,45,42.37,4.93,2.19,2860,0.0733,0.137,12,0.0,0.000657,0
acc_1160,5,0.181,1,21,0,0,191,228,0.838,42,28.87,6.62,0.63,1538,0.1858,0.092,6,0.0,6.4e-05,0
acc_1161,14,0.145,1,22,0,1,40,222,0.18,34,44.78,0.76,0.09,1386,1.0,0.207,5,0.0,8e-05,0
acc_1162,11,0.141,1,91,0,0,4750,36,131.944,44,58.2,0.12,3.52,1028,0.0123,0.185,6,0.0,4.2e-05,0
acc_1163,8,0.132,1,57,0,1,566,350,1.617,38,0.38,1.46,1.53,2337,0.0032,0.167,4,0.0,0.000158,0
acc_1164,11,0.093,1,131,1,1,133,92,1.446,37,0.21,0.54,2.32,2819,0.0057,0.097,12,0.0,0.000776,0
acc_1165,12,0.072,1,86,1,0,237,316,0.75,48,24.61,0.61,4.18,2886,0.1064,0.342,3,0.0,9e-06,0
acc_1166,14,0.141,1,30,1,0,4336,461,9.406,39,11.31,4.98,2.8,1872,0.0038,0.287,13,0.0128,0.000364,0
acc_1167,8,0.182,1,21,1,0,58,41,1.415,37,30.86,2.94,1.15,2156,0.5827,0.264,7,0.0,0.001913,0
acc_1168,10,0.506,0,13,0,1,2,330,0.006,0,3.49,0.01,0.55,192,1.0,0.793,15,0.019,0.000551,1
acc_1169,10,0.198,1,108,1,1,97,282,0.344,42,30.63,2.48,3.22,1707,0.3413,0.341,5,0.0,1.7e-05,0
acc_1170,12,0.142,1,17,0,0,249,1238,0.201,48,0.79,0.22,2.28,1051,0.0041,0.288,7,0.0,9.3e-05,0
acc_1171,10,0.069,1,73,0,0,862,175,4.926,41,48.27,3.69,2.5,2866,0.0603,0.271,5,0.0,0.00015,0
acc_1172,17,0.331,1,2,0,1,36,512,0.07,3,0.18,0.05,0.16,108,0.0064,0.434,28,0.0079,0.003965,1
acc_1173,12,0.057,1,95,0,1,553,184,3.005,37,3.06,3.33,2.41,1168,0.0116,0.134,8,0.0,0.000351,0
acc_1174,5,0.003,1,92,1,0,377,205,1.839,52,34.84,0.06,5.65,1967,0.0926,0.312,4,0.0,7.5e-05,0
acc_1175,15,0.423,1,12,0,1,97,1257,0.077,3,2.64,0.4,0.01,129,0.0313,0.588,12,0.0152,0.000515,1
acc_1176,7,0.042,1,118,1,0,5904,105,56.229,37,12.45,0.95,2.45,258,0.0023,0.311,3,0.0,0.00021,0
acc_1177,7,0.176,1,124,1,1,105,769,0.137,56,6.38,3.44,6.81,1780,0.0935,0.199,5,0.0,0.000276,0
acc_1178,14,0.181,1,88,0,0,41,175,0.234,40,43.74,1.79,0.75,2572,1.0,0.274,4,0.0,9.4e-05,0
acc_1179,10,0.059,1,103,0,0,1465,66,22.197,43,2.39,4.18,10.05,513,0.0045,0.344,3,0.0,3.1e-05,0
acc_1180,13,0.004,1,26,0,0,509,202,2.52,58,1.9,5.4,0.35,1449,0.0143,0.276,9,0.0,0.000197,0
acc_1181,5,0.19,1,45,0,1,228,110,2.073,40,63.83,4.77,0.36,1739,0.3009,0.129,5,0.0,4.3e-05,0
acc_1182,7,0.138,1,47,1,0,109,111,0.982,37,4.04,0.4,8.46,1640,0.0408,0.08,4,0.0,4.3e-05,0
acc_1183,4,0.029,1,20,1,0,518,45,11.511,47,73.03,2.85,2.02,1867,0.1465,0.083,4,0.0,2e-05,0
acc_1184,8,0.071,1,92,0,1,218,877,0.249,53,84.26,7.49,3.7,2057,0.4209,0.202,6,0.0,0.00015,0
acc_1185,10,0.135,1,69,1,1,392,117,3.35,34,8.7,1.43,8.77,483,0.0258,0.084,4,0.0,3e-05,0
acc_1186,10,0.389,0,6,0,1,99,353,0.28,0,2.11,0.02,1.95,39,0.0215,0.617,8,0.0,8.1e-05,1
acc_1187,11,0.018,1,25,1,1,201,473,0.425,54,54.9,0.82,5.07,2239,0.2772,0.067,4,0.0,5.8e-05,0
acc_1188,13,0.179,1,13,1,1,412,284,1.451,33,63.62,2.69,5.06,2607,0.1609,0.151,9,0.0,0.001219,0
acc_1189,10,0.14,1,67,1,0,256,72,3.556,37,38.32,1.41,0.37,332,0.1552,0.299,7,0.0,0.000195,0
acc_1190,10,0.303,1,9,0,1,43,973,0.044,2,1.95,0.06,0.12,32,0.0468,0.699,12,0.0152,0.000305,1
acc_1191,4,0.099,1,62,1,0,254,158,1.608,34,36.44,0.99,4.26,2115,0.1473,0.112,8,0.0,0.000438,0
acc_1192,6,0.194,1,141,1,0,25,223,0.112,57,64.51,3.07,3.69,2402,1.0,0.251,6,0.0667,0.000254,0
acc_1193,7,0.053,1,134,0,1,297,107,2.776,52,0.46,0.79,1.26,2956,0.0042,0.339,7,0.0,0.000201,0
acc_1194,12,0.036,1,29,0,0,855,154,5.552,42,1.94,16.09,7.29,1463,0.0211,0.282,3,0.0,4e-06,0
acc_1195,7,0.152,1,101,0,1,125,568,0.22,53,53.32,0.93,1.01,1183,0.434,0.267,8,0.0,9e-05,0
acc_1196,16,0.304,1,4,0,1,25,763,0.033,3,3.65,1.36,0.32,150,0.2004,0.425,17,0.0,0.000232,1
acc_1197,7,0.144,1,18,0,0,789,130,6.069,53,0.79,4.05,4.06,1956,0.0061,0.064,5,0.0,5.8e-05,0
acc_1198,9,0.115,1,111,0,0,441,257,1.716,32,108.76,1.99,2.24,728,0.2511,0.258,13,0.0,0.000263,0
acc_1199,11,0.095,1,117,0,0,138,888,0.155,38,15.33,10.02,17.01,854,0.1837,0.261,4,0.0,4.2e-05,0
acc_1200,11,0.579,0,3,1,0,82,296,0.277,3,0.04,0.33,0.44,149,0.0045,0.607,22,0.0043,0.001159,1
acc_1201,14,0.048,1,138,0,0,144,89,1.618,42,32.77,3.36,0.31,1283,0.2509,0.35,5,0.0,0.000217,0
acc_1202,7,0.003,1,73,0,0,64,45,1.422,45,48.39,1.13,1.16,2870,0.7737,0.065,5,0.0,0.00013,0
acc_1203,9,0.8,1,2,0,1,37,1606,0.023,1,3.15,0.37,0.78,109,0.0951,0.539,13,0.0,0.00039,1
acc_1204,8,0.106,0,25,0,1,1926,42,45.857,40,0.78,1.01,2.78,1116,0.0009,0.328,4,0.0,1.5e-05,0
acc_1205,13,0.759,0,4,0,1,10,927,0.011,2,1.26,0.03,0.57,113,0.129,0.612,14,0.011,0.000723,1
acc_1206,14,0.374,0,11,0,1,37,233,0.159,2,0.41,0.22,0.02,167,0.017,0.829,7,0.0,0.000195,1
acc_1207,11,0.681,0,11,0,0,4,834,0.005,2,2.38,0.32,0.19,144,0.6739,0.571,12,0.0,0.000234,1
acc_1208,8,0.765,0,14,0,0,60,662,0.091,4,3.28,0.19,0.04,177,0.0578,0.798,11,0.0182,0.000339,1
acc_1209,6,0.01,1,76,1,0,137,51,2.686,56,88.66,1.63,0.77,208,0.659,0.235,5,0.0,0.000101,0
acc_1210,8,0.022,1,125,0,1,100,120,0.833,36,90.43,1.91,0.19,484,0.9233,0.322,10,0.0222,0.000929,0
acc_1211,9,0.056,1,95,1,1,34,98,0.347,48,118.67,2.42,4.63,1388,1.0,0.093,4,0.0,0.000102,0
acc_1212,11,0.049,1,35,0,0,337,67,5.03,43,20.34,7.44,7.86,2241,0.0824,0.231,14,0.0,0.00036,0
acc_1213,14,0.103,1,64,0,0,914,523,1.748,43,14.97,1.07,1.84,1645,0.0176,0.232,3,0.0,2.6e-05,0
acc_1214,8,0.156,1,71,1,0,502,236,2.127,59,24.26,13.01,1.84,1342,0.0742,0.15,4,0.0,1.6e-05,0
acc_1215,6,0.115,0,121,0,1,816,62,13.161,43,56.77,1.41,0.31,2300,0.0713,0.214,6,0.0,0.000198,0
acc_1216,11,0.699,1,3,0,1,212,2486,0.085,2,0.97,0.26,0.65,158,0.0058,0.889,17,0.0147,0.000324,1
acc_1217,5,0.025,1,131,0,0,109,298,0.366,44,30.86,0.94,1.0,1159,0.2918,0.231,13,0.0,0.000348,0
acc_1218,12,0.593,0,0,0,0,9,2224,0.004,2,2.06,0.76,0.18,94,0.314,0.499,12,0.0,0.000571,1
acc_1219,4,0.144,1,140,0,1,445,167,2.665,35,6.18,1.59,5.13,2066,0.0175,0.197,8,0.0,0.00029,0
acc_1220,8,0.184,1,57,0,0,350,418,0.837,47,44.41,1.5,0.1,2384,0.1312,0.166,10,0.0,0.00027,0
acc_1221,14,0.016,1,76,0,1,139,49,2.837,57,56.78,10.48,10.99,2701,0.4839,0.09,4,0.0,4.1e-05,0
acc_1222,4,0.162,1,119,0,0,261,99,2.636,37,20.06,2.33,0.96,2093,0.0858,0.076,7,0.0,0.000246,0
acc_1223,12,0.026,1,59,0,0,444,50,8.88,56,12.38,0.69,5.32,1222,0.0295,0.227,7,0.0,0.000148,0
acc_1224,16,0.339,0,1,0,1,63,2787,0.023,2,2.57,0.25,0.33,35,0.0448,0.882,12,0.0,0.000307,1
acc_1225,5,0.025,1,85,0,0,175,25,7.0,56,25.78,6.57,0.01,1428,0.1849,0.199,6,0.0667,0.000258,0
acc_1226,13,0.128,1,137,1,1,860,96,8.958,40,2.36,6.31,1.72,816,0.0101,0.105,6,0.0,0.000182,0
acc_1227,14,0.053,1,130,0,0,36,354,0.102,32,4.71,7.23,3.22,2865,0.3317,0.177,4,0.0,1.9e-05,0
acc_1228,10,0.191,1,25,0,0,496,209,2.373,59,47.14,5.19,8.82,896,0.1055,0.125,10,0.0,0.000238,0
acc_1229,12,0.07,1,135,1,0,260,30,8.667,48,44.03,5.72,0.55,1963,0.1914,0.317,9,0.0,0.000486,0
acc_1230,8,0.698,0,12,0,0,127,1187,0.107,1,1.75,0.52,0.99,96,0.0178,0.579,15,0.0,0.000956,1
acc_1231,4,0.064,1,65,0,0,225,129,1.744,44,130.81,16.12,0.31,209,0.653,0.26,7,0.0,0.000158,0
acc_1232,16,0.625,1,3,0,1,128,1920,0.067,3,0.58,0.22,2.93,73,0.0063,0.608,18,0.0,0.001119,1
acc_1233,6,0.062,1,126,1,1,619,232,2.668,43,64.68,2.76,0.41,2367,0.1089,0.26,6,0.0,8.5e-05,0
acc_1234,11,0.041,1,124,0,0,331,69,4.797,39,17.54,2.45,3.12,1019,0.0604,0.34,6,0.0,0.000326,0
acc_1235,4,0.197,1,86,0,0,194,104,1.865,49,2.97,0.49,1.42,2410,0.0178,0.055,4,0.0,0.000107,0
acc_1236,18,0.307,0,4,0,1,195,2614,0.075,2,4.21,0.14,0.25,86,0.0223,0.696,14,0.0,0.000461,1
acc_1237,12,0.152,1,116,0,0,148,192,0.771,56,83.8,5.38,0.34,2401,0.6026,0.164,5,0.0,0.000113,0
acc_1238,12,0.794,0,0,0,1,10,337,0.03,1,1.32,0.2,0.19,161,0.1518,0.42,15,0.0,0.00259,1
acc_1239,12,0.545,1,11,0,1,67,1543,0.043,1,7.35,0.0,1.62,151,0.1098,0.507,15,0.0,0.002671,1
acc_1240,11,0.077,1,42,1,0,245,119,2.059,45,23.88,2.12,6.63,1997,0.1061,0.094,6,0.0,0.000195,0
acc_1241,13,0.402,0,8,0,0,17,424,0.04,2,1.5,0.47,0.04,6,0.1156,0.689,13,0.0,0.00049,1
acc_1242,5,0.089,1,34,0,0,38,106,0.358,46,39.65,6.87,8.65,1302,1.0,0.193,6,0.0,7.8e-05,0
acc_1243,13,0.103,0,104,0,1,43,219,0.196,46,33.29,1.49,4.79,2070,0.8088,0.121,5,0.0,9.4e-05,0
acc_1244,10,0.055,1,108,0,0,945,105,9.0,51,11.25,11.12,3.18,2300,0.0237,0.219,5,0.0,2.3e-05,0
acc_1245,4,0.164,1,125,1,0,1211,38,31.868,46,70.39,3.7,5.08,844,0.0612,0.195,5,0.0,0.000185,0
acc_1246,13,0.086,1,146,0,0,410,74,5.541,48,10.93,1.66,7.47,2154,0.0307,0.137,5,0.0,4.3e-05,0
acc_1247,5,0.14,1,14,1,1,207,205,1.01,43,9.95,8.56,1.34,2726,0.0895,0.332,12,0.0,0.000492,0
acc_1248,10,0.156,1,99,0,0,954,140,6.814,42,8.86,5.92,1.83,1020,0.0155,0.238,6,0.0,0.000113,0
acc_1249,10,0.014,1,122,0,0,3454,574,6.017,53,26.6,18.98,2.28,674,0.0132,0.15,7,0.0476,0.000637,0
acc_1250,12,0.199,1,39,1,0,1106,128,8.641,59,37.39,1.98,1.3,2594,0.0356,0.178,11,0.0,0.000955,0
acc_1251,12,0.1,1,99,1,0,24,214,0.112,44,45.43,0.05,0.37,1513,1.0,0.276,4,0.0,4.2e-05,0
acc_1252,19,0.543,1,3,0,0,207,825,0.251,2,0.82,0.36,0.32,128,0.0057,0.733,10,0.0,0.000438,1
acc_1253,9,0.345,1,6,0,1,56,293,0.191,0,2.3,0.45,0.4,141,0.0492,0.51,16,0.0,0.002914,1
acc_1254,11,0.008,1,100,1,0,185,33,5.606,33,16.89,2.72,0.05,204,0.106,0.201,6,0.0,0.00018,0
acc_1255,6,0.154,1,116,0,0,50,351,0.142,42,9.63,0.4,0.22,1366,0.2005,0.228,9,0.0,0.000232,0
acc_1256,8,0.065,1,148,0,1,1594,147,10.844,64,41.28,1.38,2.21,2634,0.0268,0.266,6,0.0,0.000102,0
acc_1257,4,0.144,1,22,1,0,230,73,3.151,45,46.13,0.33,0.7,1955,0.202,0.085,4,0.0,3.5e-05,0
acc_1258,8,0.045,1,12,1,1,144,244,0.59,38,122.85,6.07,1.0,424,0.8953,0.171,3,0.0,3.2e-05,0
acc_1259,10,0.683,0,13,0,1,103,335,0.307,2,4.63,0.18,0.11,50,0.0468,0.636,15,0.0,0.000339,1
acc_1260,13,0.199,1,11,0,0,26,64,0.406,37,39.1,1.8,2.6,1090,1.0,0.165,8,0.0,0.000164,0
acc_1261,5,0.073,1,66,1,0,524,835,0.628,39,2.3,9.01,11.73,1232,0.0216,0.139,4,0.1667,0.000104,0
acc_1262,5,0.069,1,96,0,0,206,44,4.682,39,0.98,3.24,0.56,352,0.0205,0.289,7,0.0,0.000151,0
acc_1263,15,0.349,1,11,0,0,26,335,0.078,4,4.62,0.05,0.35,74,0.1796,0.776,17,0.0147,0.00121,1
acc_1264,12,0.776,0,14,0,1,107,1675,0.064,2,0.02,0.24,0.29,180,0.0024,0.817,16,0.0,0.000275,1
acc_1265,8,0.005,1,24,1,1,30,114,0.263,56,18.34,1.74,1.65,2051,0.6694,0.241,4,0.0,3.3e-05,0
acc_1266,9,0.137,1,92,0,1,149,253,0.589,38,33.94,2.37,0.3,211,0.2437,0.053,7,0.0476,0.000142,0
acc_1267,5,0.09,1,146,1,0,21,152,0.138,41,20.86,0.71,0.3,2987,1.0,0.233,4,0.0,0.000139,0
acc_1268,14,0.131,1,84,1,0,712,782,0.91,50,99.42,3.88,5.63,1340,0.1451,0.272,7,0.0,0.000972,0
acc_1269,11,0.617,0,12,0,1,5,703,0.007,1,0.46,0.2,0.14,138,0.1329,0.81,14,0.0,0.000508,1
acc_1270,9,0.108,1,127,0,0,2350,238,9.874,47,52.21,4.22,0.8,2763,0.024,0.077,10,0.0,0.000175,0
acc_1271,14,0.09,1,148,0,0,39,575,0.068,48,65.65,3.89,3.02,2867,1.0,0.175,6,0.0,0.000111,0
acc_1272,13,0.019,1,45,0,1,238,299,0.796,35,4.06,8.59,3.69,2176,0.0531,0.246,7,0.0,0.000582,0
acc_1273,10,0.128,1,68,1,0,371,67,5.537,39,15.27,9.23,4.65,2385,0.066,0.307,6,0.0667,0.000241,0
acc_1274,8,0.067,1,135,1,1,2100,86,24.419,32,13.51,2.28,0.56,2536,0.0075,0.298,6,0.0,0.000143,0
acc_1275,13,0.072,1,30,1,1,167,186,0.898,43,30.83,1.44,3.04,2211,0.1932,0.124,4,0.0,1.3e-05,0
acc_1276,11,0.127,1,91,0,1,85,65,1.308,40,10.06,0.35,5.15,1670,0.1225,0.339,3,0.0,2e-05,0
acc_1277,14,0.157,0,17,1,0,120,281,0.427,49,30.81,1.25,7.8,1591,0.2672,0.292,4,0.0,6.4e-05,0
acc_1278,8,0.088,1,96,1,1,290,124,2.339,40,17.95,6.86,0.41,1696,0.0855,0.059,5,0.0,0.000101,0
acc_1279,17,0.721,0,4,0,1,70,422,0.166,1,0.66,0.22,0.66,92,0.0125,0.548,10,0.0,0.000493,1
acc_1280,9,0.024,1,22,0,0,3757,485,7.746,39,0.29,0.56,0.67,306,0.0002,0.116,3,0.0,7.6e-05,0
acc_1281,13,0.049,1,122,1,0,147,89,1.652,40,18.49,0.31,4.16,651,0.1279,0.161,5,0.1,0.000135,0
acc_1282,10,0.018,1,94,0,1,294,499,0.589,41,25.13,2.05,7.97,2449,0.0924,0.122,3,0.0,0.000187,0
acc_1283,11,0.059,1,28,0,1,38,208,0.183,36,27.77,1.63,2.99,645,0.7736,0.21,3,0.0,8.5e-05,0
acc_1284,15,0.306,1,11,0,1,72,753,0.096,4,1.91,0.47,1.49,76,0.033,0.541,12,0.0152,0.000617,1
acc_1285,12,0.044,1,11,1,0,815,136,5.993,39,19.88,4.88,1.82,1077,0.0304,0.101,8,0.0,0.000641,0
acc_1286,14,0.051,1,44,0,1,455,254,1.791,50,4.57,0.98,6.0,586,0.0122,0.243,6,0.0,0.000142,0
acc_1287,12,0.338,0,5,0,1,39,470,0.083,1,1.01,0.2,0.68,52,0.031,0.862,12,0.0,0.000608,1
acc_1288,12,0.747,1,14,0,1,132,528,0.25,2,5.53,0.07,0.61,151,0.0424,0.652,21,0.0,0.006243,1
acc_1289,7,0.024,1,24,0,0,944,77,12.26,42,99.51,0.17,4.37,1639,0.1056,0.103,9,0.0,0.000115,0
acc_1290,9,0.079,1,124,1,0,56,160,0.35,59,1.94,0.67,1.53,688,0.0467,0.141,4,0.0,0.000158,0
acc_1291,18,0.761,0,1,0,1,26,341,0.076,1,1.93,0.57,0.01,121,0.0958,0.637,12,0.0152,0.000833,1
acc_1292,13,0.148,1,46,0,1,307,31,9.903,42,1.9,1.82,0.15,1702,0.0121,0.137,4,0.1667,2.1e-05,0
acc_1293,6,0.0,1,26,1,0,80,228,0.351,40,13.45,2.77,1.41,1573,0.2027,0.124,6,0.0,0.000104,0
acc_1294,9,0.001,1,140,0,1,126,89,1.416,46,56.51,2.32,3.6,724,0.4668,0.227,8,0.0,0.000201,0
acc_1295,5,0.119,1,117,0,0,126,798,0.158,51,18.5,2.8,10.25,222,0.1691,0.321,4,0.0,3e-05,0
acc_1296,10,0.542,1,4,1,0,11,943,0.012,2,4.63,0.1,0.08,162,0.4306,0.889,11,0.0,0.000245,1
acc_1297,13,0.027,1,20,0,0,333,37,9.0,54,2.1,3.31,4.79,2468,0.0163,0.072,5,0.0,8.1e-05,0
acc_1298,4,0.028,1,106,0,0,307,356,0.862,36,103.85,2.17,5.97,2983,0.3453,0.221,9,0.0,0.00025,0
acc_1299,11,0.004,1,120,1,0,42,252,0.167,49,21.2,8.34,5.79,2219,0.7033,0.193,10,0.0,0.000363,0
acc_1300,8,0.452,0,5,0,0,8,2314,0.003,3,1.94,0.16,0.08,187,0.2623,0.671,18,0.0,0.000992,1
acc_1301,7,0.038,1,37,1,0,1397,190,7.353,36,59.43,6.37,1.79,2219,0.0471,0.296,3,0.0,5.6e-05,0
acc_1302,9,0.079,1,33,1,1,123,230,0.535,42,13.29,3.47,1.36,1326,0.1362,0.096,6,0.0,9e-05,0
acc_1303,12,0.013,1,129,0,0,417,58,7.19,46,7.08,7.54,2.59,1228,0.0351,0.121,7,0.0476,0.000327,0
acc_1304,6,0.078,1,15,1,0,11,106,0.104,45,158.13,0.08,1.5,647,1.0,0.148,4,0.0,0.00014,0
acc_1305,8,0.184,1,15,0,1,533,133,4.008,43,37.16,0.79,2.3,653,0.0712,0.1,10,0.0,0.001254,0
acc_1306,5,0.031,1,22,1,0,611,46,13.283,51,36.28,0.64,1.26,1795,0.0604,0.07,7,0.0,6.3e-05,0
acc_1307,5,0.164,1,144,1,0,17,649,0.026,33,54.73,6.54,6.69,411,1.0,0.208,3,0.0,1.9e-05,0
acc_1308,12,0.651,1,1,0,1,3,631,0.005,1,0.79,0.02,0.53,73,0.2695,0.863,16,0.0,0.000578,1
acc_1309,16,0.497,0,6,0,1,26,1563,0.017,1,5.91,0.0,1.88,120,0.2273,0.575,10,0.0222,0.00035,1
acc_1310,6,0.14,1,49,1,0,701,160,4.381,36,39.84,0.24,0.22,1409,0.0572,0.186,3,0.0,0.000103,0
acc_1311,19,0.531,1,4,0,1,18,266,0.068,2,1.76,0.27,1.32,13,0.113,0.855,12,0.0,0.000236,1
acc_1312,14,0.088,1,90,1,1,355,142,2.5,39,26.73,6.79,1.94,1169,0.0944,0.209,6,0.0,0.000732,0
acc_1313,11,0.666,1,11,0,1,28,1240,0.023,1,4.42,0.66,0.19,168,0.1814,0.487,15,0.0,0.001537,1
acc_1314,12,0.5,0,14,0,1,32,1758,0.018,1,0.2,0.19,0.44,30,0.0124,0.755,13,0.0,0.000618,1
acc_1315,5,0.194,1,47,0,0,424,1339,0.317,46,7.58,16.09,1.73,995,0.0558,0.165,10,0.0,0.000783,0
acc_1316,14,0.087,1,107,0,0,299,75,3.987,63,37.72,5.97,0.72,812,0.1461,0.119,7,0.0,0.00053,0
acc_1317,12,0.059,1,45,1,0,177,284,0.623,43,12.28,1.24,2.56,1640,0.0764,0.188,6,0.0,0.000533,0
acc_1318,6,0.188,1,47,0,1,311,71,4.38,40,35.07,33.59,2.16,2584,0.2208,0.174,5,0.0,0.000434,0
acc_1319,17,0.47,0,13,0,1,17,737,0.023,1,3.93,0.87,0.04,97,0.2824,0.473,15,0.0,0.000833,1
acc_1320,7,0.078,1,141,1,0,82,197,0.416,44,8.03,2.47,1.85,260,0.1281,0.111,6,0.0,0.000186,0
acc_1321,13,0.152,1,32,0,0,4336,510,8.502,48,1.74,3.94,8.11,446,0.0013,0.229,7,0.0,0.000165,0
acc_1322,13,0.483,1,5,0,1,41,1795,0.023,3,2.04,0.92,0.09,130,0.0722,0.847,11,0.0,0.00024,1
acc_1323,13,0.649,1,2,0,1,13,579,0.022,3,2.8,1.07,0.48,13,0.298,0.69,16,0.0083,0.000702,1
acc_1324,9,0.003,1,140,1,1,246,202,1.218,43,22.68,8.25,0.13,2311,0.1257,0.217,3,0.0,8e-05,0
acc_1325,8,0.066,1,22,1,0,31,31,1.0,50,14.46,3.93,5.44,2610,0.5932,0.198,5,0.0,6.8e-05,0
acc_1326,17,0.669,1,5,0,1,31,323,0.096,4,0.12,0.4,0.48,5,0.0168,0.644,20,0.0,0.000756,1
acc_1327,18,0.767,1,2,0,0,18,282,0.064,1,0.6,0.66,0.2,116,0.0696,0.458,11,0.0,0.000767,1
acc_1328,16,0.398,1,2,1,1,23,1421,0.016,6,0.65,0.11,0.13,56,0.033,0.587,10,0.0,0.000489,1
acc_1329,8,0.106,1,36,0,0,328,94,3.489,45,22.38,2.64,2.54,994,0.0763,0.13,6,0.0,4.7e-05,0
acc_1330,13,0.16,1,79,1,1,834,111,7.514,42,14.0,3.76,1.37,1376,0.0213,0.217,5,0.0,2.7e-05,0
acc_1331,9,0.14,1,70,0,1,134,441,0.304,50,60.2,4.2,3.79,1394,0.4806,0.097,8,0.0,9.2e-05,0
acc_1332,13,0.526,0,6,0,1,10,1580,0.006,2,1.96,0.11,0.24,116,0.2074,0.613,19,0.0058,0.000719,1
acc_1333,7,0.067,1,114,0,0,258,69,3.739,47,14.51,3.57,3.97,800,0.0701,0.14,3,0.0,3e-06,0
acc_1334,4,0.137,1,146,0,0,509,75,6.787,47,34.14,0.59,1.15,290,0.0682,0.179,5,0.0,0.000138,0
acc_1335,13,0.116,1,47,0,0,835,255,3.275,43,2.91,7.33,5.29,487,0.0123,0.108,6,0.0,0.000125,0
acc_1336,15,0.453,1,4,0,0,3,607,0.005,1,1.48,0.34,0.04,23,0.6047,0.49,16,0.025,0.001256,1
acc_1337,14,0.135,1,10,1,0,102,391,0.261,36,3.34,1.22,1.39,1555,0.0447,0.07,5,0.1,0.000435,0
acc_1338,8,0.089,1,137,0,0,59,1300,0.045,28,0.69,1.77,0.9,760,0.0417,0.153,10,0.0,0.000309,0
acc_1339,12,0.145,1,96,0,1,66,76,0.868,43,37.45,3.45,13.28,2570,0.6197,0.252,6,0.0,4.4e-05,0
acc_1340,6,0.024,1,104,0,1,331,96,3.448,38,24.36,0.7,10.1,2283,0.0757,0.127,9,0.0,0.000606,0
acc_1341,12,0.006,1,138,0,0,203,523,0.388,44,43.92,5.74,5.32,2066,0.2446,0.076,5,0.0,0.000108,0
acc_1342,10,0.076,1,75,0,1,30,76,0.395,40,127.71,1.71,0.12,2870,1.0,0.278,9,0.0,0.000496,0
acc_1343,15,0.536,0,4,1,1,77,715,0.108,2,1.88,0.06,0.53,89,0.0253,0.725,15,0.0,0.000977,1
acc_1344,12,0.048,1,72,0,0,178,543,0.328,45,63.9,2.95,2.41,548,0.3756,0.247,10,0.0,0.000141,0
acc_1345,12,0.164,1,97,1,1,186,82,2.268,50,7.56,1.76,0.92,1140,0.0501,0.233,6,0.0,7.1e-05,0
acc_1346,8,0.082,1,92,0,1,504,212,2.377,36,37.26,1.06,10.94,1712,0.076,0.344,4,0.0,0.000151,0
acc_1347,10,0.172,1,30,0,0,1355,123,11.016,54,7.09,5.92,0.88,567,0.0096,0.111,6,0.0,0.000105,0
acc_1348,4,0.079,1,143,0,0,177,49,3.612,33,23.24,12.66,1.67,2597,0.2028,0.107,3,0.0,2.7e-05,0
acc_1349,6,0.106,1,42,1,1,2616,71,36.845,52,11.15,0.94,1.05,2526,0.0046,0.069,3,0.3333,3.6e-05,0
acc_1350,11,0.057,1,122,1,1,143,187,0.765,50,14.52,11.44,2.1,733,0.1815,0.266,5,0.0,3.8e-05,0
acc_1351,13,0.096,1,104,1,0,399,52,7.673,32,145.0,8.44,2.68,2164,0.3846,0.083,4,0.0,1.6e-05,0
acc_1352,9,0.15,1,87,0,0,1786,112,15.946,50,92.27,1.22,0.82,2881,0.0523,0.229,7,0.0,0.000386,0
acc_1353,6,0.074,1,99,1,1,82,340,0.241,44,12.39,1.01,0.71,759,0.1634,0.167,5,0.0,8.2e-05,0
acc_1354,5,0.039,0,78,1,1,417,52,8.019,44,27.16,18.14,1.29,1097,0.1086,0.21,5,0.0,6.8e-05,0
acc_1355,6,0.085,1,148,0,1,503,558,0.901,47,21.06,1.02,0.53,616,0.0439,0.264,3,0.0,3.3e-05,0
acc_1356,17,0.744,0,7,0,0,9,918,0.01,3,5.47,0.12,3.0,37,0.6218,0.519,8,0.0,0.000192,1
acc_1357,8,0.191,0,36,0,1,536,64,8.375,44,57.86,12.84,0.87,2979,0.1319,0.229,4,0.0,1.5e-05,0
acc_1358,11,0.505,0,2,0,1,4,579,0.007,1,2.39,0.55,0.52,49,0.7345,0.459,12,0.0,0.000326,1
acc_1359,17,0.515,0,6,0,0,52,1168,0.045,1,3.72,0.31,1.02,168,0.0776,0.636,12,0.0,0.000166,1
acc_1360,13,0.192,1,116,0,0,954,171,5.579,50,76.76,3.41,2.8,229,0.084,0.329,6,0.0,0.000109,0
acc_1361,8,0.039,1,88,0,1,870,172,5.058,43,24.7,0.25,0.5,679,0.0287,0.108,6,0.0,0.000196,0
acc_1362,5,0.147,1,60,1,1,25,13,1.923,43,17.11,3.0,2.25,325,0.8044,0.155,7,0.0952,0.000487,0
acc_1363,4,0.143,1,35,1,0,82,78,1.051,45,79.97,4.23,1.98,990,1.0,0.149,6,0.0,6e-05,0
acc_1364,10,0.18,1,118,1,1,12,402,0.03,53,20.27,0.1,0.54,393,1.0,0.275,6,0.0,0.000276,0
acc_1365,18,0.703,0,10,0,0,43,948,0.045,0,1.03,0.16,0.2,1,0.0277,0.781,14,0.0,0.000423,1
acc_1366,10,0.508,1,9,0,1,107,249,0.43,2,1.32,0.12,0.05,38,0.0135,0.837,12,0.0,0.000901,1
acc_1367,17,0.407,0,0,0,1,16,565,0.028,3,3.54,0.36,2.29,150,0.2438,0.73,12,0.0,0.00097,1
acc_1368,5,0.086,1,74,1,1,160,172,0.93,48,13.25,0.87,4.49,2722,0.0883,0.133,4,0.0,5.2e-05,0
acc_1369,8,0.634,0,9,0,1,2,2345,0.001,0,0.1,0.66,0.05,143,0.3819,0.874,13,0.0,0.000862,1
acc_1370,12,0.599,0,10,0,0,80,337,0.237,2,0.58,0.27,0.38,109,0.0106,0.561,15,0.019,0.000374,1
acc_1371,14,0.716,0,11,0,1,21,374,0.056,3,1.62,0.53,0.26,138,0.1023,0.689,9,0.0,0.000364,1
acc_1372,11,0.463,0,5,1,1,37,1321,0.028,8,0.63,0.0,0.07,102,0.0172,0.473,9,0.0,0.000196,1
acc_1373,11,0.188,1,52,0,0,1557,232,6.711,36,32.96,15.83,3.16,1662,0.0313,0.292,3,0.0,2.3e-05,0
acc_1374,13,0.684,0,1,0,1,143,448,0.319,5,0.42,0.6,0.65,96,0.0072,0.616,16,0.0,0.00255,1
acc_1375,7,0.182,1,103,0,0,5631,61,92.311,29,10.43,0.12,0.4,1169,0.0019,0.105,4,0.0,6.7e-05,0
acc_1376,8,0.073,1,23,0,0,121,485,0.249,37,28.36,0.12,2.96,867,0.2354,0.17,4,0.0,2.9e-05,0
acc_1377,13,0.01,1,16,1,0,837,269,3.112,49,11.28,3.35,1.78,1149,0.0175,0.303,3,0.0,6e-06,0
acc_1378,10,0.172,1,63,1,1,9,168,0.054,56,10.4,1.8,5.89,1714,1.0,0.116,5,0.0,0.000156,0
acc_1379,13,0.1,1,67,1,1,458,49,9.347,33,57.87,1.74,0.22,886,0.1302,0.152,6,0.0,0.000299,0
acc_1380,10,0.134,1,22,1,1,22,463,0.048,48,9.53,2.68,0.73,2709,0.555,0.276,9,0.0,0.000241,0
acc_1381,7,0.126,0,103,1,1,293,209,1.402,39,5.57,13.47,1.86,737,0.065,0.263,4,0.0,4.2e-05,0
acc_1382,13,0.005,1,88,0,0,2358,121,19.488,47,54.92,2.33,2.2,2434,0.0243,0.25,3,0.0,1e-05,0
acc_1383,12,0.083,1,44,1,1,229,22,10.409,28,19.34,7.18,1.96,2861,0.1158,0.093,8,0.0,0.00019,0
acc_1384,14,0.14,1,136,0,0,787,121,6.504,32,5.12,4.34,4.71,273,0.012,0.32,8,0.0,0.000115,0
acc_1385,12,0.604,0,4,0,1,3,598,0.005,3,0.09,0.24,0.9,151,0.112,0.812,8,0.0,0.000207,1
acc_1386,11,0.085,1,101,1,0,233,799,0.292,36,23.71,2.92,6.33,2841,0.1143,0.152,7,0.0,0.000246,0
acc_1387,13,0.091,1,95,1,1,339,25,13.56,47,30.8,0.78,0.1,658,0.0932,0.323,5,0.0,0.00055,0
acc_1388,10,0.123,1,41,1,0,236,74,3.189,57,3.42,1.44,2.07,2688,0.0206,0.293,4,0.0,0.000209,0
acc_1389,13,0.113,1,26,0,0,26,481,0.054,53,3.71,3.92,0.36,1357,0.2932,0.091,3,0.0,2.8e-05,0
acc_1390,4,0.035,1,99,1,0,533,402,1.326,45,73.19,1.95,4.4,1920,0.141,0.181,3,0.0,6.9e-05,0
acc_1391,19,0.675,0,5,1,0,28,772,0.036,2,1.33,0.35,0.74,122,0.0598,0.666,12,0.0,0.000237,1
acc_1392,11,0.089,1,47,1,1,2049,15,136.6,47,2.79,10.85,2.73,1554,0.0067,0.24,4,0.0,1.6e-05,0
acc_1393,16,0.634,1,12,0,1,31,2703,0.011,5,2.68,0.47,0.36,118,0.1016,0.68,9,0.0,0.000167,1
acc_1394,8,0.049,1,121,0,1,176,151,1.166,44,22.72,2.07,8.06,2341,0.1409,0.204,4,0.0,1.7e-05,0
acc_1395,7,0.045,1,32,0,0,60,148,0.405,53,25.2,2.95,10.69,311,0.4691,0.241,3,0.0,0.000137,0
acc_1396,8,0.048,1,53,1,1,377,164,2.299,47,16.82,0.77,3.85,582,0.0467,0.311,9,0.0,0.000352,0
acc_1397,10,0.182,1,57,0,0,594,220,2.7,38,15.22,15.75,1.07,1659,0.0521,0.114,5,0.0,0.000188,0
acc_1398,4,0.03,0,125,1,0,425,1064,0.399,48,38.36,0.89,0.94,1169,0.0924,0.184,6,0.0,4.1e-05,0
acc_1399,4,0.093,1,52,0,0,183,837,0.219,49,77.17,16.42,3.32,637,0.5114,0.305,8,0.0,0.00025,0
acc_1400,13,0.187,1,87,0,0,57,38,1.5,48,30.78,1.31,1.89,2691,0.5629,0.166,3,0.0,9e-06,0
acc_1401,11,0.116,1,124,0,0,25,49,0.51,35,12.58,4.32,1.15,376,0.676,0.348,5,0.0,0.000164,0
acc_1402,8,0.07,1,103,1,1,90,227,0.396,48,29.74,8.93,0.97,690,0.4296,0.184,13,0.0256,0.000933,0
acc_1403,11,0.613,0,7,0,1,76,842,0.09,6,0.18,0.34,0.25,194,0.0069,0.452,10,0.0,0.000256,1
acc_1404,8,0.161,1,32,1,0,103,116,0.888,53,56.39,3.0,1.33,444,0.5766,0.067,6,0.0,0.000257,0
acc_1405,9,0.103,1,142,0,1,160,113,1.416,42,3.95,1.04,0.03,2573,0.0312,0.24,3,0.0,1.6e-05,0
acc_1406,11,0.117,1,25,0,1,65,173,0.376,50,4.77,8.92,4.4,1292,0.2107,0.126,5,0.0,9.6e-05,0
acc_1407,9,0.176,1,42,0,0,344,108,3.185,42,7.7,0.17,1.09,495,0.0229,0.312,4,0.0,2.1e-05,0
acc_1408,15,0.575,0,6,0,0,60,209,0.287,5,1.18,0.1,0.99,77,0.0212,0.799,9,0.0278,0.00029,1
acc_1409,12,0.194,1,104,0,1,122,43,2.837,44,76.69,6.93,1.42,2260,0.6854,0.164,4,0.1667,6.9e-05,0
acc_1410,14,0.082,1,135,1,0,89,1270,0.07,54,39.82,1.04,0.9,783,0.4591,0.141,3,0.0,4.3e-05,0
acc_1411,17,0.305,1,4,0,1,6,253,0.024,3,0.68,0.33,0.35,128,0.1672,0.699,20,0.0,0.000758,1
acc_1412,8,0.146,1,136,1,0,1154,59,19.559,57,106.16,0.39,0.19,914,0.0923,0.321,3,0.0,8.7e-05,0
acc_1413,7,0.101,1,46,0,1,164,124,1.323,42,39.4,3.21,0.45,2949,0.2598,0.316,9,0.0,0.001432,0
acc_1414,9,0.092,1,49,0,0,97,1063,0.091,41,20.62,9.66,0.33,2495,0.3121,0.15,8,0.0,0.000392,0
acc_1415,10,0.615,1,14,0,0,6,2638,0.002,1,1.47,0.34,0.19,186,0.3029,0.436,17,0.0,0.001812,1
acc_1416,9,0.022,1,17,1,0,84,383,0.219,53,107.02,0.43,4.65,2769,1.0,0.204,6,0.0,9.8e-05,0
acc_1417,10,0.056,1,101,1,0,26,239,0.109,43,67.79,2.9,0.82,224,1.0,0.306,9,0.0,0.000225,0
acc_1418,8,0.041,1,70,0,0,104,46,2.261,39,0.33,3.51,6.14,1110,0.0369,0.236,4,0.0,2.1e-05,0
acc_1419,10,0.325,1,6,0,0,30,386,0.078,4,4.62,0.28,0.02,115,0.1633,0.766,15,0.019,0.002558,1
acc_1420,9,0.116,1,131,0,1,74,116,0.638,39,15.4,8.37,1.73,1968,0.3212,0.33,4,0.0,1.7e-05,0
acc_1421,6,0.177,1,123,0,1,428,61,7.016,48,96.75,0.19,6.67,2414,0.2265,0.086,5,0.0,7.3e-05,0
acc_1422,11,0.626,0,6,0,0,12,2596,0.005,1,1.53,0.23,0.93,87,0.1462,0.619,14,0.011,0.000969,1
acc_1423,12,0.145,1,81,1,0,355,231,1.537,46,6.81,0.57,1.1,1271,0.0208,0.267,13,0.0,0.001723,0
acc_1424,5,0.038,1,120,0,0,1130,369,3.062,42,84.23,14.97,0.77,697,0.0878,0.335,14,0.0,0.001185,0
acc_1425,17,0.507,0,11,0,1,92,1307,0.07,2,0.35,0.13,1.78,4,0.0052,0.737,16,0.0,0.001073,1
acc_1426,12,0.663,0,6,0,1,3,291,0.01,3,5.83,0.87,0.18,148,1.0,0.546,15,0.0095,0.000697,1
acc_1427,13,0.195,1,111,1,0,52,60,0.867,44,63.19,6.53,2.91,2570,1.0,0.237,5,0.1,0.001313,0
acc_1428,11,0.078,1,133,0,0,184,105,1.752,42,9.17,1.03,4.51,1349,0.0555,0.147,5,0.0,0.000146,0
acc_1429,8,0.125,1,21,1,1,286,85,3.365,45,10.65,3.47,3.68,836,0.0494,0.074,8,0.0,0.000685,0
acc_1430,15,0.646,1,12,0,1,22,1036,0.021,3,0.59,0.21,0.4,123,0.0367,0.884,17,0.0,0.001288,1
acc_1431,4,0.052,1,70,0,0,515,129,3.992,49,39.88,5.66,0.56,354,0.0884,0.188,8,0.0,0.001979,0
acc_1432,11,0.044,1,128,0,0,36,359,0.1,49,15.67,5.4,4.69,1132,0.5854,0.331,9,0.0,0.000106,0
acc_1433,13,0.557,0,2,0,1,3,276,0.011,1,0.06,0.03,1.44,40,0.0292,0.773,13,0.0256,0.000863,1
acc_1434,15,0.621,1,12,0,1,62,947,0.065,3,3.64,0.09,0.17,158,0.0602,0.768,15,0.0,0.00195,1
acc_1435,10,0.472,1,14,1,1,87,827,0.105,0,0.21,0.24,0.2,54,0.0052,0.756,11,0.0,0.000423,1
acc_1436,12,0.133,1,122,1,1,844,218,3.872,46,18.73,3.57,0.17,1221,0.0264,0.167,5,0.0,3.1e-05,0
acc_1437,6,0.174,1,14,0,0,18,705,0.026,48,41.82,7.68,0.65,1861,1.0,0.277,7,0.0476,0.000182,0
acc_1438,15,0.781,0,6,1,1,51,2763,0.018,3,2.96,0.16,0.22,63,0.0612,0.858,12,0.0,0.000236,1
acc_1439,18,0.627,0,1,0,1,46,388,0.119,7,5.44,0.04,0.02,120,0.1192,0.534,17,0.0074,0.000662,1
acc_1440,14,0.124,1,139,0,0,84,383,0.219,39,12.67,3.66,1.91,2475,0.1944,0.084,4,0.0,3.5e-05,0
acc_1441,9,0.186,1,108,1,1,578,1,578.0,42,7.16,0.08,2.43,265,0.0125,0.099,4,0.0,1.6e-05,0
acc_1442,18,0.796,1,5,0,1,71,1654,0.043,0,1.66,0.43,0.77,79,0.0294,0.704,4,0.0,2.2e-05,1
acc_1443,14,0.172,1,28,0,1,426,41,10.39,46,20.29,4.5,1.15,583,0.0582,0.114,5,0.0,0.000114,0
acc_1444,14,0.045,1,108,0,0,3577,62,57.694,42,0.42,0.52,2.53,814,0.0003,0.29,3,0.0,2e-06,0
acc_1445,14,0.065,1,118,1,0,25,301,0.083,50,1.64,6.66,1.71,1050,0.3322,0.28,3,0.0,3.9e-05,0
acc_1446,5,0.14,1,26,0,0,111,38,2.921,41,0.73,0.17,3.42,499,0.0081,0.116,3,0.0,1.1e-05,0
acc_1447,4,0.177,1,104,1,1,464,48,9.667,42,30.91,2.0,1.36,366,0.0709,0.246,7,0.0,0.002097,0
acc_1448,15,0.391,0,11,0,1,71,843,0.084,1,4.58,0.67,0.06,57,0.0739,0.724,18,0.0065,0.003048,1
acc_1449,18,0.462,1,3,0,1,80,3806,0.021,2,2.06,0.21,1.58,146,0.0283,0.702,14,0.0,0.001086,1
acc_1450,4,0.072,1,94,0,0,190,133,1.429,35,4.43,4.43,3.09,1488,0.0466,0.055,6,0.0,0.000183,0
acc_1451,4,0.063,1,16,0,1,199,160,1.244,48,1.0,0.66,3.18,1424,0.0084,0.066,6,0.0,0.000229,0
acc_1452,14,0.024,1,88,0,0,221,240,0.921,47,49.71,0.88,4.64,2805,0.2289,0.079,3,0.0,2.3e-05,0
acc_1453,5,0.163,1,137,1,0,587,386,1.521,38,20.55,2.21,2.35,2279,0.0388,0.192,6,0.0,0.000397,0
acc_1454,10,0.181,0,145,0,1,24,88,0.273,37,0.91,2.39,2.4,1573,0.1377,0.275,7,0.0,0.000113,0
acc_1455,10,0.692,0,2,0,0,24,221,0.109,2,0.59,0.29,0.3,40,0.0367,0.888,9,0.0,0.000258,1
acc_1456,9,0.035,1,132,0,1,124,331,0.375,52,50.36,1.14,1.06,1462,0.4153,0.261,5,0.0,4.3e-05,0
acc_1457,8,0.198,1,55,1,0,62,100,0.62,34,130.38,4.49,1.36,1438,1.0,0.258,4,0.0,0.00012,0
acc_1458,10,0.104,1,22,1,0,297,602,0.493,43,33.18,0.65,1.62,2824,0.1139,0.254,3,0.0,1.6e-05,0
acc_1459,13,0.184,1,69,0,1,626,287,2.181,50,68.53,0.01,0.81,1304,0.1095,0.221,8,0.0,0.00016,0
acc_1460,4,0.106,0,26,0,1,4939,137,36.051,42,10.42,1.47,3.17,2373,0.0024,0.142,13,0.0,0.000522,0
acc_1461,9,0.17,1,74,1,1,162,117,1.385,50,0.06,1.01,0.09,915,0.0066,0.331,5,0.0,5.2e-05,0
acc_1462,13,0.436,1,9,1,1,23,369,0.062,3,3.5,0.12,0.05,50,0.1577,0.594,17,0.0074,0.002414,1
acc_1463,9,0.403,0,7,0,1,106,228,0.465,3,2.38,0.09,0.01,53,0.0233,0.408,18,0.0,0.001544,1
acc_1464,15,0.451,0,6,0,0,100,750,0.133,2,0.85,0.4,0.19,5,0.0125,0.753,11,0.0,0.000695,1
acc_1465,11,0.472,1,10,0,1,26,4421,0.006,1,4.34,0.35,1.06,73,0.1804,0.407,10,0.0444,0.000767,1
acc_1466,10,0.17,1,117,1,1,253,96,2.635,41,101.38,14.93,6.74,1227,0.4597,0.108,4,0.0,2.2e-05,0
acc_1467,14,0.186,1,90,0,1,214,170,1.259,43,67.05,3.04,10.34,1530,0.3275,0.336,4,0.0,0.00017,0
acc_1468,9,0.6,0,8,0,0,99,270,0.367,3,1.34,0.2,0.2,63,0.0155,0.627,5,0.0,2.7e-05,1
acc_1469,12,0.75,0,2,0,1,15,5098,0.003,3,7.93,0.49,0.02,162,0.5612,0.785,11,0.0,0.00037,1
acc_1470,7,0.106,1,68,1,0,321,101,3.178,43,12.15,1.11,1.18,2364,0.0413,0.136,5,0.0,7.1e-05,0
acc_1471,13,0.062,1,27,1,0,139,62,2.242,42,0.39,4.1,0.42,890,0.0323,0.138,8,0.0,0.000182,0
acc_1472,11,0.037,1,55,1,1,251,119,2.109,40,2.64,2.79,0.4,2601,0.0216,0.278,4,0.0,4.2e-05,0
acc_1473,12,0.075,1,126,0,0,159,471,0.338,41,38.2,7.9,11.2,1807,0.2899,0.171,7,0.0,7.6e-05,0
acc_1474,4,0.147,1,28,0,0,2875,37,77.703,46,10.34,4.01,7.14,1614,0.005,0.306,5,0.0,0.000237,0
acc_1475,14,0.324,0,9,0,1,2,2333,0.001,0,2.7,0.14,1.49,162,1.0,0.857,21,0.0143,0.001546,1
acc_1476,14,0.076,1,22,1,0,165,592,0.279,43,116.29,12.82,4.12,1040,0.7825,0.27,10,0.0,0.000574,0
acc_1477,8,0.794,0,7,0,0,5,1347,0.004,4,1.17,0.88,0.33,52,0.4098,0.584,9,0.0278,0.000543,1
acc_1478,12,0.156,0,12,0,0,1076,109,9.872,37,39.72,1.04,2.15,2123,0.0379,0.204,4,0.0,8.5e-05,0
acc_1479,8,0.183,1,128,0,0,162,28,5.786,42,33.15,8.35,2.25,256,0.2562,0.167,5,0.0,4.5e-05,0
acc_1480,13,0.156,1,47,0,0,89,98,0.908,40,17.07,4.0,2.31,1433,0.2368,0.125,4,0.1667,3.4e-05,0
acc_1481,12,0.182,1,111,0,0,187,83,2.253,44,36.59,11.97,5.85,2803,0.2597,0.16,6,0.0,0.00078,0
acc_1482,13,0.148,1,58,1,1,204,59,3.458,50,41.54,10.91,1.45,2204,0.2571,0.306,3,0.0,1.7e-05,0
acc_1483,9,0.178,1,133,0,1,183,177,1.034,41,26.09,12.55,1.97,963,0.2111,0.203,9,0.0,0.000377,0
acc_1484,16,0.507,0,2,0,1,34,549,0.062,1,0.01,0.1,0.46,178,0.0032,0.822,13,0.0128,0.000472,1
acc_1485,14,0.506,1,6,0,1,143,341,0.419,3,0.28,0.09,0.43,108,0.0025,0.518,16,0.0083,0.001167,1
acc_1486,7,0.184,1,93,0,0,119,277,0.43,36,36.36,3.66,3.75,417,0.3364,0.178,4,0.0,0.000118,0
acc_1487,14,0.152,1,123,1,0,134,114,1.175,47,24.0,0.74,3.14,1602,0.1846,0.129,6,0.0,0.000298,0
acc_1488,12,0.179,1,112,0,0,1472,52,28.308,44,10.78,10.4,1.03,2220,0.0144,0.289,3,0.0,1.1e-05,0
acc_1489,8,0.343,0,7,0,1,165,1124,0.147,1,0.15,0.17,1.23,145,0.0019,0.77,15,0.0,0.000475,1
acc_1490,10,0.163,1,116,0,0,223,514,0.434,48,78.99,5.27,0.48,752,0.3778,0.094,4,0.0,0.000107,0
acc_1491,12,0.605,1,12,0,1,136,1614,0.084,1,0.86,0.25,0.04,95,0.0082,0.748,11,0.0,0.001712,1
acc_1492,7,0.141,1,16,0,0,92,258,0.357,48,6.6,3.43,3.39,2436,0.109,0.079,5,0.0,8.2e-05,0
acc_1493,11,0.069,1,35,0,1,1097,184,5.962,53,75.92,0.31,5.72,1257,0.0695,0.233,5,0.0,0.000362,0
acc_1494,18,0.547,0,6,0,1,59,204,0.289,1,2.24,1.04,0.53,174,0.0556,0.865,10,0.0,0.000308,1
acc_1495,10,0.126,1,49,0,1,150,352,0.426,48,11.42,1.27,2.32,603,0.0846,0.293,9,0.0,0.000385,0
acc_1496,10,0.148,1,122,0,0,1825,73,25.0,60,6.92,10.97,1.49,2556,0.0098,0.25,3,0.0,4.5e-05,0
acc_1497,13,0.056,1,65,1,1,68,92,0.739,35,8.09,2.12,0.84,259,0.1502,0.222,6,0.0,6.2e-05,0
acc_1498,8,0.062,1,142,0,0,65,434,0.15,57,11.98,2.91,3.3,1733,0.2291,0.124,10,0.0,0.000526,0
acc_1499,10,0.197,1,86,1,1,1017,44,23.114,53,21.08,1.54,1.0,2270,0.0222,0.299,9,0.0,0.000193,0
acc_1500,10,0.068,1,123,0,0,29,71,0.408,31,59.36,7.63,0.81,1739,1.0,0.053,7,0.0,9.7e-05,0
acc_1501,13,0.082,1,86,1,0,328,67,4.896,49,56.56,5.26,1.7,1961,0.1885,0.24,13,0.0128,0.000383,0
acc_1502,6,0.024,1,54,0,0,86,22,3.909,45,17.42,1.61,5.26,1810,0.2212,0.169,3,0.0,4e-06,0
acc_1503,14,0.457,1,6,0,1,62,344,0.18,1,1.94,0.21,0.18,48,0.0347,0.508,13,0.0256,0.000346,1
acc_1504,6,0.108,1,69,0,1,42,197,0.213,33,0.89,0.27,3.63,898,0.0277,0.251,9,0.0,0.000208,0
acc_1505,9,0.57,0,0,0,1,32,668,0.048,2,4.38,0.3,0.64,154,0.1462,0.764,13,0.0256,0.002509,1
acc_1506,4,0.116,0,53,0,0,155,586,0.265,51,10.37,1.16,2.87,2522,0.0744,0.186,3,0.0,6.1e-05,0
acc_1507,11,0.195,1,74,0,1,642,65,9.877,32,8.64,4.44,3.03,1555,0.0204,0.149,3,0.0,3.4e-05,0
acc_1508,14,0.082,1,148,1,0,42,111,0.378,58,45.77,3.93,0.28,1720,1.0,0.095,5,0.0,0.000158,0
acc_1509,12,0.634,0,4,1,1,14,401,0.035,2,1.04,0.62,0.51,52,0.1182,0.734,14,0.0,0.0003,1
acc_1510,5,0.046,1,113,0,1,175,99,1.768,47,110.57,2.08,1.83,636,0.6437,0.334,11,0.0,0.002297,0
acc_1511,7,0.076,1,119,1,1,237,421,0.563,38,26.16,4.42,0.51,412,0.129,0.165,4,0.0,2.5e-05,0
acc_1512,12,0.342,0,8,0,1,60,1019,0.059,3,2.41,0.1,0.08,13,0.0419,0.542,11,0.0,0.000298,1
acc_1513,4,0.066,1,79,0,0,706,175,4.034,56,16.99,0.18,1.9,1165,0.0243,0.336,4,0.0,3.5e-05,0
acc_1514,6,0.1,1,105,0,0,742,366,2.027,56,25.3,2.52,7.88,2597,0.0375,0.264,7,0.0,4.7e-05,0
acc_1515,11,0.027,1,97,0,1,201,38,5.289,48,49.99,9.59,2.78,2364,0.2964,0.177,3,0.0,1.5e-05,0
acc_1516,16,0.515,1,10,0,1,26,756,0.034,1,4.43,0.44,0.14,30,0.1873,0.438,11,0.0182,0.000438,1
acc_1517,11,0.757,0,9,0,1,33,1326,0.025,2,2.05,0.33,0.48,47,0.0719,0.453,15,0.019,0.004446,1
acc_1518,8,0.089,1,112,0,0,72,307,0.235,38,12.05,6.01,1.21,1256,0.2508,0.081,6,0.0,8.3e-05,0
acc_1519,9,0.091,1,93,1,1,256,84,3.048,46,24.31,5.0,0.16,2392,0.1145,0.233,7,0.0,7.2e-05,0
acc_1520,7,0.16,1,105,0,0,363,116,3.129,49,0.33,1.38,0.46,773,0.0047,0.328,7,0.0,0.000342,0
acc_1521,4,0.188,1,81,1,1,235,150,1.567,51,36.65,12.53,4.99,1315,0.2093,0.3,6,0.0,0.000182,0
acc_1522,8,0.438,1,10,0,1,2,1284,0.002,3,4.19,0.24,0.43,96,1.0,0.55,10,0.0222,0.000374,1
acc_1523,9,0.084,1,45,0,0,2774,63,44.032,38,7.38,8.72,0.47,2045,0.0058,0.285,7,0.0,0.001498,0
acc_1524,4,0.133,1,29,0,1,162,440,0.368,51,19.88,0.75,2.17,339,0.1273,0.081,5,0.1,0.000135,0
acc_1525,9,0.662,1,13,0,0,6,1060,0.006,1,1.08,0.11,0.19,127,0.1993,0.665,12,0.0152,0.00018,1
acc_1526,6,0.187,1,124,1,1,933,98,9.52,47,9.6,7.91,2.95,2557,0.0188,0.129,5,0.0,8e-05,0
acc_1527,15,0.605,0,0,0,1,176,901,0.195,3,2.08,1.07,0.48,3,0.0179,0.746,21,0.0095,0.002074,1
acc_1528,14,0.194,1,35,1,0,174,653,0.266,34,27.31,1.72,0.83,2705,0.1668,0.242,3,0.0,1e-05,0
acc_1529,11,0.126,1,135,1,1,4012,359,11.175,40,6.28,0.0,9.13,426,0.0016,0.149,7,0.0,0.000192,0
acc_1530,11,0.056,1,93,0,1,990,167,5.928,42,31.95,2.97,3.81,1699,0.0353,0.287,5,0.0,4.7e-05,0
acc_1531,12,0.063,1,34,0,0,3305,340,9.721,41,23.6,0.83,1.89,956,0.0074,0.284,3,0.0,1e-05,0
acc_1532,13,0.797,0,9,0,1,18,922,0.02,3,1.25,0.1,0.6,106,0.0751,0.439,10,0.0,0.000505,1
acc_1533,6,0.084,1,112,0,1,1256,268,4.687,43,19.91,5.91,4.55,1993,0.0206,0.32,4,0.0,6.7e-05,0
acc_1534,10,0.184,1,141,1,0,176,73,2.411,49,44.59,6.87,3.29,2852,0.2924,0.243,3,0.0,8e-05,0
acc_1535,8,0.025,1,25,0,0,501,365,1.373,33,60.22,1.98,0.66,1604,0.1241,0.298,7,0.0,0.000204,0
acc_1536,9,0.165,1,23,1,1,73,206,0.354,39,0.62,4.03,3.28,2372,0.0637,0.229,3,0.0,3.8e-05,0
acc_1537,9,0.549,0,8,1,1,49,228,0.215,0,0.17,0.45,0.22,112,0.0127,0.739,12,0.0152,0.00048,1
acc_1538,4,0.034,1,43,0,1,60,29,2.069,53,61.55,8.0,2.53,2776,1.0,0.303,4,0.0,0.000151,0
acc_1539,12,0.693,0,13,0,1,40,354,0.113,3,0.14,0.12,0.36,112,0.0066,0.535,13,0.0128,0.000273,1
acc_1540,5,0.113,0,66,1,1,211,575,0.367,53,10.06,0.58,4.79,1166,0.0504,0.302,6,0.0,0.000102,0
acc_1541,10,0.612,0,14,0,1,115,2424,0.047,2,2.9,0.51,0.02,75,0.0297,0.519,13,0.0,0.00037,1
acc_1542,16,0.376,1,3,0,1,12,2367,0.005,2,2.87,0.07,0.45,30,0.2453,0.89,13,0.0256,0.001105,1
acc_1543,5,0.147,1,134,0,1,293,97,3.021,35,36.4,0.12,3.76,823,0.1246,0.073,3,0.0,4.6e-05,0
acc_1544,10,0.756,1,2,0,1,32,1814,0.018,1,4.0,0.01,1.21,38,0.1252,0.563,8,0.0,0.00029,1
acc_1545,6,0.026,1,96,0,0,582,555,1.049,48,17.91,2.05,1.02,1563,0.0343,0.309,10,0.0,0.000297,0
acc_1546,16,0.666,0,10,1,1,26,728,0.036,3,0.43,0.13,0.1,33,0.0214,0.644,15,0.0,0.001132,1
acc_1547,15,0.579,0,10,1,0,12,814,0.015,3,1.0,0.45,1.18,134,0.1206,0.578,12,0.0,0.000358,1
acc_1548,19,0.498,0,8,0,1,79,526,0.15,2,1.41,0.17,0.07,87,0.02,0.577,16,0.0,0.000637,1
acc_1549,14,0.146,1,75,0,1,134,8,16.75,48,17.07,3.92,0.09,2929,0.1566,0.309,9,0.0,0.00061,0
acc_1550,14,0.175,1,108,1,1,58,179,0.324,46,44.36,5.41,0.98,1786,0.8581,0.275,7,0.0,0.000345,0
acc_1551,14,0.103,1,55,1,1,853,175,4.874,39,24.25,6.67,3.19,2747,0.0362,0.343,9,0.0,0.0004,0
acc_1552,6,0.063,1,62,0,1,158,482,0.328,37,51.03,1.06,1.95,1654,0.3297,0.265,3,0.0,2.6e-05,0
acc_1553,9,0.631,1,5,0,1,5,429,0.012,2,0.53,0.1,0.45,189,0.1268,0.627,16,0.0083,0.000625,1
acc_1554,6,0.133,1,102,0,0,181,139,1.302,38,56.5,1.7,0.25,865,0.3216,0.315,5,0.0,0.000197,0
acc_1555,17,0.673,0,4,0,1,15,1544,0.01,4,1.24,0.21,0.11,189,0.0968,0.7,13,0.0128,0.000341,1
acc_1556,12,0.19,1,69,1,1,104,166,0.627,51,27.18,1.3,7.4,508,0.2738,0.056,7,0.0,0.000344,0
acc_1557,13,0.06,1,49,0,0,468,38,12.316,43,54.19,0.89,1.16,1970,0.1177,0.262,4,0.0,0.000122,0
acc_1558,6,0.055,1,133,1,0,1873,276,6.786,33,21.84,6.27,0.53,607,0.015,0.247,4,0.0,1.3e-05,0
acc_1559,9,0.198,1,70,0,1,143,140,1.021,36,17.51,11.24,1.51,2563,0.2011,0.124,7,0.0,4.4e-05,0
acc_1560,8,0.168,1,16,1,0,47,18,2.611,45,45.41,6.0,3.34,1168,1.0,0.121,6,0.0,0.000172,0
acc_1561,13,0.718,0,13,0,1,21,616,0.034,0,2.76,0.28,0.23,144,0.1445,0.697,9,0.0,0.000325,1
acc_1562,6,0.176,1,67,0,1,149,125,1.192,41,88.78,0.34,4.5,180,0.5981,0.293,3,0.3333,1.7e-05,0
acc_1563,12,0.173,0,103,0,1,1288,183,7.038,40,42.82,4.82,5.78,2786,0.037,0.189,6,0.0,0.000515,0
acc_1564,5,0.093,1,32,0,1,129,1120,0.115,40,11.27,4.3,1.45,2932,0.1207,0.113,5,0.0,3.9e-05,0
acc_1565,5,0.133,1,93,0,1,36,92,0.391,61,31.82,23.87,2.84,989,1.0,0.063,6,0.0,0.000474,0
acc_1566,12,0.097,1,143,0,0,57,49,1.163,47,96.63,0.28,0.98,1494,1.0,0.134,5,0.0,0.000117,0
acc_1567,14,0.142,1,129,0,1,528,741,0.713,53,72.71,1.44,0.42,2162,0.1404,0.268,7,0.0,0.000123,0
acc_1568,13,0.13,1,46,1,0,60,194,0.309,43,8.55,0.31,1.47,1981,0.1476,0.177,3,0.0,4e-06,0
acc_1569,12,0.166,1,146,1,1,62,927,0.067,33,3.77,1.34,0.62,1296,0.0824,0.142,6,0.0,0.000455,0
acc_1570,13,0.618,1,10,0,1,119,798,0.149,1,1.38,0.75,0.41,76,0.0179,0.819,12,0.0152,0.000573,1
acc_1571,11,0.067,1,99,1,0,1122,411,2.73,53,36.64,0.91,4.0,1864,0.0335,0.212,5,0.0,7.4e-05,0
acc_1572,14,0.358,0,0,0,1,50,1373,0.036,0,0.71,0.32,0.07,145,0.0204,0.574,15,0.0095,0.000947,1
acc_1573,14,0.067,1,66,1,0,322,155,2.077,41,46.78,1.3,9.74,1755,0.1493,0.328,7,0.0,0.000127,0
acc_1574,11,0.064,1,78,0,1,454,97,4.68,62,2.84,2.65,4.7,2461,0.0121,0.259,3,0.0,0.000261,0
acc_1575,6,0.035,1,104,0,0,522,186,2.806,41,8.59,0.05,1.61,625,0.0165,0.288,19,0.0,0.000753,0
acc_1576,9,0.129,1,28,0,1,949,155,6.123,39,4.79,6.85,1.59,1140,0.0123,0.149,10,0.0,0.000544,0
acc_1577,9,0.763,1,10,0,1,46,2473,0.019,3,1.18,0.27,0.64,59,0.0317,0.862,23,0.0079,0.000624,1
acc_1578,10,0.048,1,75,0,0,810,118,6.864,39,5.05,12.31,2.7,713,0.0214,0.18,3,0.0,1.2e-05,0
acc_1579,10,0.006,1,14,1,0,192,254,0.756,43,44.34,5.09,1.96,2540,0.2574,0.213,4,0.0,0.000176,0
acc_1580,4,0.184,1,46,1,1,249,131,1.901,42,19.77,5.94,2.1,2033,0.1033,0.257,4,0.0,3.5e-05,0
acc_1581,10,0.134,1,29,1,0,290,27,10.741,47,73.26,2.96,0.11,300,0.2629,0.057,10,0.0,0.001994,0
acc_1582,11,0.186,1,18,0,0,111,263,0.422,58,41.24,6.84,4.05,1357,0.4331,0.207,7,0.0,5.6e-05,0
acc_1583,12,0.133,1,121,1,0,862,9,95.778,41,47.6,2.63,1.13,1607,0.0583,0.259,10,0.0222,0.000416,0
acc_1584,5,0.174,1,126,1,0,81,425,0.191,39,15.56,0.15,1.0,986,0.1939,0.244,5,0.0,6.9e-05,0
acc_1585,4,0.159,1,58,0,0,98,95,1.032,42,46.33,0.19,0.83,986,0.4747,0.163,7,0.0,0.000187,0
acc_1586,19,0.486,0,3,0,1,38,208,0.183,2,0.14,0.02,0.15,47,0.0042,0.754,10,0.0222,0.000193,1
acc_1587,6,0.181,1,90,0,1,28,279,0.1,49,4.96,1.08,3.09,344,0.2158,0.075,7,0.0,0.000217,0
acc_1588,12,0.049,1,96,1,1,582,187,3.112,31,18.73,1.86,1.62,2870,0.0354,0.137,4,0.0,5.8e-05,0
acc_1589,10,0.102,1,94,1,1,185,138,1.341,35,12.23,4.23,0.13,802,0.0889,0.33,10,0.0,0.000686,0
acc_1590,12,0.005,1,41,0,1,81,56,1.446,52,252.67,4.46,2.14,814,1.0,0.295,4,0.0,4.1e-05,0
acc_1591,7,0.171,0,49,0,0,41,807,0.051,41,2.48,1.32,0.12,502,0.0925,0.156,6,0.0,0.000406,0
acc_1592,6,0.062,1,140,1,1,483,21,23.0,44,83.2,3.37,6.37,1940,0.1792,0.074,9,0.0,8.9e-05,0
acc_1593,10,0.175,1,31,1,0,219,143,1.531,52,35.94,2.12,1.27,256,0.1738,0.231,4,0.0,3.8e-05,0
acc_1594,5,0.139,1,87,0,0,351,1547,0.227,44,24.53,1.94,0.53,1424,0.0754,0.223,7,0.0,0.000185,0
acc_1595,6,0.111,1,12,1,1,1757,286,6.143,31,49.28,2.75,2.7,2203,0.0296,0.068,5,0.0,0.000106,0
acc_1596,5,0.02,1,27,1,1,123,191,0.644,50,9.45,2.01,1.13,1374,0.0931,0.207,4,0.0,1.6e-05,0
acc_1597,8,0.447,0,1,0,0,102,348,0.293,4,0.36,0.05,0.16,163,0.0041,0.838,18,0.0131,0.000423,1
acc_1598,6,0.162,1,26,0,0,186,106,1.755,44,71.96,5.07,0.07,2313,0.4141,0.339,3,0.0,1e-05,0
acc_1599,12,0.026,1,52,0,0,780,49,15.918,47,53.28,3.72,0.22,2898,0.0731,0.129,5,0.0,6.2e-05,0
acc_1600,5,0.139,1,100,0,0,250,167,1.497,37,7.52,4.24,0.34,1943,0.047,0.347,5,0.0,6.1e-05,0
acc_1601,10,0.022,1,71,0,0,35,201,0.174,51,12.33,0.29,1.01,784,0.3604,0.101,5,0.0,0.000241,0
acc_1602,11,0.129,1,148,0,1,1110,96,11.562,48,2.37,5.36,11.45,2999,0.007,0.052,3,0.0,0.000188,0
acc_1603,11,0.351,0,8,0,1,42,981,0.043,5,0.45,0.35,0.95,186,0.019,0.77,14,0.011,0.000981,1
acc_1604,9,0.009,1,23,0,1,35,202,0.173,47,57.42,0.25,0.66,764,1.0,0.103,3,0.0,3e-05,0
acc_1605,9,0.142,0,110,0,1,73,377,0.194,45,14.51,2.96,2.18,2914,0.2392,0.149,6,0.0,0.000134,0
acc_1606,9,0.06,1,41,0,1,2505,186,13.468,45,29.28,2.67,2.31,1794,0.0128,0.336,3,0.3333,3.3e-05,0
acc_1607,7,0.05,1,149,1,1,30,59,0.508,60,16.77,6.28,1.09,2237,0.7682,0.235,5,0.0,2.5e-05,0
acc_1608,4,0.165,1,77,0,1,425,285,1.491,47,9.23,6.74,0.75,1357,0.0376,0.149,6,0.0,0.000116,0
acc_1609,9,0.65,0,4,0,1,122,583,0.209,2,4.46,0.16,0.48,45,0.0378,0.473,14,0.033,0.000927,1
acc_1610,11,0.469,0,13,0,1,16,1491,0.011,0,2.28,0.41,0.32,7,0.168,0.899,10,0.0222,0.000419,1
acc_1611,4,0.149,1,83,0,1,256,247,1.036,46,80.22,2.35,5.06,2032,0.3225,0.124,3,0.3333,1.7e-05,0
acc_1612,14,0.545,0,9,0,1,4,1192,0.003,1,1.58,0.08,0.86,155,0.4137,0.449,9,0.0,0.000262,1
acc_1613,4,0.118,1,52,1,0,282,21,13.429,54,68.47,1.59,3.73,2157,0.2484,0.119,6,0.0,0.003382,0
acc_1614,12,0.057,1,141,1,0,132,180,0.733,39,4.55,0.68,2.36,2654,0.0396,0.117,8,0.0,0.000124,0
acc_1615,12,0.115,0,70,0,0,3099,421,7.361,41,16.59,5.06,0.47,2637,0.007,0.334,7,0.0,0.000117,0
acc_1616,12,0.03,1,18,1,1,84,935,0.09,53,11.65,3.66,1.69,1353,0.1823,0.255,6,0.0,6.1e-05,0
acc_1617,14,0.072,1,57,0,0,423,45,9.4,39,1.8,0.09,1.69,1859,0.0045,0.246,3,0.0,3.9e-05,0
acc_1618,9,0.692,0,9,1,1,14,2652,0.005,2,2.09,0.43,0.98,168,0.1801,0.763,15,0.0,0.000455,1
acc_1619,15,0.56,1,10,0,0,16,1636,0.01,1,6.2,0.55,0.03,184,0.4222,0.471,9,0.0278,0.000668,1
acc_1620,8,0.143,1,48,1,1,101,83,1.217,36,18.35,6.07,2.84,2286,0.2418,0.083,5,0.1,3.1e-05,0
acc_1621,16,0.468,1,6,0,1,17,821,0.021,3,1.45,0.0,0.78,77,0.0857,0.664,10,0.0,0.000314,1
acc_1622,12,0.053,0,130,1,1,742,204,3.637,55,2.08,2.14,2.88,1292,0.0057,0.13,8,0.0,0.000244,0
acc_1623,17,0.499,0,0,0,0,8,286,0.028,0,2.5,0.06,0.91,167,0.321,0.565,11,0.0,0.00028,1
acc_1624,19,0.71,0,9,0,1,22,1803,0.012,0,0.94,0.12,2.49,77,0.0483,0.863,12,0.0,0.000556,1
acc_1625,4,0.165,1,81,1,0,348,51,6.824,40,4.29,2.48,2.22,1231,0.0195,0.317,4,0.0,1.5e-05,0
acc_1626,13,0.184,1,94,0,1,308,63,4.889,51,7.73,2.05,2.94,298,0.0318,0.236,8,0.0,0.000195,0
acc_1627,13,0.076,1,22,0,0,209,16,13.062,48,60.58,1.56,2.72,1545,0.2973,0.208,8,0.0,0.00013,0
acc_1628,7,0.145,1,139,1,1,1503,467,3.218,50,18.06,5.48,0.32,2254,0.0157,0.058,5,0.0,0.000156,0
acc_1629,11,0.161,1,118,0,1,1471,75,19.613,44,25.48,1.14,2.8,2455,0.0181,0.327,7,0.0476,0.000315,0
acc_1630,10,0.046,1,71,1,1,166,70,2.371,54,7.23,0.54,2.66,405,0.0468,0.29,9,0.0,0.001351,0
acc_1631,6,0.061,1,86,1,0,220,78,2.821,50,141.0,0.84,1.04,620,0.6447,0.333,7,0.0,0.000148,0
acc_1632,7,0.107,1,13,1,0,68,54,1.259,51,30.86,6.09,1.42,1989,0.5433,0.069,5,0.0,3.6e-05,0
acc_1633,8,0.063,1,107,0,0,286,301,0.95,42,111.85,3.75,0.72,297,0.4042,0.059,4,0.0,5.2e-05,0
acc_1634,9,0.068,1,99,0,1,124,513,0.242,32,0.04,0.01,8.27,2443,0.0004,0.268,6,0.0,4.8e-05,0
acc_1635,17,0.321,0,6,0,1,14,1833,0.008,2,1.09,0.22,0.17,68,0.0936,0.813,12,0.0,0.001149,1
acc_1636,12,0.547,0,6,0,1,19,906,0.021,2,0.59,0.17,1.1,138,0.04,0.825,10,0.0,0.000529,1
acc_1637,9,0.021,1,11,0,0,63,324,0.194,58,14.9,3.6,2.66,2668,0.2937,0.163,5,0.0,8.8e-05,0
acc_1638,14,0.456,0,11,0,1,4,224,0.018,2,1.04,0.03,0.0,193,0.267,0.509,13,0.0385,0.000701,1
acc_1639,14,0.418,0,11,0,1,65,1158,0.056,2,1.25,0.31,0.47,161,0.0241,0.817,13,0.0128,0.000698,1
acc_1640,12,0.193,1,82,1,0,49,47,1.043,52,33.1,2.07,2.41,2447,0.7178,0.162,6,0.0,6.4e-05,0
acc_1641,8,0.045,1,73,0,1,93,358,0.26,31,5.47,1.3,8.8,2157,0.0728,0.077,6,0.0667,0.000228,0
acc_1642,10,0.053,1,99,0,0,242,29,8.345,41,38.73,6.01,3.72,2175,0.1849,0.308,5,0.0,0.00011,0
acc_1643,17,0.754,1,0,0,1,70,501,0.14,2,1.42,0.25,0.59,108,0.0239,0.452,14,0.022,0.000492,1
acc_1644,13,0.074,1,80,1,0,337,71,4.746,42,103.47,3.39,1.95,1840,0.3171,0.331,7,0.0476,0.000383,0
acc_1645,15,0.587,0,13,0,1,3,922,0.003,5,0.04,0.5,0.13,6,0.1814,0.809,16,0.0,0.00078,1
acc_1646,13,0.062,1,49,1,0,416,480,0.867,42,9.26,8.8,5.11,1765,0.0434,0.229,6,0.0667,8.6e-05,0
acc_1647,9,0.129,1,129,1,1,810,156,5.192,37,10.02,4.15,0.27,1390,0.0175,0.11,5,0.0,8.4e-05,0
acc_1648,5,0.028,1,143,0,0,315,50,6.3,43,27.4,16.08,4.72,1327,0.138,0.073,5,0.0,7.2e-05,0
acc_1649,14,0.146,1,21,1,0,1493,135,11.059,43,3.71,4.05,3.64,1172,0.0052,0.117,8,0.0,0.000221,0
acc_1650,11,0.104,1,138,0,0,468,291,1.608,43,2.95,3.92,6.08,2852,0.0147,0.162,6,0.0,0.000657,0
acc_1651,18,0.72,0,12,0,0,23,244,0.094,1,0.03,0.88,0.11,83,0.0394,0.461,11,0.0182,0.000193,1
acc_1652,17,0.567,0,6,0,1,35,495,0.071,2,1.73,0.03,0.12,60,0.0503,0.551,16,0.0,0.000637,1
acc_1653,9,0.55,0,14,0,0,43,251,0.171,1,2.46,1.09,0.21,148,0.0826,0.795,13,0.0,0.000333,1
acc_1654,14,0.638,0,14,0,0,23,822,0.028,0,1.85,1.49,1.66,148,0.1453,0.836,15,0.0,0.001053,1
acc_1655,14,0.138,1,128,0,0,409,101,4.05,51,59.27,0.99,3.92,2894,0.1473,0.073,4,0.0,2.2e-05,0
acc_1656,11,0.361,1,2,0,1,136,207,0.657,0,2.93,0.35,0.81,143,0.0241,0.759,12,0.0,0.000957,1
acc_1657,9,0.431,0,10,0,0,11,546,0.02,3,1.66,0.14,0.35,127,0.163,0.481,12,0.0152,0.001128,1
acc_1658,14,0.396,0,5,0,0,23,894,0.026,4,0.19,0.13,0.09,158,0.0138,0.627,18,0.0327,0.00236,1
acc_1659,12,0.043,1,148,0,1,549,24,22.875,33,33.96,3.82,4.03,2327,0.0688,0.118,3,0.0,4.6e-05,0
acc_1660,4,0.16,1,121,1,0,46,82,0.561,46,31.55,10.08,1.32,297,0.905,0.245,3,0.0,1e-05,0
acc_1661,15,0.462,0,12,0,1,2,704,0.003,2,2.74,0.71,0.25,195,1.0,0.611,13,0.0,0.000905,1
acc_1662,9,0.195,1,141,0,1,460,291,1.581,40,13.31,2.4,1.45,453,0.0341,0.248,9,0.0,0.0001,0
acc_1663,7,0.056,1,139,1,0,609,71,8.577,42,24.49,4.22,0.14,2273,0.0472,0.293,6,0.0,3.5e-05,0
acc_1664,13,0.007,1,124,0,1,160,1098,0.146,56,9.38,4.33,2.55,2047,0.0857,0.153,5,0.0,2.8e-05,0
acc_1665,11,0.058,1,138,0,0,40,62,0.645,34,13.56,3.17,4.46,1893,0.4183,0.175,4,0.0,1.4e-05,0
acc_1666,5,0.197,1,107,1,0,836,131,6.382,50,76.27,3.56,3.41,1692,0.0955,0.265,7,0.0476,0.000158,0
acc_1667,17,0.703,0,8,0,1,16,1951,0.008,1,2.77,0.31,0.27,30,0.1922,0.509,10,0.0,0.000484,1
acc_1668,10,0.121,1,80,1,1,405,337,1.202,38,4.09,11.46,3.35,1866,0.0384,0.06,5,0.0,8.1e-05,0
acc_1669,10,0.092,0,69,0,0,185,133,1.391,47,32.6,3.17,4.81,444,0.1933,0.221,7,0.0,0.00012,0
acc_1670,4,0.1,1,91,0,1,442,95,4.653,39,24.72,0.63,0.08,1385,0.0574,0.206,3,0.0,2.6e-05,0
acc_1671,9,0.141,1,56,0,0,1214,1396,0.87,54,59.88,0.13,3.34,1285,0.0494,0.189,6,0.0,3.2e-05,0
acc_1672,7,0.117,1,63,1,0,250,144,1.736,47,33.32,10.65,3.2,2927,0.1759,0.278,9,0.0,0.000418,0
acc_1673,8,0.03,1,121,0,0,89,153,0.582,36,13.68,3.24,0.8,2761,0.1901,0.283,4,0.0,3.2e-05,0
acc_1674,14,0.071,1,57,0,1,395,74,5.338,48,58.71,0.55,7.8,1210,0.15,0.333,3,0.0,1.2e-05,0
acc_1675,6,0.01,1,116,1,0,51,617,0.083,52,20.87,4.03,0.63,1266,0.4883,0.21,3,0.0,4.3e-05,0
acc_1676,9,0.513,1,3,0,0,66,1265,0.052,3,1.12,0.39,0.12,8,0.0228,0.671,12,0.0303,0.000391,1
acc_1677,10,0.108,1,20,1,1,817,12,68.083,68,20.81,4.04,0.03,181,0.0304,0.152,5,0.0,9.6e-05,0
acc_1678,8,0.125,0,99,0,1,1012,22,46.0,40,12.29,1.13,1.78,2431,0.0133,0.191,5,0.0,5e-05,0
acc_1679,13,0.079,1,114,1,0,52,267,0.195,53,13.52,3.17,2.8,1933,0.3209,0.323,11,0.0182,0.000648,0
acc_1680,5,0.192,1,15,0,0,68,75,0.907,60,73.23,6.82,5.02,2807,1.0,0.184,3,0.0,9e-06,0
acc_1681,16,0.766,0,10,0,1,37,461,0.08,5,3.63,0.59,0.03,10,0.1139,0.437,16,0.0,0.000793,1
acc_1682,6,0.168,1,79,0,0,117,103,1.136,49,0.7,1.06,8.71,1141,0.0151,0.298,5,0.0,0.000171,0
acc_1683,8,0.119,1,118,1,1,431,379,1.137,52,17.18,4.1,6.23,1938,0.0494,0.246,4,0.0,9.9e-05,0
acc_1684,11,0.041,1,113,0,1,4266,209,20.411,54,18.99,3.0,0.06,1159,0.0052,0.164,5,0.0,6.4e-05,0
acc_1685,17,0.764,0,8,0,0,7,710,0.01,4,1.08,0.1,0.39,90,0.1682,0.678,21,0.0048,0.0012,1
acc_1686,16,0.406,0,12,0,1,15,555,0.027,1,1.24,0.04,0.29,189,0.0851,0.659,13,0.0,0.001064,1
acc_1687,14,0.638,0,8,0,1,80,523,0.153,1,0.48,0.1,0.61,86,0.0073,0.665,22,0.0,0.001278,1
acc_1688,15,0.392,0,13,0,0,11,714,0.015,1,2.84,0.16,0.11,113,0.2734,0.608,7,0.0,0.000597,1
acc_1689,11,0.085,1,109,0,0,232,74,3.135,39,18.54,1.73,2.31,1309,0.0874,0.287,8,0.0,0.000416,0
acc_1690,8,0.484,1,8,1,1,8,783,0.01,2,1.39,0.05,0.68,143,0.1798,0.846,14,0.0,0.000468,1
acc_1691,5,0.178,1,82,1,0,94,856,0.11,57,1.1,2.62,4.76,566,0.0396,0.265,6,0.0,0.000151,0
acc_1692,4,0.169,1,50,0,0,225,22,10.227,51,19.62,0.05,2.52,2625,0.0874,0.209,3,0.0,3e-06,0
acc_1693,9,0.052,1,82,0,0,417,45,9.267,52,37.09,3.26,0.2,1524,0.0968,0.295,4,0.0,9.4e-05,0
acc_1694,6,0.142,1,103,0,0,72,196,0.367,43,15.68,2.71,1.34,1695,0.2555,0.309,8,0.0,0.000412,0
acc_1695,11,0.127,1,42,1,0,245,73,3.356,56,34.06,0.13,1.31,346,0.1396,0.202,3,0.0,1.2e-05,0
acc_1696,13,0.152,1,132,1,1,19,27,0.704,39,20.43,1.7,1.75,1712,1.0,0.344,7,0.0,0.000105,0
acc_1697,7,0.181,1,38,1,0,88,282,0.312,52,11.04,6.9,4.12,1480,0.2039,0.237,5,0.0,0.000113,0
acc_1698,16,0.393,1,14,0,1,144,720,0.2,2,0.36,0.55,0.25,101,0.0064,0.449,13,0.0128,0.00016,1
acc_1699,12,0.012,1,121,1,0,33,64,0.516,39,4.88,7.88,3.28,2411,0.3869,0.331,3,0.0,7e-06,0
acc_1700,8,0.11,1,34,1,0,57,47,1.213,52,21.29,2.23,0.23,605,0.4126,0.07,4,0.0,9e-05,0
acc_1701,5,0.095,1,61,0,0,153,26,5.885,33,28.82,3.4,1.01,966,0.2105,0.148,3,0.0,5.3e-05,0
acc_1702,9,0.386,1,4,0,1,2,641,0.003,1,0.32,1.12,0.12,87,0.7215,0.404,6,0.0,8.4e-05,1
acc_1703,14,0.766,1,9,0,0,30,259,0.116,2,1.14,0.24,0.76,151,0.046,0.42,14,0.0,0.000459,1
acc_1704,5,0.085,1,118,0,1,54,210,0.257,54,15.76,4.6,0.36,749,0.3771,0.099,14,0.0,0.004024,0
acc_1705,11,0.008,1,141,1,0,1400,145,9.655,53,9.94,5.09,0.85,1671,0.0107,0.214,4,0.0,0.00013,0
acc_1706,14,0.544,0,13,1,1,28,1693,0.017,2,0.44,0.16,0.17,134,0.0216,0.825,15,0.0,0.000352,1
acc_1707,10,0.034,1,63,1,0,174,48,3.625,36,0.82,1.33,1.21,2172,0.0123,0.211,6,0.0,0.001246,0
acc_1708,7,0.191,1,56,0,0,359,437,0.822,46,67.83,5.27,0.71,560,0.2036,0.344,3,0.0,6e-05,0
acc_1709,9,0.008,1,99,1,0,904,37,24.432,44,50.02,1.5,3.64,2065,0.057,0.319,3,0.0,3.6e-05,0
acc_1710,8,0.489,1,11,0,0,39,327,0.119,2,0.27,1.15,0.3,48,0.0364,0.592,18,0.0,0.000484,1
acc_1711,5,0.143,1,134,1,0,38,37,1.027,36,17.01,19.35,2.52,1370,0.9568,0.201,4,0.0,1.4e-05,0
acc_1712,7,0.132,1,104,0,0,76,183,0.415,37,12.5,1.46,1.47,1559,0.1837,0.241,5,0.0,0.000155,0
acc_1713,5,0.164,1,113,1,1,343,20,17.15,45,12.15,5.75,4.23,1350,0.0522,0.308,14,0.011,0.00044,0
acc_1714,14,0.122,1,67,1,0,3331,225,14.804,42,13.52,2.03,3.37,2811,0.0047,0.212,5,0.1,3.6e-05,0
acc_1715,12,0.736,1,4,0,1,24,637,0.038,4,2.96,0.28,0.37,128,0.1354,0.842,15,0.0,0.000455,1
acc_1716,10,0.057,1,139,0,0,141,38,3.711,50,58.67,23.17,4.66,1503,0.5804,0.22,3,0.0,3e-06,0
acc_1717,10,0.042,1,122,1,0,191,119,1.605,51,5.49,4.64,8.47,2061,0.0531,0.206,4,0.0,7.8e-05,0
acc_1718,14,0.698,1,11,0,1,15,1618,0.009,1,0.44,0.21,0.93,152,0.0437,0.462,11,0.0,0.000341,1
acc_1719,14,0.118,0,88,0,0,375,181,2.072,45,85.88,4.12,3.37,1650,0.24,0.15,6,0.0,0.000169,0
acc_1720,14,0.117,1,39,1,0,179,177,1.011,39,21.77,17.99,2.67,614,0.2221,0.248,7,0.0,0.000156,0
acc_1721,12,0.029,1,88,1,1,1120,372,3.011,48,7.49,0.78,1.35,191,0.0074,0.089,4,0.0,8e-06,0
acc_1722,13,0.01,1,115,1,0,86,266,0.323,47,48.8,2.31,3.0,2845,0.5942,0.334,4,0.0,7.4e-05,0
acc_1723,11,0.093,1,106,1,0,364,124,2.935,57,1.71,1.46,0.85,971,0.0087,0.329,5,0.0,0.000512,0
acc_1724,6,0.166,0,34,0,1,92,62,1.484,44,40.7,8.3,3.28,1138,0.5327,0.263,4,0.0,1.2e-05,0
acc_1725,7,0.087,1,94,0,0,5683,142,40.021,62,50.08,3.03,0.75,2244,0.0093,0.267,3,0.0,0.000115,0
acc_1726,9,0.362,0,1,0,1,23,260,0.088,1,2.44,0.25,0.16,48,0.117,0.849,9,0.0,0.000343,1
acc_1727,9,0.18,1,34,1,1,186,294,0.633,46,81.84,11.56,6.34,402,0.5021,0.335,10,0.0,0.000638,0
acc_1728,6,0.083,1,52,0,1,78,91,0.857,49,13.19,1.31,0.83,1418,0.1859,0.055,4,0.0,5.9e-05,0
acc_1729,7,0.056,1,30,0,1,106,33,3.212,43,8.58,1.44,5.99,2910,0.0946,0.254,5,0.0,8.1e-05,0
acc_1730,10,0.027,1,130,0,0,98,147,0.667,34,16.01,2.0,0.38,1157,0.1838,0.128,6,0.0,0.000178,0
acc_1731,14,0.083,1,43,0,0,74,28,2.643,42,3.97,5.71,3.76,772,0.1308,0.262,6,0.0,0.000126,0
acc_1732,11,0.721,0,10,0,1,77,1390,0.055,1,2.65,2.47,0.26,162,0.0665,0.816,12,0.0,0.000259,1
acc_1733,14,0.059,1,130,1,0,278,362,0.768,44,3.74,5.94,0.83,1415,0.0349,0.073,6,0.0,0.000117,0
acc_1734,9,0.18,1,115,0,0,86,181,0.475,37,20.54,3.18,6.36,2236,0.2759,0.224,3,0.0,2.2e-05,0
acc_1735,6,0.069,1,25,0,0,114,122,0.934,39,0.44,3.71,4.44,738,0.0364,0.332,5,0.0,6.7e-05,0
acc_1736,8,0.006,1,81,0,0,1674,116,14.431,48,26.04,0.2,1.43,2850,0.0157,0.094,4,0.0,6.4e-05,0
acc_1737,13,0.145,1,33,0,0,1029,87,11.828,50,0.77,9.66,0.73,298,0.0101,0.069,4,0.0,6.6e-05,0
acc_1738,10,0.165,1,42,0,0,150,36,4.167,53,204.96,1.76,1.47,2796,1.0,0.142,4,0.0,7.7e-05,0
acc_1739,14,0.126,1,122,1,1,380,50,7.6,48,21.94,1.21,1.89,1478,0.0609,0.097,5,0.0,0.000662,0
acc_1740,12,0.463,0,6,0,0,25,438,0.057,3,1.77,0.36,0.87,59,0.0854,0.78,11,0.0,0.000189,1
acc_1741,12,0.087,1,50,0,0,112,34,3.294,58,10.31,0.23,3.46,2812,0.0941,0.253,4,0.0,5.4e-05,0
acc_1742,5,0.095,1,42,0,0,45,233,0.193,48,0.81,7.97,1.22,505,0.195,0.094,5,0.0,3.8e-05,0
acc_1743,14,0.177,1,83,1,1,1383,148,9.345,43,49.62,4.54,1.2,500,0.0392,0.345,7,0.0,0.000477,0
acc_1744,14,0.092,1,86,1,1,281,80,3.513,52,2.31,4.73,0.19,1238,0.025,0.29,4,0.1667,5.4e-05,0
acc_1745,11,0.369,0,14,0,0,43,311,0.138,3,0.72,0.32,0.19,25,0.0242,0.802,8,0.0,0.000206,1
acc_1746,5,0.177,1,136,0,1,734,181,4.055,38,40.39,1.24,3.3,1788,0.0567,0.326,8,0.0,0.000142,0
acc_1747,8,0.01,1,60,0,0,86,321,0.268,45,1.58,0.84,3.41,254,0.0281,0.217,5,0.0,5.5e-05,0
acc_1748,5,0.074,1,117,0,1,78,137,0.569,51,27.67,3.62,3.31,1815,0.4012,0.087,5,0.0,0.000282,0
acc_1749,12,0.77,1,9,1,0,119,2074,0.057,4,1.09,0.38,0.18,129,0.0123,0.794,12,0.0,0.000191,1
acc_1750,13,0.105,1,79,0,1,148,372,0.398,40,9.63,7.02,9.53,1383,0.1125,0.222,4,0.0,3e-06,0
acc_1751,9,0.086,1,75,1,1,13,139,0.094,43,8.36,3.85,2.48,2673,0.9394,0.122,6,0.0,0.00014,0
acc_1752,10,0.698,0,10,0,0,29,1103,0.026,3,0.87,0.46,1.71,155,0.0459,0.806,10,0.0,0.000177,1
acc_1753,13,0.144,1,65,1,0,333,326,1.021,54,37.54,7.53,0.57,647,0.1354,0.136,3,0.0,5.8e-05,0
acc_1754,9,0.506,0,0,0,0,5,443,0.011,2,2.89,0.02,0.33,197,0.5819,0.715,15,0.0095,0.000588,1
acc_1755,9,0.654,1,2,1,0,6,745,0.008,1,0.59,0.02,0.38,167,0.1011,0.403,11,0.0,0.000174,1
acc_1756,14,0.069,1,42,1,1,1177,163,7.221,34,39.76,3.33,0.79,2873,0.0366,0.219,14,0.0,0.000378,0
acc_1757,18,0.624,1,10,0,1,154,319,0.483,2,0.67,0.1,0.13,75,0.005,0.517,15,0.0095,0.000448,1
acc_1758,14,0.553,0,9,0,1,0,928,0.0,0,1.55,0.18,0.14,87,1.0,0.416,13,0.0,0.000174,1
acc_1759,9,0.456,0,8,0,1,9,334,0.027,2,2.62,0.06,0.38,191,0.2976,0.892,12,0.0,0.000151,1
acc_1760,9,0.118,1,84,1,0,98,51,1.922,51,15.52,26.96,1.45,1159,0.4334,0.185,5,0.0,0.000168,0
acc_1761,13,0.16,1,131,1,0,127,31,4.097,51,52.75,2.51,7.43,693,0.4351,0.143,3,0.0,6.3e-05,0
acc_1762,12,0.072,1,103,1,1,343,159,2.157,39,26.74,1.0,0.16,2921,0.0809,0.203,5,0.0,5.9e-05,0
acc_1763,9,0.075,1,111,0,1,586,46,12.739,51,23.01,19.16,1.56,1665,0.072,0.085,7,0.0,0.000199,0
acc_1764,9,0.143,1,36,0,0,212,129,1.643,51,59.53,7.36,1.64,1126,0.3155,0.208,4,0.0,5.7e-05,0
acc_1765,4,0.168,1,39,0,0,172,147,1.17,34,3.38,8.98,5.78,470,0.0719,0.327,5,0.1,0.000119,0
acc_1766,6,0.129,1,46,1,1,382,208,1.837,47,89.23,10.63,3.27,2594,0.2614,0.081,4,0.0,5.4e-05,0
acc_1767,6,0.074,1,91,0,1,27,273,0.099,39,95.91,0.22,0.43,2218,1.0,0.291,6,0.0,0.000134,0
acc_1768,10,0.109,1,88,0,0,1104,224,4.929,51,2.18,0.46,4.61,2332,0.0024,0.342,3,0.0,1.6e-05,0
acc_1769,4,0.199,1,133,1,0,724,34,21.294,50,13.82,0.96,20.13,193,0.0204,0.172,5,0.0,0.000844,0
acc_1770,14,0.071,1,12,1,0,231,209,1.105,41,25.66,11.04,3.99,1492,0.1589,0.337,5,0.0,0.001237,0
acc_1771,6,0.03,1,87,1,0,65,84,0.774,45,30.27,2.3,2.33,401,0.5011,0.259,4,0.0,3.2e-05,0
acc_1772,9,0.194,1,137,1,1,212,535,0.396,46,39.53,0.07,0.39,2425,0.1868,0.347,4,0.0,0.000302,0
acc_1773,9,0.771,0,6,0,1,29,578,0.05,3,6.31,0.45,0.08,64,0.2331,0.776,19,0.0058,0.001658,1
acc_1774,14,0.125,1,63,0,0,74,75,0.987,47,35.19,1.77,2.07,285,0.4995,0.073,5,0.0,7e-05,0
acc_1775,9,0.141,1,104,0,0,56,216,0.259,51,10.97,2.78,9.87,2726,0.2456,0.11,7,0.0476,5.2e-05,0
acc_1776,11,0.34,1,14,1,1,104,519,0.2,2,4.85,0.03,1.43,180,0.0469,0.493,14,0.011,0.000441,1
acc_1777,4,0.108,1,145,0,0,268,121,2.215,31,65.21,2.34,0.67,1249,0.2521,0.206,7,0.0,0.000137,0
acc_1778,7,0.006,1,77,1,1,197,161,1.224,46,3.46,0.05,5.06,1303,0.0178,0.174,3,0.0,2.8e-05,0
acc_1779,13,0.153,1,149,1,1,500,269,1.859,37,10.81,6.83,4.99,592,0.0353,0.224,4,0.0,5e-05,0
acc_1780,11,0.063,1,13,1,1,114,124,0.919,48,38.27,2.21,0.39,235,0.3551,0.281,4,0.0,5.9e-05,0
acc_1781,11,0.045,1,76,0,0,456,151,3.02,51,43.81,10.72,2.32,1839,0.1196,0.204,3,0.0,8e-06,0
acc_1782,5,0.065,1,102,1,1,354,60,5.9,46,74.47,0.65,0.26,1548,0.2122,0.155,4,0.0,6.2e-05,0
acc_1783,9,0.135,1,137,1,0,194,73,2.658,34,15.8,0.91,2.71,2736,0.0861,0.1,5,0.0,0.000103,0
acc_1784,12,0.14,1,84,0,0,1280,165,7.758,40,6.14,2.07,0.05,2834,0.0064,0.143,4,0.0,0.00021,0
acc_1785,19,0.314,0,2,0,1,36,643,0.056,2,6.43,0.16,0.19,53,0.183,0.65,16,0.0167,0.000403,1
acc_1786,5,0.128,0,13,0,0,273,43,6.349,50,97.74,0.87,0.21,2196,0.3612,0.076,4,0.0,2.7e-05,0
acc_1787,14,0.777,1,11,1,1,19,1364,0.014,0,2.96,0.2,0.98,93,0.1664,0.736,11,0.0,0.000795,1
acc_1788,11,0.105,1,41,1,1,5420,327,16.575,46,6.5,1.1,4.23,361,0.0014,0.215,4,0.0,1.5e-05,0
acc_1789,5,0.016,1,44,1,0,599,119,5.034,55,61.87,1.41,2.35,395,0.1056,0.118,7,0.0,0.00012,0
acc_1790,7,0.152,1,47,0,0,2919,42,69.5,34,25.32,3.96,0.84,823,0.01,0.345,4,0.0,0.000327,0
acc_1791,18,0.499,1,14,0,1,1,1345,0.001,2,0.51,0.2,0.09,26,0.7161,0.812,12,0.0,0.002355,1
acc_1792,10,0.193,0,94,0,1,155,271,0.572,38,7.1,0.17,2.9,2579,0.0469,0.164,5,0.0,4.8e-05,0
acc_1793,12,0.791,0,12,0,1,149,845,0.176,2,0.14,0.46,1.5,101,0.004,0.481,11,0.0182,0.000127,1
acc_1794,6,0.036,1,21,1,0,852,108,7.889,50,25.25,0.38,9.47,1414,0.0301,0.349,6,0.0,5.5e-05,0
acc_1795,10,0.167,1,117,1,0,569,48,11.854,38,23.74,1.96,1.07,1944,0.0452,0.079,5,0.0,0.00011,0
acc_1796,17,0.581,1,3,0,1,14,1533,0.009,1,2.36,0.09,0.33,178,0.1751,0.45,15,0.0,0.000955,1
acc_1797,15,0.503,0,10,0,1,6,451,0.013,2,4.39,0.0,0.74,22,0.7321,0.631,13,0.0128,0.000363,1
acc_1798,11,0.042,1,44,0,0,53,464,0.114,42,29.99,1.68,3.38,2675,0.5974,0.144,5,0.0,0.000132,0
acc_1799,13,0.055,1,90,1,1,490,147,3.333,46,3.51,3.14,5.91,2060,0.0136,0.202,7,0.0,0.000153,0
acc_1800,16,0.497,1,14,0,1,39,630,0.062,0,3.02,0.38,0.26,169,0.087,0.667,8,0.0,7.4e-05,1
acc_1801,14,0.117,1,63,1,0,128,197,0.65,55,38.0,3.77,4.5,362,0.3263,0.068,5,0.0,4.6e-05,0
acc_1802,19,0.568,0,1,1,1,62,797,0.078,5,3.2,0.14,0.31,149,0.0538,0.673,10,0.0,0.000606,1
acc_1803,4,0.067,1,143,0,1,139,54,2.574,44,170.28,1.95,0.83,693,1.0,0.061,6,0.0,5.5e-05,0
acc_1804,8,0.43,1,7,0,1,20,373,0.054,6,0.23,0.5,0.13,178,0.0367,0.473,9,0.0,7.9e-05,1
acc_1805,11,0.718,0,13,1,0,73,272,0.268,1,2.8,0.14,0.51,103,0.0402,0.516,17,0.0074,0.000715,1
acc_1806,18,0.432,0,0,0,1,28,507,0.055,2,0.57,0.28,0.06,153,0.0304,0.619,12,0.0,0.000336,1
acc_1807,8,0.151,1,29,1,1,42,48,0.875,45,17.69,1.61,2.11,1453,0.4596,0.121,6,0.0667,0.000334,0
acc_1808,16,0.603,0,4,0,1,42,809,0.052,3,0.71,0.1,0.43,182,0.0192,0.721,11,0.0,0.000502,1
acc_1809,4,0.182,1,123,0,0,831,423,1.965,41,20.31,0.84,11.03,2637,0.0254,0.109,3,0.0,2e-05,0
acc_1810,6,0.073,1,99,0,0,175,61,2.869,33,38.31,18.98,0.88,1597,0.3274,0.119,6,0.0,0.000187,0
acc_1811,14,0.037,1,128,0,1,1453,27,53.815,42,6.05,3.4,2.37,187,0.0065,0.213,6,0.0,0.000753,0
acc_1812,8,0.16,1,138,1,1,294,49,6.0,38,119.58,1.79,1.71,516,0.4128,0.092,3,0.0,0.0003,0
acc_1813,4,0.159,1,64,1,0,228,181,1.26,47,14.79,6.49,1.95,2255,0.0933,0.141,4,0.0,2.9e-05,0
acc_1814,13,0.186,1,23,0,0,550,416,1.322,51,63.06,2.72,0.3,1147,0.1196,0.263,9,0.0,0.000337,0
acc_1815,5,0.055,1,24,1,0,70,264,0.265,52,20.22,8.0,0.45,2263,0.4031,0.338,3,0.0,1.6e-05,0
acc_1816,9,0.151,1,53,0,1,56,58,0.966,41,23.93,3.08,5.35,688,0.4824,0.058,3,0.0,6e-05,0
acc_1817,9,0.11,1,37,1,1,165,945,0.175,43,2.4,11.89,1.8,847,0.0866,0.218,6,0.0667,0.000111,0
acc_1818,6,0.166,1,26,0,1,185,159,1.164,42,46.05,1.35,12.18,2123,0.2562,0.265,4,0.0,5.2e-05,0
acc_1819,7,0.036,1,141,0,1,158,30,5.267,42,62.33,0.97,8.83,498,0.4006,0.164,4,0.0,5.1e-05,0
acc_1820,19,0.486,0,11,0,1,80,1723,0.046,3,8.73,0.9,0.43,11,0.1204,0.79,10,0.0,0.000261,1
acc_1821,10,0.083,1,107,0,0,1125,373,3.016,53,17.29,3.22,4.25,321,0.0182,0.152,4,0.0,2.3e-05,0
acc_1822,14,0.069,1,141,0,1,148,58,2.552,44,32.29,0.61,8.42,1168,0.2223,0.211,4,0.0,1.3e-05,0
acc_1823,14,0.662,0,11,0,1,49,205,0.239,2,2.52,0.06,0.06,133,0.0525,0.417,9,0.0,0.000324,1
acc_1824,8,0.034,1,100,0,0,188,185,1.016,42,5.15,4.38,3.54,2162,0.0507,0.216,5,0.0,0.000297,0
acc_1825,13,0.607,0,7,0,0,39,502,0.078,1,3.64,2.43,0.19,56,0.1557,0.739,18,0.0,0.000671,1
acc_1826,12,0.724,0,11,0,1,61,1281,0.048,2,0.49,0.23,1.0,176,0.0118,0.774,11,0.0,0.000147,1
acc_1827,5,0.027,1,94,0,0,1247,241,5.174,42,13.38,2.31,2.83,1010,0.0126,0.192,4,0.0,3.8e-05,0
acc_1828,9,0.18,1,116,1,1,1346,313,4.3,33,5.82,0.64,1.64,759,0.0048,0.141,5,0.0,5.2e-05,0
acc_1829,14,0.074,1,102,0,0,191,405,0.472,53,23.54,12.18,0.87,2479,0.187,0.139,5,0.0,0.000108,0
acc_1830,14,0.399,1,6,0,1,7,523,0.013,4,2.37,0.36,1.07,176,0.3899,0.518,13,0.0,0.00035,1
acc_1831,12,0.148,1,64,1,0,90,206,0.437,40,66.74,0.82,0.33,1416,0.7506,0.224,8,0.0,0.000249,0
acc_1832,7,0.02,1,130,1,1,513,274,1.872,36,146.4,18.0,2.77,2506,0.3205,0.279,5,0.0,4.4e-05,0
acc_1833,11,0.525,0,1,0,0,100,793,0.126,4,0.72,0.52,0.88,190,0.0124,0.764,8,0.0357,0.000375,1
acc_1834,7,0.148,1,97,1,0,30,38,0.789,55,20.74,6.82,0.15,245,0.9187,0.105,5,0.0,8e-05,0
acc_1835,12,0.138,1,108,0,1,66,36,1.833,44,59.52,8.36,0.03,2125,1.0,0.168,5,0.0,0.000379,0
acc_1836,14,0.116,1,134,0,0,276,158,1.747,34,83.88,10.32,4.34,2868,0.3413,0.054,3,0.0,3e-06,0
acc_1837,8,0.179,1,47,0,1,1852,104,17.808,45,7.94,2.19,0.11,1781,0.0055,0.323,5,0.0,0.000154,0
acc_1838,6,0.064,1,119,0,0,898,498,1.803,36,102.53,1.45,0.08,1515,0.1158,0.335,4,0.0,4.7e-05,0
acc_1839,8,0.145,1,93,0,0,40,71,0.563,32,33.7,7.2,2.1,1604,1.0,0.293,3,0.0,5.3e-05,0
acc_1840,7,0.054,1,134,0,0,208,222,0.937,51,18.4,7.93,1.33,1264,0.1266,0.163,3,0.0,5.4e-05,0
acc_1841,8,0.501,1,12,0,1,6,699,0.009,3,0.28,0.32,0.88,165,0.0999,0.509,12,0.0,0.000304,1
acc_1842,8,0.063,1,73,0,0,265,91,2.912,51,25.97,2.08,0.66,1833,0.1059,0.348,5,0.0,0.000201,0
acc_1843,10,0.028,1,97,1,1,53,715,0.074,46,1.9,1.39,1.85,825,0.062,0.187,7,0.0,0.000135,0
acc_1844,14,0.017,1,45,0,1,195,113,1.726,34,25.97,4.65,4.66,1388,0.157,0.291,4,0.0,2.6e-05,0
acc_1845,5,0.186,1,147,0,0,735,71,10.352,55,52.96,0.83,2.38,190,0.0732,0.197,5,0.1,0.000119,0
acc_1846,13,0.017,1,18,1,0,185,94,1.968,49,77.14,0.47,3.76,221,0.4195,0.25,5,0.0,4.3e-05,0
acc_1847,13,0.027,1,14,0,0,37,128,0.289,44,32.4,18.79,2.38,2382,1.0,0.115,5,0.0,0.000115,0
acc_1848,4,0.075,1,37,1,1,584,209,2.794,38,56.22,1.55,2.15,1689,0.0989,0.093,4,0.1667,0.000135,0
acc_1849,9,0.026,1,27,0,1,27,119,0.227,37,45.18,3.07,11.91,2563,1.0,0.337,3,0.0,1.9e-05,0
acc_1850,6,0.145,1,16,1,1,64,241,0.266,35,3.76,5.82,6.77,1065,0.1496,0.288,6,0.0,9.7e-05,0
acc_1851,7,0.199,1,70,0,0,297,20,14.85,46,6.38,5.59,0.81,252,0.0403,0.063,5,0.1,0.000113,0
acc_1852,5,0.168,1,11,1,1,17,662,0.026,48,27.8,3.56,0.93,2315,1.0,0.081,4,0.0,1.8e-05,0
acc_1853,14,0.17,1,13,0,0,47,44,1.068,55,52.19,1.17,1.45,649,1.0,0.267,5,0.0,8.1e-05,0
acc_1854,4,0.019,1,101,0,1,89,216,0.412,51,57.39,12.44,0.88,2835,0.7846,0.22,7,0.0,9.7e-05,0
acc_1855,14,0.077,1,15,0,0,115,81,1.42,52,86.61,5.86,4.0,1046,0.8041,0.091,5,0.0,0.000951,0
acc_1856,10,0.458,0,11,0,1,84,208,0.404,2,0.8,0.62,1.25,152,0.0169,0.656,10,0.0,0.000366,1
acc_1857,12,0.147,1,29,1,1,47,272,0.173,40,41.0,8.32,1.55,1807,1.0,0.272,4,0.0,2e-05,0
acc_1858,13,0.133,1,58,0,1,307,40,7.675,61,1.8,17.95,0.51,281,0.0643,0.203,10,0.0,0.000314,0
acc_1859,16,0.447,0,12,0,1,25,285,0.088,1,0.64,0.23,0.18,46,0.0345,0.663,12,0.0152,0.000441,1
acc_1860,14,0.184,1,54,0,1,943,65,14.508,35,56.54,0.81,2.95,828,0.0608,0.207,3,0.0,8e-06,0
acc_1861,7,0.064,1,17,1,1,141,122,1.156,32,121.59,6.3,1.96,800,0.907,0.198,6,0.0,0.000191,0
acc_1862,9,0.309,1,3,0,1,25,1081,0.023,2,0.25,0.1,0.58,69,0.014,0.731,14,0.0,0.000468,1
acc_1863,8,0.002,1,17,1,1,194,64,3.031,56,95.01,3.0,0.32,2478,0.5052,0.15,7,0.0,0.000208,0
acc_1864,12,0.052,1,72,0,1,97,123,0.789,39,51.38,0.09,1.95,2461,0.5307,0.082,5,0.0,5.9e-05,0
acc_1865,12,0.036,1,36,0,1,220,67,3.284,44,11.36,1.02,0.02,2274,0.0563,0.223,4,0.0,0.000131,0
acc_1866,7,0.058,1,128,0,1,151,91,1.659,55,7.35,3.38,8.19,726,0.071,0.242,4,0.0,9.1e-05,0
acc_1867,18,0.531,0,7,0,1,11,1563,0.007,2,1.85,0.2,0.28,43,0.1861,0.424,13,0.0256,0.000504,1
acc_1868,8,0.096,0,61,1,0,7,505,0.014,48,75.4,2.86,6.29,2177,1.0,0.296,10,0.0,0.000224,0
acc_1869,10,0.191,1,64,0,0,197,101,1.95,38,53.11,2.88,4.76,1793,0.2842,0.104,3,0.0,1.8e-05,0
acc_1870,11,0.52,1,10,1,0,3,1041,0.003,2,2.99,0.08,0.2,146,1.0,0.639,16,0.0417,0.000654,1
acc_1871,11,0.176,1,73,1,0,283,58,4.879,48,22.37,0.4,2.76,521,0.0804,0.302,6,0.0,0.000695,0
acc_1872,10,0.138,1,16,1,1,12,206,0.058,49,34.74,1.68,1.68,2942,1.0,0.136,6,0.0,0.000178,0
acc_1873,10,0.153,1,87,0,0,583,80,7.287,55,28.99,4.9,9.17,2155,0.0581,0.056,3,0.0,0.000102,0
acc_1874,5,0.123,1,135,0,0,3056,408,7.49,43,27.36,2.54,3.6,2936,0.0098,0.295,11,0.0,0.000952,0
acc_1875,9,0.083,1,137,0,1,63,59,1.068,48,5.11,0.28,4.65,2605,0.0856,0.319,6,0.0,0.000314,0
acc_1876,9,0.169,1,55,1,0,83,834,0.1,48,19.97,0.94,0.12,526,0.2519,0.176,5,0.0,0.000147,0
acc_1877,11,0.133,1,125,0,1,81,1904,0.043,53,0.47,1.56,0.03,2521,0.0251,0.163,5,0.0,0.00022,0
acc_1878,6,0.08,1,57,0,1,44,25,1.76,42,47.07,6.85,1.62,1549,1.0,0.293,3,0.0,1.1e-05,0
acc_1879,11,0.184,1,133,0,0,49,140,0.35,46,26.1,0.15,0.18,2851,0.5357,0.096,6,0.0,9.6e-05,0
acc_1880,11,0.081,1,117,0,0,68,146,0.466,35,1.18,1.18,0.67,687,0.0346,0.053,6,0.0,0.000206,0
acc_1881,16,0.514,0,13,0,1,35,397,0.088,1,0.08,0.73,1.15,93,0.0232,0.446,9,0.0278,0.00051,1
acc_1882,14,0.094,1,138,0,1,111,347,0.32,50,9.67,19.57,0.06,2199,0.2634,0.18,8,0.0,0.000281,0
acc_1883,4,0.023,1,137,1,0,221,222,0.995,39,36.73,2.45,2.51,2980,0.1773,0.079,5,0.0,2.7e-05,0
acc_1884,13,0.158,1,18,0,1,197,96,2.052,34,37.59,1.95,6.15,330,0.2007,0.15,3,0.0,5.3e-05,0
acc_1885,11,0.66,1,13,0,0,24,498,0.048,2,1.22,0.48,0.28,158,0.0709,0.627,10,0.0,9.3e-05,1
acc_1886,8,0.121,0,83,1,0,794,81,9.802,57,76.87,0.89,0.75,1752,0.0979,0.302,5,0.0,2.7e-05,0
acc_1887,12,0.012,1,95,1,0,4730,44,107.5,55,41.53,10.46,0.72,2813,0.011,0.054,8,0.0,7.3e-05,0
acc_1888,11,0.103,1,148,0,1,163,32,5.094,43,34.62,3.86,10.18,676,0.236,0.083,7,0.0,0.000376,0
acc_1889,14,0.081,1,142,0,0,940,472,1.992,41,12.35,5.25,5.54,1121,0.0187,0.234,3,0.0,4e-06,0
acc_1890,8,0.139,1,11,1,0,1270,36,35.278,45,3.2,6.08,0.51,1194,0.0073,0.26,3,0.0,4.5e-05,0
acc_1891,16,0.606,1,10,0,0,48,531,0.09,3,0.18,0.07,0.51,31,0.0052,0.566,16,0.0167,0.000927,1
acc_1892,13,0.109,1,112,1,0,837,351,2.385,43,22.36,1.33,4.22,676,0.0283,0.209,3,0.0,2.5e-05,0
acc_1893,9,0.609,0,6,0,0,0,2190,0.0,5,2.49,0.13,0.96,72,1.0,0.488,9,0.0,0.000276,1
acc_1894,11,0.193,1,105,0,0,70,375,0.187,53,16.02,3.89,2.79,2041,0.2845,0.089,3,0.0,1.6e-05,0
acc_1895,5,0.12,1,138,0,0,679,376,1.806,35,7.35,0.09,0.57,2078,0.011,0.077,3,0.0,2e-05,0
acc_1896,19,0.341,0,10,0,1,115,238,0.483,4,2.49,0.26,0.21,192,0.0239,0.627,21,0.0,0.00287,1
acc_1897,14,0.001,1,92,0,0,67,184,0.364,55,31.83,17.46,2.97,1283,0.7356,0.177,6,0.0,5.1e-05,0
acc_1898,14,0.048,1,49,0,1,681,201,3.388,56,39.94,1.53,5.43,2547,0.0609,0.345,3,0.0,8.5e-05,0
acc_1899,4,0.188,1,137,1,1,125,264,0.473,45,8.63,0.48,3.12,486,0.0729,0.23,9,0.0,0.000428,0
acc_1900,9,0.066,1,126,0,0,324,52,6.231,51,18.42,4.26,0.94,1254,0.07,0.274,7,0.0,0.000129,0
acc_1901,14,0.365,1,3,0,1,16,1010,0.016,2,0.65,0.1,0.46,7,0.0469,0.733,14,0.011,0.000489,1
acc_1902,13,0.045,1,65,0,0,573,85,6.741,37,32.16,2.07,0.2,783,0.0597,0.286,5,0.0,0.000159,0
acc_1903,9,0.089,1,40,0,0,269,95,2.832,42,46.07,0.82,2.49,2728,0.1743,0.118,4,0.0,7.5e-05,0
acc_1904,7,0.143,1,66,1,0,211,519,0.407,41,43.26,2.91,0.02,2866,0.2188,0.101,5,0.1,0.000146,0
acc_1905,8,0.188,0,39,0,1,556,97,5.732,41,8.4,7.97,0.65,1855,0.0294,0.134,4,0.0,8.8e-05,0
acc_1906,17,0.718,0,14,0,0,60,252,0.238,2,2.85,0.22,0.18,135,0.0513,0.782,15,0.019,0.000333,1
acc_1907,9,0.133,1,28,0,0,96,57,1.684,54,39.82,0.07,5.04,841,0.4155,0.309,5,0.0,3e-05,0
acc_1908,7,0.009,1,134,1,0,316,146,2.164,49,26.65,0.18,9.46,1009,0.0849,0.303,6,0.0,0.00015,0
acc_1909,4,0.042,1,116,1,1,13417,444,30.218,43,0.52,3.92,7.14,2041,0.0003,0.054,3,0.0,3e-06,0
acc_1910,7,0.194,1,42,0,1,132,121,1.091,55,8.12,0.07,3.86,2361,0.0621,0.072,6,0.0,8.4e-05,0
acc_1911,4,0.016,1,65,0,0,5214,11,474.0,52,80.78,7.38,3.16,2203,0.0169,0.098,3,0.0,6.9e-05,0
acc_1912,8,0.181,1,68,0,0,59,139,0.424,38,70.62,7.45,10.06,1456,1.0,0.34,9,0.0,0.000412,0
acc_1913,8,0.164,1,12,0,1,150,93,1.613,43,4.23,4.47,0.43,987,0.058,0.149,3,0.0,1.6e-05,0
acc_1914,11,0.009,1,25,1,1,72,235,0.306,41,11.79,11.22,7.38,524,0.3195,0.281,4,0.0,1.5e-05,0
acc_1915,9,0.043,1,38,1,0,423,36,11.75,47,50.18,8.04,1.01,766,0.1376,0.239,6,0.0667,0.00021,0
acc_1916,19,0.7,1,9,0,0,54,425,0.127,2,1.82,0.01,2.29,129,0.034,0.577,9,0.0,9.9e-05,1
acc_1917,13,0.038,1,46,0,1,809,214,3.78,39,3.73,3.18,2.63,1162,0.0085,0.342,4,0.0,0.000184,0
acc_1918,8,0.165,1,103,1,1,201,205,0.98,38,29.03,5.06,6.49,1706,0.1696,0.147,4,0.0,3e-05,0
acc_1919,12,0.599,0,3,1,1,75,1078,0.07,1,1.7,0.13,0.22,174,0.0245,0.612,8,0.0,5.6e-05,1
acc_1920,17,0.676,0,12,0,1,179,1053,0.17,2,1.92,0.2,0.71,125,0.0119,0.605,15,0.0095,0.000342,1
acc_1921,19,0.499,0,14,0,1,34,255,0.133,2,1.81,0.28,0.01,24,0.0616,0.518,12,0.0152,0.000238,1
acc_1922,13,0.143,1,95,0,1,147,63,2.333,29,24.72,0.72,6.61,2801,0.173,0.058,4,0.0,1.3e-05,0
acc_1923,10,0.189,1,80,0,1,302,186,1.624,53,90.23,3.92,6.1,1395,0.3117,0.111,5,0.0,0.000113,0
acc_1924,15,0.717,1,6,0,0,193,2050,0.094,4,4.62,0.64,0.69,74,0.0272,0.874,13,0.0,0.000425,1
acc_1925,8,0.024,1,143,0,1,704,624,1.128,45,36.13,9.56,0.02,2069,0.0649,0.086,5,0.0,6.2e-05,0
acc_1926,18,0.416,0,4,0,1,27,722,0.037,1,1.9,0.12,0.66,101,0.0751,0.568,13,0.0,0.000418,1
acc_1927,15,0.643,0,1,0,1,47,1805,0.026,2,0.34,1.04,0.56,67,0.0294,0.609,11,0.0,0.000836,1
acc_1928,9,0.0,1,47,0,1,28,115,0.243,47,16.22,2.81,5.49,720,0.6799,0.13,9,0.0,0.000267,0
acc_1929,5,0.07,1,96,1,0,88,202,0.436,55,25.07,0.79,2.37,2290,0.2939,0.32,5,0.0,8.1e-05,0
acc_1930,14,0.076,1,111,1,1,374,33,11.333,54,24.64,0.58,1.64,2127,0.0674,0.086,5,0.0,0.000514,0
acc_1931,16,0.744,0,2,0,0,8,1079,0.007,3,1.27,0.09,0.2,9,0.1703,0.455,15,0.0,0.000552,1
acc_1932,4,0.174,1,52,1,1,313,55,5.691,43,13.42,10.6,4.07,2743,0.0768,0.18,8,0.0,0.000791,0
acc_1933,13,0.064,1,82,1,0,169,144,1.174,44,31.79,2.32,0.53,1194,0.2018,0.26,3,0.0,1.1e-05,0
acc_1934,8,0.148,1,115,0,0,117,73,1.603,32,16.03,0.39,5.14,2104,0.1403,0.289,5,0.1,0.000133,0
acc_1935,11,0.049,1,41,0,0,72,493,0.146,36,61.7,7.58,5.68,1977,0.9623,0.204,4,0.0,4e-06,0
acc_1936,17,0.776,0,7,0,1,179,474,0.378,4,2.36,0.68,0.57,165,0.0169,0.515,11,0.0182,0.000912,1
acc_1937,12,0.702,1,8,0,1,78,3465,0.023,3,1.94,0.24,0.68,99,0.0279,0.807,8,0.0,0.000477,1
acc_1938,9,0.062,1,32,0,0,34,235,0.145,57,26.17,2.29,0.18,2385,0.8369,0.309,5,0.0,9.7e-05,0
acc_1939,14,0.604,0,7,0,0,1,3021,0.0,1,2.84,0.66,0.38,155,1.0,0.583,7,0.0,6.9e-05,1
acc_1940,7,0.127,1,134,1,1,315,338,0.932,45,7.92,1.12,4.59,2035,0.0287,0.173,6,0.0,0.000194,0
acc_1941,5,0.122,1,46,0,0,150,364,0.412,48,10.19,4.18,4.31,2653,0.0958,0.151,4,0.0,4.1e-05,0
acc_1942,9,0.02,1,129,1,1,286,186,1.538,41,17.36,0.13,7.34,2197,0.0612,0.164,3,0.0,1.9e-05,0
acc_1943,12,0.146,1,26,1,0,116,164,0.707,47,23.96,4.43,0.48,705,0.2447,0.179,4,0.0,5.4e-05,0
acc_1944,5,0.183,1,42,0,1,34,319,0.107,43,6.63,2.59,1.47,1420,0.2712,0.329,4,0.0,2.2e-05,0
acc_1945,7,0.084,1,65,0,0,849,190,4.468,50,48.97,4.69,7.33,2422,0.0632,0.086,5,0.0,5.6e-05,0
acc_1946,12,0.028,1,43,0,1,222,399,0.556,51,108.7,3.74,6.87,1802,0.5065,0.061,5,0.0,7e-05,0
acc_1947,19,0.389,0,11,0,0,30,4436,0.007,1,0.25,0.27,0.05,190,0.0175,0.877,13,0.0128,0.000593,1
acc_1948,13,0.186,1,47,0,0,253,403,0.628,50,24.52,0.95,5.08,394,0.1007,0.094,5,0.0,0.001696,0
acc_1949,9,0.165,1,56,1,1,75,407,0.184,49,31.84,0.0,0.9,2581,0.4246,0.128,6,0.0,6.7e-05,0
acc_1950,4,0.037,1,76,1,1,1463,192,7.62,46,1.77,2.73,5.02,1546,0.0031,0.21,4,0.0,0.00034,0
acc_1951,11,0.121,1,79,0,1,382,503,0.759,45,53.13,0.88,3.91,450,0.1414,0.083,4,0.0,4.6e-05,0
acc_1952,5,0.005,1,144,0,0,173,54,3.204,42,35.87,11.06,7.65,1940,0.2713,0.279,4,0.0,2e-05,0
acc_1953,9,0.125,1,74,0,0,496,166,2.988,48,27.22,9.61,0.02,724,0.0742,0.345,4,0.0,3.2e-05,0
acc_1954,12,0.179,1,14,0,0,133,48,2.771,62,91.54,0.8,10.5,2923,0.6943,0.251,8,0.0,0.000107,0
acc_1955,11,0.162,1,51,0,1,1259,69,18.246,44,3.32,4.96,1.46,2912,0.0066,0.143,5,0.0,0.001433,0
acc_1956,8,0.474,0,13,0,0,13,1296,0.01,1,0.68,0.14,0.2,122,0.0628,0.727,15,0.0,0.000773,1
acc_1957,13,0.033,1,19,0,0,1312,55,23.855,48,87.54,0.89,4.01,720,0.0674,0.175,6,0.0,8.4e-05,0
acc_1958,12,0.187,1,141,0,1,517,226,2.288,38,178.66,4.58,6.33,986,0.3544,0.336,5,0.0,0.000135,0
acc_1959,4,0.14,1,85,1,1,1599,60,26.65,47,55.79,3.72,6.55,261,0.0372,0.053,3,0.0,2.5e-05,0
acc_1960,8,0.081,1,125,1,0,38,491,0.077,52,1.35,0.43,0.68,2379,0.0467,0.167,3,0.0,0.000107,0
acc_1961,15,0.347,0,11,0,1,102,386,0.264,0,0.22,0.25,0.46,145,0.0046,0.672,9,0.0,0.000235,1
acc_1962,17,0.643,1,14,0,0,7,999,0.007,1,0.65,0.11,0.49,67,0.108,0.444,12,0.0455,0.0007,1
acc_1963,13,0.061,1,148,0,1,1952,27,72.296,39,39.23,0.29,5.22,1798,0.0202,0.129,6,0.0,0.000843,0
acc_1964,14,0.121,1,121,1,1,1030,203,5.074,46,28.94,22.42,0.33,1346,0.0499,0.34,5,0.0,8.6e-05,0
acc_1965,13,0.072,1,99,0,0,336,447,0.752,40,56.8,0.43,3.1,1769,0.1703,0.347,4,0.0,0.000572,0
acc_1966,9,0.662,0,14,0,1,42,230,0.183,1,2.55,0.84,0.49,16,0.0807,0.589,16,0.0,0.000393,1
acc_1967,11,0.07,1,27,1,1,382,334,1.144,39,3.66,1.57,2.1,1534,0.0137,0.213,4,0.0,2.1e-05,0
acc_1968,18,0.562,1,6,1,1,88,242,0.364,3,2.27,0.41,0.36,145,0.0305,0.683,14,0.0,0.001236,1
acc_1969,7,0.172,1,127,1,1,132,187,0.706,47,20.19,0.19,3.02,758,0.1544,0.309,4,0.0,2e-05,0
acc_1970,6,0.168,1,28,1,0,294,382,0.77,44,53.64,11.18,19.21,972,0.2205,0.09,5,0.0,0.000114,0
acc_1971,12,0.004,1,73,1,0,95,96,0.99,36,13.39,2.2,1.87,1424,0.1641,0.062,7,0.0,7.3e-05,0
acc_1972,4,0.172,1,127,0,1,66,33,2.0,41,108.7,0.6,1.02,1563,1.0,0.179,7,0.0,0.000128,0
acc_1973,7,0.186,1,125,1,0,192,339,0.566,45,25.73,0.84,1.14,1428,0.1384,0.18,4,0.0,9e-05,0
acc_1974,11,0.039,1,118,1,0,370,118,3.136,49,18.36,4.48,2.56,2909,0.0617,0.056,4,0.0,2.5e-05,0
acc_1975,18,0.699,0,0,0,0,117,783,0.149,2,0.56,0.08,1.0,62,0.0055,0.715,11,0.0,0.000502,1
acc_1976,10,0.667,1,8,0,1,46,836,0.055,2,0.44,0.4,0.16,150,0.0184,0.481,17,0.0,0.005182,1
acc_1977,7,0.101,1,51,0,1,147,56,2.625,46,4.8,4.33,3.18,806,0.0621,0.316,3,0.0,6e-06,0
acc_1978,7,0.149,1,21,1,0,110,749,0.147,49,6.24,2.89,0.97,2731,0.083,0.27,6,0.0,8.2e-05,0
acc_1979,6,0.103,1,146,0,0,134,164,0.817,37,51.15,12.41,6.66,877,0.4743,0.343,4,0.0,6.1e-05,0
acc_1980,5,0.058,1,120,0,1,140,260,0.538,45,20.65,2.42,0.77,1272,0.1648,0.308,4,0.1667,3.7e-05,0
acc_1981,6,0.044,1,100,0,0,724,117,6.188,28,75.97,0.54,0.01,253,0.1057,0.297,6,0.0,0.00073,0
acc_1982,12,0.112,1,78,1,1,294,124,2.371,34,44.03,4.68,0.97,1326,0.1657,0.278,5,0.0,7.8e-05,0
acc_1983,6,0.048,1,15,0,0,1344,288,4.667,37,0.42,3.04,2.34,2127,0.0026,0.231,4,0.0,0.000297,0
acc_1984,10,0.086,1,142,0,0,1085,39,27.821,58,28.81,9.12,0.32,1903,0.035,0.161,4,0.0,0.000127,0
acc_1985,12,0.75,0,9,0,1,37,1319,0.028,5,1.97,0.23,0.21,58,0.0594,0.832,11,0.0,0.000557,1
acc_1986,12,0.007,1,61,1,0,177,174,1.017,51,24.12,7.91,0.27,2723,0.1809,0.276,3,0.0,2.9e-05,0
acc_1987,14,0.776,0,6,1,1,10,488,0.02,3,0.27,0.2,0.09,48,0.0472,0.619,11,0.0,0.001453,1
acc_1988,12,0.671,0,0,0,0,38,1643,0.023,2,0.8,0.08,0.11,100,0.0233,0.655,17,0.0,0.001297,1
acc_1989,5,0.004,1,37,1,0,390,170,2.294,42,15.12,1.46,0.68,2821,0.0425,0.062,7,0.0,0.0002,0
acc_1990,4,0.057,1,145,0,1,38,37,1.027,52,9.32,2.2,3.62,2632,0.3032,0.219,5,0.1,0.00011,0
acc_1991,12,0.049,1,73,1,0,4891,817,5.987,46,88.96,18.49,3.62,1232,0.022,0.092,4,0.0,3.1e-05,0
acc_1992,19,0.667,0,9,0,1,342,1509,0.227,2,0.51,0.47,0.06,115,0.0029,0.629,14,0.011,0.000515,1
acc_1993,7,0.109,1,25,1,0,36,324,0.111,48,19.27,4.47,1.61,2235,0.6596,0.087,4,0.0,5.6e-05,0
acc_1994,18,0.57,1,2,0,0,136,676,0.201,1,0.27,0.18,1.04,17,0.0033,0.455,11,0.0364,0.000358,1
acc_1995,11,0.512,0,0,0,0,10,853,0.012,1,1.05,0.01,0.02,25,0.106,0.688,12,0.0152,0.000328,1
acc_1996,9,0.161,1,76,0,0,103,112,0.92,49,31.19,2.6,2.35,738,0.3281,0.319,7,0.0,0.000413,0
acc_1997,7,0.137,1,71,0,0,51,509,0.1,46,53.6,1.5,2.3,1442,1.0,0.288,4,0.0,2.8e-05,0
acc_1998,12,0.396,0,10,0,1,30,411,0.073,5,4.39,0.91,1.37,108,0.1767,0.723,17,0.0,0.000641,1
acc_1999,9,0.048,1,114,0,0,512,241,2.124,48,60.62,5.42,3.66,1337,0.129,0.126,6,0.0,4.6e-05,0
acc_2000,5,0.139,1,126,1,0,30,184,0.163,44,27.75,4.43,2.86,2448,1.0,0.323,4,0.0,5.2e-05,0
acc_2001,18,0.339,0,2,0,1,20,1464,0.014,0,2.13,0.34,0.34,127,0.1234,0.862,13,0.0128,0.000353,1
acc_2002,14,0.445,1,13,0,0,212,245,0.865,1,0.98,0.75,0.23,65,0.0081,0.877,11,0.0,0.000253,1
acc_2003,13,0.727,0,6,0,0,12,1954,0.006,2,0.61,0.05,1.79,22,0.0546,0.589,12,0.0,0.000197,1
acc_2004,8,0.04,1,123,1,0,136,46,2.957,52,110.6,9.4,0.49,832,0.8824,0.194,3,0.0,5.9e-05,0
acc_2005,11,0.599,1,10,0,1,147,298,0.493,1,4.2,0.96,0.15,128,0.0351,0.856,9,0.0278,0.000197,1
acc_2006,7,0.037,0,137,1,0,112,437,0.256,42,92.76,5.04,4.49,588,0.8732,0.084,5,0.0,4.9e-05,0
acc_2007,7,0.151,1,107,0,1,393,72,5.458,36,27.0,5.03,3.26,1855,0.0815,0.298,4,0.0,0.000103,0
acc_2008,12,0.172,1,108,0,0,35,64,0.547,56,18.13,0.01,4.94,1966,0.5183,0.282,3,0.0,1.9e-05,0
acc_2009,6,0.08,1,56,0,1,529,70,7.557,52,5.95,0.73,12.69,2009,0.0126,0.215,6,0.0,0.000136,0
acc_2010,10,0.429,0,0,0,1,45,4153,0.011,3,3.19,0.46,0.12,38,0.0811,0.889,17,0.0,0.000748,1
acc_2011,6,0.022,1,77,1,0,15,147,0.102,38,5.95,2.75,2.33,1193,0.5796,0.331,4,0.0,3.5e-05,0
acc_2012,5,0.113,1,27,1,1,326,92,3.543,46,29.13,0.86,3.69,343,0.092,0.109,3,0.6667,3.4e-05,0
acc_2013,13,0.098,1,119,0,0,1398,228,6.132,53,82.04,11.09,2.7,1054,0.0666,0.054,5,0.0,6.7e-05,0
acc_2014,13,0.11,1,39,0,1,586,144,4.069,41,79.59,0.64,3.48,2544,0.1369,0.281,3,0.0,5e-05,0
acc_2015,5,0.123,1,17,0,0,745,140,5.321,50,137.9,6.34,0.02,2654,0.1936,0.184,3,0.0,6.4e-05,0
acc_2016,17,0.475,1,8,0,0,27,982,0.027,1,5.08,0.52,1.66,162,0.2072,0.55,12,0.0,0.000581,1
acc_2017,7,0.163,1,142,0,0,225,153,1.471,47,9.2,0.87,1.02,340,0.0448,0.196,6,0.0,7.6e-05,0
acc_2018,7,0.092,1,31,0,1,88,439,0.2,49,69.4,1.71,5.67,2406,0.8081,0.197,5,0.0,0.000287,0
acc_2019,17,0.69,0,10,0,1,52,1846,0.028,0,0.66,0.04,1.35,127,0.0135,0.855,10,0.0,0.000378,1
acc_2020,13,0.178,1,112,0,1,645,120,5.375,40,46.58,1.28,0.08,648,0.0742,0.119,4,0.1667,5.6e-05,0
acc_2021,4,0.18,1,87,1,0,2765,272,10.165,51,5.46,6.34,1.81,1719,0.0043,0.181,9,0.0,0.001678,0
acc_2022,9,0.056,1,139,0,0,11992,92,130.348,39,12.11,1.97,2.08,2455,0.0012,0.057,5,0.0,0.000146,0
acc_2023,4,0.067,1,122,1,0,1159,103,11.252,40,13.29,1.67,1.52,1040,0.0129,0.152,6,0.0,9.4e-05,0
acc_2024,8,0.049,0,122,0,0,66,137,0.482,59,5.13,6.69,7.9,446,0.179,0.346,5,0.0,0.000141,0
acc_2025,9,0.064,1,26,0,0,920,910,1.011,40,49.23,3.52,5.54,412,0.0573,0.3,4,0.0,1.1e-05,0
acc_2026,14,0.028,1,28,1,0,545,418,1.304,42,24.91,4.18,2.05,1348,0.0534,0.205,4,0.0,4.3e-05,0
acc_2027,13,0.447,0,7,0,1,3,741,0.004,4,1.22,0.05,0.37,91,0.4237,0.488,12,0.0,0.000237,1
acc_2028,8,0.015,1,114,1,1,18,73,0.247,56,18.55,2.5,1.74,1628,1.0,0.31,4,0.0,4.4e-05,0
acc_2029,11,0.192,1,80,1,0,2214,153,14.471,39,42.49,2.95,0.8,1510,0.0205,0.186,3,0.0,3.2e-05,0
acc_2030,11,0.138,0,56,1,1,201,389,0.517,42,14.38,0.28,4.87,1318,0.0729,0.244,5,0.0,0.000202,0
acc_2031,10,0.052,1,86,1,0,39,300,0.13,39,30.13,0.65,0.04,1877,0.7891,0.067,5,0.0,0.000115,0
acc_2032,4,0.134,1,144,1,1,891,595,1.497,42,65.38,5.0,3.33,812,0.079,0.119,7,0.0,0.000516,0
acc_2033,13,0.193,1,13,0,0,186,100,1.86,41,18.17,5.9,0.46,299,0.1294,0.07,3,0.0,1.6e-05,0
acc_2034,9,0.134,1,111,1,1,299,338,0.885,43,52.56,5.86,2.82,1123,0.1954,0.296,3,0.3333,5.1e-05,0
acc_2035,11,0.676,1,3,1,1,6,217,0.028,1,3.9,0.05,0.99,147,0.6593,0.772,10,0.0,0.002003,1
acc_2036,9,0.051,1,109,1,1,62,113,0.549,48,2.73,3.27,0.37,1617,0.0966,0.254,6,0.0,0.000304,0
acc_2037,10,0.136,1,109,0,0,247,456,0.542,40,78.68,4.68,4.71,1075,0.3375,0.137,3,0.0,2.2e-05,0
acc_2038,8,0.186,1,97,0,0,43,418,0.103,40,4.95,9.55,4.13,533,0.3373,0.222,5,0.0,2.5e-05,0
acc_2039,14,0.097,1,22,0,0,228,209,1.091,51,4.35,1.41,1.13,763,0.0253,0.224,5,0.0,7e-05,0
acc_2040,10,0.131,1,35,1,1,57,77,0.74,46,17.1,7.54,9.7,2997,0.4324,0.259,6,0.0,0.00011,0
acc_2041,7,0.169,0,127,1,1,824,121,6.81,42,35.21,0.81,1.01,1062,0.0437,0.105,5,0.0,5.2e-05,0
acc_2042,5,0.077,1,140,1,0,1202,250,4.808,55,91.92,0.9,2.17,1005,0.0772,0.106,3,0.0,1.7e-05,0
acc_2043,14,0.002,1,120,0,0,519,219,2.37,50,50.82,5.37,1.94,492,0.1083,0.152,4,0.0,9.4e-05,0
acc_2044,10,0.192,1,53,1,1,139,50,2.78,41,34.07,3.26,1.67,223,0.2686,0.322,6,0.0,7.1e-05,0
acc_2045,11,0.121,1,122,0,1,308,506,0.609,48,3.37,1.43,0.56,2367,0.0156,0.301,3,0.0,1.1e-05,0
acc_2046,9,0.494,1,1,0,0,57,317,0.18,2,5.21,0.27,0.56,88,0.0962,0.708,16,0.0083,0.000828,1
acc_2047,5,0.088,1,17,0,1,1283,15,85.533,46,0.09,7.4,0.94,1247,0.0058,0.302,4,0.0,0.000147,0
acc_2048,6,0.037,0,85,1,1,777,239,3.251,40,2.19,4.91,10.51,1793,0.0091,0.303,6,0.0,0.00021,0
acc_2049,11,0.044,1,127,0,1,23,225,0.102,40,22.49,1.44,0.92,2218,1.0,0.309,3,0.0,0.000308,0
acc_2050,6,0.162,1,119,0,0,158,51,3.098,42,31.9,9.77,0.47,1795,0.2638,0.05,3,0.0,1e-05,0
acc_2051,17,0.725,0,2,0,1,28,212,0.132,0,1.41,0.05,0.75,18,0.052,0.612,16,0.0,0.000972,1
acc_2052,9,0.418,0,13,1,1,46,1422,0.032,1,5.32,0.3,0.88,72,0.1221,0.882,14,0.0,0.000211,1
acc_2053,7,0.18,1,91,1,0,53,402,0.132,33,6.03,5.34,4.06,378,0.2145,0.122,4,0.0,3.3e-05,0
acc_2054,12,0.003,1,69,0,0,371,521,0.712,34,136.58,3.15,1.01,1168,0.3766,0.197,5,0.0,3.6e-05,0
acc_2055,10,0.146,1,139,0,1,22,824,0.027,46,15.83,10.27,1.21,1800,1.0,0.087,4,0.1667,8.4e-05,0
acc_2056,14,0.181,1,88,1,0,3781,217,17.424,45,51.75,8.29,1.49,833,0.0159,0.064,3,0.0,1.2e-05,0
acc_2057,9,0.021,0,73,0,0,36,418,0.086,50,8.55,2.1,1.45,445,0.2957,0.122,5,0.0,2.6e-05,0
acc_2058,10,0.057,1,132,0,0,41,91,0.451,40,31.11,2.55,4.17,2963,0.8212,0.086,6,0.0,0.000341,0
acc_2059,14,0.545,0,2,0,0,28,650,0.043,4,0.22,0.59,0.08,31,0.029,0.893,15,0.0,0.000718,1
acc_2060,14,0.301,0,9,0,1,23,479,0.048,4,4.12,0.09,0.13,30,0.1834,0.661,12,0.0,0.001617,1
acc_2061,7,0.058,1,126,0,0,476,168,2.833,40,21.28,4.12,6.65,1696,0.0534,0.16,4,0.0,7e-06,0
acc_2062,4,0.002,1,73,1,1,1042,56,18.607,38,57.41,3.79,5.24,455,0.0587,0.091,4,0.0,0.000178,0
acc_2063,14,0.04,1,140,0,0,693,62,11.177,67,53.29,0.18,0.38,1707,0.0772,0.35,5,0.0,0.000258,0
acc_2064,10,0.356,0,2,0,0,50,588,0.085,2,3.97,0.15,0.03,192,0.0823,0.538,14,0.0,0.000594,1
acc_2065,12,0.175,1,111,0,0,923,467,1.976,45,14.07,0.24,6.9,2741,0.0155,0.323,8,0.0,0.000268,0
acc_2066,15,0.498,0,9,0,1,61,585,0.104,5,3.33,0.05,0.31,51,0.0554,0.574,13,0.0,0.000164,1
acc_2067,15,0.509,0,5,0,0,90,841,0.107,3,2.29,0.04,0.22,13,0.0259,0.567,10,0.0222,0.000144,1
acc_2068,10,0.126,1,27,1,0,933,371,2.515,54,39.34,5.06,1.69,2135,0.0476,0.174,3,0.0,2.9e-05,0
acc_2069,12,0.629,0,12,0,1,48,271,0.177,2,2.72,0.2,0.06,180,0.0609,0.562,13,0.0,0.000236,1
acc_2070,14,0.036,1,60,1,0,100,127,0.787,50,16.49,4.71,1.37,1451,0.212,0.271,4,0.0,1.8e-05,0
acc_2071,13,0.13,1,76,1,0,579,515,1.124,47,1.23,2.68,13.31,726,0.0068,0.224,8,0.0,0.000208,0
acc_2072,12,0.134,1,48,1,1,609,110,5.536,45,3.94,2.71,0.05,841,0.0109,0.062,4,0.0,0.000107,0
acc_2073,11,0.179,1,75,1,0,5099,53,96.208,44,50.35,0.99,0.46,795,0.0101,0.088,6,0.0,4.2e-05,0
acc_2074,14,0.114,1,76,0,0,90,84,1.071,49,53.01,0.91,2.85,1849,0.5991,0.202,6,0.0,8.2e-05,0
acc_2075,14,0.488,1,3,0,0,58,1575,0.037,3,0.6,0.2,0.03,9,0.0139,0.502,9,0.0278,0.002136,1
acc_2076,5,0.048,1,69,0,0,47,87,0.54,34,30.48,1.38,4.53,1729,0.6779,0.276,3,0.0,8e-06,0
acc_2077,14,0.019,1,23,0,1,377,133,2.835,40,3.55,8.34,0.44,1625,0.0316,0.245,3,0.0,5.2e-05,0
acc_2078,14,0.062,1,127,0,1,319,327,0.976,47,48.28,2.6,3.83,938,0.1595,0.207,3,0.0,9e-06,0
acc_2079,12,0.146,1,46,1,0,32,50,0.64,54,197.39,5.34,5.71,1690,1.0,0.159,9,0.0,0.000163,0
acc_2080,7,0.027,1,83,1,0,657,100,6.57,46,11.31,1.33,6.19,1372,0.0192,0.133,5,0.0,0.000114,0
acc_2081,10,0.073,1,54,0,1,454,615,0.738,56,40.62,13.19,1.11,809,0.1185,0.245,3,0.0,2.6e-05,0
acc_2082,11,0.058,1,98,0,0,347,229,1.515,42,46.61,7.25,3.77,1567,0.1552,0.269,3,0.0,1.6e-05,0
acc_2083,13,0.726,1,5,1,0,49,1421,0.034,2,1.38,0.12,0.52,88,0.0307,0.71,15,0.019,0.001681,1
acc_2084,18,0.525,0,11,0,1,16,913,0.018,3,2.0,0.07,0.22,56,0.1296,0.68,14,0.011,0.00049,1
acc_2085,9,0.588,0,11,0,1,17,534,0.032,0,0.71,0.19,0.09,114,0.0528,0.709,16,0.0083,0.001538,1
acc_2086,15,0.697,0,0,0,1,13,908,0.014,0,0.26,0.32,0.33,39,0.0442,0.782,13,0.0,0.00283,1
acc_2087,4,0.026,1,18,1,0,1886,149,12.658,48,23.32,14.33,4.78,629,0.02,0.205,4,0.0,0.000241,0
acc_2088,10,0.198,1,85,0,0,126,178,0.708,61,112.11,1.27,8.79,556,0.8998,0.293,4,0.0,7e-06,0
acc_2089,13,0.55,0,14,0,1,8,1642,0.005,3,0.14,0.05,0.02,15,0.0239,0.406,15,0.019,0.002538,1
acc_2090,12,0.042,1,13,1,1,25,342,0.073,44,220.28,5.63,2.91,2534,1.0,0.211,6,0.0,0.000106,0
acc_2091,10,0.051,1,72,0,0,694,166,4.181,56,3.98,3.5,5.66,1814,0.0108,0.321,3,0.3333,2.8e-05,0
acc_2092,10,0.136,1,49,0,0,44,92,0.478,43,0.91,18.12,1.05,2458,0.4326,0.32,4,0.0,2.4e-05,0
acc_2093,8,0.497,0,6,0,1,132,386,0.342,3,1.78,0.06,0.02,17,0.0139,0.533,10,0.0,0.000177,1
acc_2094,8,0.075,1,25,1,1,1169,488,2.395,52,49.85,8.04,0.02,434,0.0495,0.26,4,0.0,6.7e-05,0
acc_2095,10,0.053,1,21,0,1,522,45,11.6,45,7.61,4.03,0.13,937,0.0223,0.275,4,0.0,3.9e-05,0
acc_2096,16,0.325,0,2,0,1,18,831,0.022,2,0.22,0.03,0.17,92,0.0138,0.628,13,0.0,0.000363,1
acc_2097,11,0.154,1,53,0,0,682,239,2.854,49,10.04,2.73,3.87,759,0.0187,0.245,6,0.0,0.000638,0
acc_2098,9,0.611,0,14,0,1,44,4795,0.009,2,1.51,0.0,0.02,116,0.0344,0.613,12,0.0152,0.000723,1
acc_2099,8,0.1,1,61,0,1,1683,192,8.766,43,33.73,3.26,9.21,1247,0.022,0.063,8,0.0357,0.000255,0
acc_2100,7,0.076,1,128,0,0,307,242,1.269,41,19.07,2.4,2.76,377,0.0699,0.203,7,0.0,0.000358,0
acc_2101,7,0.112,1,22,1,1,1898,996,1.906,44,16.95,18.38,0.47,2828,0.0186,0.1,7,0.0,0.000239,0
acc_2102,6,0.091,1,144,0,0,657,175,3.754,53,8.72,5.25,11.5,1242,0.0213,0.176,3,0.0,1.2e-05,0
acc_2103,14,0.115,1,127,1,1,32,364,0.088,37,30.89,1.65,1.05,1037,1.0,0.261,12,0.0,0.000594,0
acc_2104,9,0.787,1,7,0,1,85,1629,0.052,4,3.19,1.45,0.53,27,0.0545,0.865,18,0.0,0.002622,1
acc_2105,6,0.031,1,77,0,1,313,43,7.279,48,21.52,10.86,1.96,194,0.1034,0.195,11,0.0,0.000234,0
acc_2106,17,0.629,0,9,0,0,50,389,0.129,0,11.57,0.09,0.08,11,0.2332,0.818,12,0.0152,0.001079,1
acc_2107,13,0.013,1,131,0,1,2386,383,6.23,45,27.69,10.04,1.99,2716,0.0158,0.172,6,0.0,4e-05,0
acc_2108,14,0.17,1,66,0,0,206,101,2.04,32,3.41,0.69,5.03,1620,0.0199,0.12,5,0.0,0.00019,0
acc_2109,13,0.146,1,70,0,0,93,85,1.094,39,18.59,2.08,10.2,2273,0.2222,0.328,3,0.0,3.4e-05,0
acc_2110,13,0.114,1,25,0,1,664,76,8.737,45,31.32,6.4,0.86,2766,0.0568,0.3,3,0.0,3.7e-05,0
acc_2111,9,0.195,1,43,0,0,546,111,4.919,44,18.31,1.72,0.35,374,0.0367,0.138,5,0.0,0.000122,0
acc_2112,13,0.492,1,14,0,1,110,954,0.115,0,1.14,0.23,0.3,75,0.0124,0.45,8,0.0,0.000106,1
acc_2113,10,0.131,1,116,0,1,1489,58,25.672,45,3.34,4.66,3.35,925,0.0054,0.161,3,0.0,7e-06,0
acc_2114,14,0.061,1,81,0,1,88,90,0.978,40,91.46,8.24,1.11,2208,1.0,0.199,3,0.0,3e-05,0
acc_2115,15,0.301,1,14,0,1,42,3190,0.013,1,0.61,0.61,0.02,21,0.0289,0.877,10,0.0,0.00024,1
acc_2116,8,0.053,1,68,1,0,2130,123,17.317,40,0.09,2.68,7.92,2989,0.0013,0.235,3,0.0,6e-05,0
acc_2117,13,0.011,1,100,0,0,183,897,0.204,55,26.08,0.01,1.12,2746,0.1426,0.098,4,0.0,0.0001,0
acc_2118,8,0.51,0,12,0,1,24,1453,0.017,3,2.74,0.06,0.18,56,0.1167,0.74,9,0.0278,0.000263,1
acc_2119,10,0.306,0,3,0,1,46,1277,0.036,2,1.82,0.13,0.28,43,0.0424,0.851,14,0.011,0.00116,1
acc_2120,14,0.142,1,126,1,1,322,32,10.062,39,18.01,1.36,0.92,747,0.0602,0.318,4,0.1667,1.3e-05,0
acc_2121,10,0.127,1,100,1,0,618,66,9.364,46,68.52,1.54,1.02,251,0.1134,0.172,3,0.0,4.4e-05,0
acc_2122,8,0.035,1,17,1,0,132,912,0.145,44,8.29,0.98,2.46,1536,0.0702,0.08,8,0.0,0.003478,0
acc_2123,11,0.046,1,60,1,1,171,86,1.988,52,7.19,2.02,0.4,566,0.0538,0.221,3,0.0,7.7e-05,0
acc_2124,9,0.143,1,85,0,0,96,217,0.442,41,43.48,5.3,9.94,2461,0.5082,0.206,5,0.0,6.5e-05,0
acc_2125,18,0.797,1,2,0,1,6,1151,0.005,2,0.69,0.02,1.06,119,0.1187,0.667,13,0.0128,0.00055,1
acc_2126,9,0.098,1,89,0,0,141,1478,0.095,61,40.07,4.13,0.27,2473,0.3134,0.115,8,0.0,0.000116,0
acc_2127,13,0.078,1,88,0,0,1418,151,9.391,43,7.76,7.76,14.62,280,0.0109,0.074,4,0.0,5.3e-05,0
acc_2128,4,0.126,1,72,1,0,1499,461,3.252,53,13.49,2.4,0.38,2049,0.0106,0.224,4,0.0,2e-05,0
acc_2129,13,0.02,1,82,0,1,80,46,1.739,42,94.0,14.65,8.75,1762,1.0,0.347,5,0.0,8.2e-05,0
acc_2130,8,0.061,1,131,0,0,579,75,7.72,48,47.41,0.61,5.18,744,0.0829,0.308,4,0.0,0.001,0
acc_2131,10,0.03,1,11,0,1,23,21,1.095,31,20.03,0.5,5.71,531,0.8929,0.06,3,0.0,6e-06,0
acc_2132,13,0.003,1,118,1,0,59,113,0.522,44,16.94,0.99,0.3,508,0.3038,0.115,7,0.0,0.000391,0
acc_2133,8,0.336,0,14,0,0,47,3105,0.015,2,1.97,0.52,0.22,95,0.0529,0.805,16,0.025,0.000542,1
acc_2134,14,0.031,1,101,1,1,117,50,2.34,54,0.37,0.98,1.41,410,0.0115,0.297,10,0.0,0.000209,0
acc_2135,12,0.11,1,43,0,0,22,119,0.185,49,2.87,0.0,0.06,1760,0.1303,0.102,3,0.0,6.3e-05,0
acc_2136,4,0.061,1,77,0,0,458,215,2.13,48,5.53,0.66,1.35,1162,0.0135,0.323,6,0.0,0.000148,0
acc_2137,10,0.17,1,119,1,0,230,175,1.314,54,20.7,0.18,0.12,2969,0.0908,0.087,5,0.0,0.00011,0
acc_2138,13,0.565,0,9,0,1,13,1588,0.008,2,3.38,0.09,0.23,33,0.2673,0.675,21,0.0238,0.001632,1
acc_2139,11,0.175,1,32,1,1,1018,75,13.573,45,13.34,3.59,3.23,795,0.0166,0.306,7,0.0,0.000111,0
acc_2140,13,0.119,1,131,1,0,338,175,1.931,47,3.84,1.16,1.16,341,0.0148,0.086,3,0.0,4.9e-05,0
acc_2141,7,0.174,1,140,1,0,1035,180,5.75,43,10.36,4.85,2.14,1457,0.0147,0.205,3,0.0,1.9e-05,0
acc_2142,9,0.057,1,132,0,0,19,185,0.103,47,15.84,2.74,3.92,389,0.9782,0.262,4,0.0,2.5e-05,0
acc_2143,13,0.185,1,85,0,1,1358,35,38.8,52,12.51,0.89,4.57,397,0.0099,0.097,5,0.0,2.6e-05,0
acc_2144,7,0.001,1,42,0,0,238,18,13.222,40,43.21,1.26,0.31,467,0.1868,0.236,7,0.0,9.7e-05,0
acc_2145,5,0.003,1,28,1,1,47,418,0.112,33,18.0,1.26,0.73,2902,0.4099,0.242,3,0.0,6.2e-05,0
acc_2146,11,0.576,0,9,0,0,17,612,0.028,4,1.06,0.06,0.31,180,0.0658,0.873,6,0.0,7.5e-05,1
acc_2147,14,0.475,0,14,0,1,137,276,0.496,0,2.29,0.06,1.25,112,0.0172,0.439,10,0.0222,0.000615,1
acc_2148,14,0.178,0,99,1,1,58,90,0.644,39,31.79,0.13,1.6,197,0.5504,0.057,4,0.0,0.000104,0
acc_2149,12,0.385,1,5,1,1,61,449,0.136,0,7.71,0.05,0.89,83,0.1271,0.641,5,0.0,2.8e-05,1
acc_2150,14,0.139,1,54,0,1,245,79,3.101,40,18.03,0.23,1.21,1200,0.0745,0.124,4,0.0,2.4e-05,0
acc_2151,9,0.126,1,72,0,0,991,116,8.543,46,108.14,7.87,5.52,1295,0.1171,0.184,5,0.0,0.000112,0
acc_2152,12,0.724,0,0,0,1,11,599,0.018,1,0.74,0.13,0.78,46,0.0787,0.541,16,0.0,0.00057,1
acc_2153,6,0.114,1,74,0,0,161,406,0.397,38,32.23,6.84,6.51,1496,0.2426,0.059,5,0.0,4.5e-05,0
acc_2154,7,0.096,1,78,1,1,278,54,5.148,50,5.13,2.86,1.24,2744,0.0287,0.244,3,0.0,2.8e-05,0
acc_2155,9,0.177,1,120,1,1,69,33,2.091,41,61.33,3.46,7.3,487,0.939,0.328,5,0.0,0.000195,0
acc_2156,13,0.112,1,18,0,1,1121,108,10.38,51,7.11,5.06,2.4,2230,0.0109,0.35,6,0.0,0.000578,0
acc_2157,18,0.419,0,12,0,1,5,4431,0.001,1,0.57,0.06,0.41,179,0.1257,0.734,9,0.0278,0.000169,1
acc_2158,7,0.115,1,94,0,1,186,78,2.385,44,14.44,2.42,2.97,1275,0.0907,0.227,7,0.0,8.9e-05,0
acc_2159,8,0.464,1,13,0,1,167,301,0.555,1,0.5,0.04,0.52,93,0.0032,0.504,17,0.0,0.001438,1
acc_2160,18,0.762,0,0,0,1,58,779,0.074,1,0.59,0.47,1.4,184,0.0184,0.594,15,0.0095,0.000369,1
acc_2161,9,0.198,1,86,1,0,383,156,2.455,43,5.71,0.62,2.19,2633,0.0165,0.24,5,0.0,5.2e-05,0
acc_2162,5,0.175,1,60,0,0,604,59,10.237,41,30.15,0.97,0.95,2166,0.0515,0.201,4,0.0,9e-06,0
acc_2163,6,0.148,1,112,0,0,650,54,12.037,46,10.6,24.01,4.38,1496,0.0532,0.227,3,0.0,4.7e-05,0
acc_2164,19,0.656,0,9,0,1,103,1001,0.103,3,2.12,0.06,0.27,32,0.0212,0.465,15,0.0,0.00043,1
acc_2165,9,0.146,1,70,0,1,271,270,1.004,41,9.43,0.74,2.04,803,0.0375,0.122,3,0.0,4.4e-05,0
acc_2166,6,0.182,1,54,1,0,183,134,1.366,59,2.33,7.09,2.53,1115,0.0515,0.104,4,0.0,1.8e-05,0
acc_2167,13,0.084,1,58,0,1,207,331,0.625,38,66.77,0.95,3.75,2313,0.3272,0.314,6,0.0667,0.000259,0
acc_2168,9,0.158,1,122,1,0,297,422,0.704,50,1.37,0.96,0.25,1122,0.0078,0.072,4,0.0,0.000825,0
acc_2169,14,0.119,1,144,1,1,27,137,0.197,44,53.35,0.34,3.7,2646,1.0,0.218,3,0.0,4.1e-05,0
acc_2170,14,0.101,1,91,1,1,584,298,1.96,36,13.36,1.43,0.21,2414,0.0253,0.148,6,0.0,0.000211,0
acc_2171,7,0.169,1,52,0,1,596,84,7.095,48,92.97,0.68,0.38,1792,0.1571,0.299,3,0.0,8e-06,0
acc_2172,14,0.42,0,8,0,1,27,857,0.032,1,0.82,0.32,2.09,163,0.0423,0.65,16,0.0083,0.000328,1
acc_2173,6,0.062,1,69,0,0,242,1127,0.215,58,15.85,1.6,0.81,328,0.0721,0.094,5,0.0,0.000158,0
acc_2174,4,0.105,1,104,1,1,674,16,42.125,41,1.01,6.17,10.45,497,0.0106,0.177,5,0.0,3.5e-05,0
acc_2175,11,0.166,1,40,0,0,578,132,4.379,48,17.01,3.05,1.09,1107,0.0347,0.307,4,0.1667,4.4e-05,0
acc_2176,14,0.041,1,92,0,0,248,120,2.067,42,31.74,2.36,3.96,1251,0.1375,0.164,3,0.0,9e-06,0
acc_2177,10,0.114,1,69,1,1,33,384,0.086,38,40.18,0.23,2.17,2796,1.0,0.172,6,0.0,0.000195,0
acc_2178,8,0.73,0,10,1,1,99,248,0.399,3,1.18,0.11,0.28,176,0.013,0.6,17,0.0,0.000571,1
acc_2179,9,0.678,0,12,0,1,194,640,0.303,1,2.67,0.32,0.75,73,0.0154,0.614,12,0.0,0.00056,1
acc_2180,5,0.022,1,73,1,0,58,72,0.806,46,6.1,6.26,1.9,1641,0.213,0.226,3,0.0,4e-06,0
acc_2181,18,0.525,0,10,0,1,17,1133,0.015,3,2.51,0.24,0.14,85,0.1616,0.791,16,0.0083,0.000499,1
acc_2182,19,0.706,0,4,0,0,1,368,0.003,0,1.39,0.01,0.32,21,1.0,0.594,18,0.0065,0.000592,1
acc_2183,4,0.081,0,102,0,0,125,158,0.791,39,51.89,3.37,0.95,2160,0.4421,0.289,5,0.0,7e-05,0
acc_2184,14,0.777,1,14,1,1,52,705,0.074,1,5.79,0.24,0.35,186,0.1159,0.721,11,0.0182,0.000127,1
acc_2185,4,0.012,1,36,0,0,2000,264,7.576,40,7.08,1.65,4.1,2851,0.0044,0.158,5,0.0,9e-05,0
acc_2186,8,0.361,0,7,0,1,25,1209,0.021,1,0.15,0.08,0.44,193,0.0094,0.448,15,0.0,0.00064,1
acc_2187,12,0.483,1,1,0,0,59,767,0.077,1,1.49,0.25,2.63,144,0.0295,0.857,9,0.0278,0.000143,1
acc_2188,7,0.083,1,26,0,1,530,258,2.054,45,57.13,1.24,0.22,1346,0.1101,0.345,5,0.0,0.000279,0
acc_2189,16,0.321,0,7,0,1,64,400,0.16,2,9.02,0.04,0.22,160,0.1417,0.84,14,0.0,0.000414,1
acc_2190,9,0.071,1,105,1,1,193,150,1.287,31,47.42,3.84,3.46,1545,0.2656,0.256,5,0.0,1.8e-05,0
acc_2191,7,0.027,1,71,0,0,17,302,0.056,57,14.06,8.11,3.4,449,1.0,0.178,4,0.0,1.8e-05,0
acc_2192,7,0.013,1,60,1,0,403,41,9.829,46,35.8,5.83,1.01,1501,0.1033,0.075,5,0.0,4.1e-05,0
acc_2193,9,0.018,1,91,0,0,151,167,0.904,39,38.35,0.3,3.24,2215,0.256,0.174,5,0.0,5.9e-05,0
acc_2194,8,0.146,1,87,0,0,87,87,1.0,40,5.72,1.39,1.52,1303,0.0817,0.205,4,0.0,3.1e-05,0
acc_2195,12,0.759,0,14,0,1,349,598,0.584,1,1.45,0.28,0.32,163,0.0049,0.698,14,0.022,0.000703,1
acc_2196,18,0.701,0,9,0,1,5,1393,0.004,1,1.52,0.74,1.2,107,0.4521,0.667,15,0.0095,0.00078,1
acc_2197,9,0.006,1,14,0,1,156,32,4.875,46,77.86,4.06,0.89,1249,0.5251,0.111,3,0.0,1.4e-05,0
acc_2198,13,0.094,1,122,0,1,926,292,3.171,47,77.02,6.67,0.52,2254,0.0904,0.342,5,0.0,0.000186,0
acc_2199,6,0.019,1,71,0,1,658,160,4.112,47,45.2,1.43,0.95,2497,0.0709,0.22,4,0.0,0.000126,0
acc_2200,19,0.785,0,4,0,1,18,382,0.047,1,0.71,0.04,0.04,111,0.0416,0.844,12,0.0,0.000206,1
acc_2201,8,0.166,1,136,0,1,365,32,11.406,35,44.21,1.43,0.48,624,0.1251,0.215,5,0.0,0.000124,0
acc_2202,12,0.194,1,113,1,0,277,128,2.164,48,10.23,5.55,2.51,283,0.0569,0.131,6,0.0,0.000167,0
acc_2203,9,0.339,0,8,0,1,55,731,0.075,2,1.8,1.38,2.1,2,0.058,0.554,9,0.0278,0.00011,1
acc_2204,18,0.498,1,9,1,0,41,779,0.053,3,0.97,0.38,0.18,50,0.033,0.888,9,0.0278,0.000478,1
acc_2205,10,0.053,1,25,0,0,1511,292,5.175,50,36.93,3.98,2.19,1170,0.0271,0.289,4,0.0,8.2e-05,0
acc_2206,15,0.333,0,14,0,0,46,1924,0.024,4,1.85,0.39,0.14,104,0.0488,0.894,9,0.0,0.000229,1
acc_2207,13,0.025,0,127,1,0,631,451,1.399,48,0.5,10.59,5.3,410,0.0176,0.166,7,0.0,0.000259,0
acc_2208,8,0.11,1,60,0,0,104,224,0.464,55,61.07,3.62,6.56,1611,0.6221,0.318,5,0.0,7.8e-05,0
acc_2209,13,0.021,1,148,0,0,1070,97,11.031,38,36.67,9.6,0.36,2504,0.0432,0.196,3,0.0,4e-06,0
acc_2210,9,0.706,1,7,0,1,19,398,0.048,3,0.38,0.02,0.02,107,0.0207,0.656,10,0.0,9.2e-05,1
acc_2211,8,0.111,1,115,1,1,142,203,0.7,43,68.86,0.66,1.73,1785,0.4896,0.327,6,0.0,6.1e-05,0
acc_2212,18,0.302,1,13,0,1,164,227,0.722,2,2.19,0.22,0.13,114,0.0147,0.449,15,0.0095,0.000382,1
acc_2213,14,0.138,1,107,0,0,29,142,0.204,30,3.2,3.47,2.1,283,0.23,0.24,3,0.0,1.6e-05,0
acc_2214,14,0.486,1,4,0,1,40,1325,0.03,1,1.27,0.68,0.37,188,0.0487,0.836,14,0.011,0.001766,1
acc_2215,5,0.193,1,108,0,1,194,249,0.779,50,57.01,5.71,4.35,876,0.3233,0.092,3,0.0,4.2e-05,0
acc_2216,7,0.085,1,87,1,0,937,361,2.596,32,9.84,6.47,0.15,1059,0.0174,0.28,6,0.0,5.4e-05,0
acc_2217,11,0.013,1,102,1,1,109,134,0.813,46,0.52,1.1,1.14,1316,0.0148,0.214,3,0.0,6.5e-05,0
acc_2218,5,0.048,1,68,0,0,42,41,1.024,35,55.98,2.14,2.65,1997,1.0,0.25,5,0.0,9.3e-05,0
acc_2219,17,0.74,0,6,0,0,25,1665,0.015,0,2.66,0.23,1.15,64,0.1157,0.73,14,0.011,0.000872,1
acc_2220,17,0.642,0,10,1,0,71,528,0.134,3,0.36,0.84,0.2,190,0.0169,0.831,10,0.0222,6.9e-05,1
acc_2221,9,0.081,1,147,1,1,57,99,0.576,50,12.72,4.12,2.7,1088,0.2955,0.28,4,0.0,0.000111,0
acc_2222,14,0.098,1,10,0,0,113,160,0.706,43,7.65,1.43,1.2,2963,0.0804,0.292,4,0.0,5.6e-05,0
acc_2223,12,0.426,1,3,1,1,110,558,0.197,4,3.63,1.11,0.2,86,0.0431,0.794,9,0.0,0.000131,1
acc_2224,11,0.071,1,144,1,0,315,499,0.631,41,20.12,0.11,2.77,2909,0.0642,0.092,4,0.0,0.000122,0
acc_2225,4,0.133,1,32,0,0,528,379,1.393,61,15.46,13.17,2.32,1446,0.0542,0.271,8,0.0,0.000848,0
acc_2226,11,0.301,1,5,0,1,34,372,0.091,1,0.39,0.43,0.74,40,0.0241,0.522,14,0.022,0.000371,1
acc_2227,4,0.173,1,96,1,0,444,337,1.318,36,93.03,3.86,2.26,1980,0.2182,0.287,3,0.0,0.00016,0
acc_2228,13,0.151,1,52,0,1,303,300,1.01,53,15.82,2.63,5.53,825,0.0609,0.336,4,0.0,2.3e-05,0
acc_2229,7,0.119,1,148,0,1,72,133,0.541,48,20.17,4.7,11.64,617,0.3455,0.256,3,0.0,1.4e-05,0
acc_2230,9,0.059,1,10,0,0,126,23,5.478,48,30.68,1.39,8.84,802,0.2545,0.106,3,0.0,5.5e-05,0
acc_2231,5,0.111,1,102,0,1,455,74,6.149,41,1.48,3.75,1.15,2265,0.0115,0.295,4,0.0,0.000634,0
acc_2232,8,0.191,1,139,0,1,134,202,0.663,41,9.25,7.54,1.12,650,0.1253,0.08,3,0.0,5e-06,0
acc_2233,6,0.055,0,87,0,1,32,148,0.216,40,11.55,0.37,2.11,998,0.3726,0.054,4,0.0,2.2e-05,0
acc_2234,10,0.092,1,53,0,0,428,66,6.485,45,56.04,1.58,2.52,277,0.1346,0.115,5,0.0,7.2e-05,0
acc_2235,15,0.648,1,3,0,1,23,2526,0.009,3,0.82,0.54,0.26,162,0.0594,0.72,13,0.0,0.00075,1
acc_2236,7,0.093,1,98,0,1,250,200,1.25,46,23.76,2.09,2.86,1192,0.1034,0.275,6,0.0,0.000107,0
acc_2237,10,0.673,1,10,0,1,54,1372,0.039,1,1.36,0.46,0.52,195,0.0339,0.68,8,0.0,9.5e-05,1
acc_2238,15,0.795,0,1,0,1,32,487,0.066,1,0.6,0.42,0.21,114,0.0322,0.561,11,0.0182,0.000594,1
acc_2239,9,0.128,1,136,1,1,139,174,0.799,50,117.16,6.42,2.04,1389,0.8891,0.138,3,0.0,1.3e-05,0
acc_2240,8,0.198,1,68,0,1,46,984,0.047,40,91.58,1.07,9.84,1428,1.0,0.054,4,0.0,1.2e-05,0
acc_2241,10,0.121,1,14,0,0,61,56,1.089,47,43.32,5.76,0.21,684,0.8046,0.113,6,0.0,0.000411,0
acc_2242,11,0.335,0,1,0,0,39,789,0.049,2,1.69,0.09,0.0,80,0.0455,0.82,17,0.0,0.001216,1
acc_2243,8,0.171,1,149,1,1,195,174,1.121,41,63.78,8.94,1.01,806,0.3729,0.129,7,0.0,0.000168,0
acc_2244,5,0.003,1,71,1,0,4037,222,18.185,54,24.82,1.05,2.17,367,0.0064,0.076,3,0.0,0.000151,0
acc_2245,13,0.065,1,69,1,0,65,159,0.409,46,66.12,22.68,12.84,1802,1.0,0.11,3,0.0,1.2e-05,0
acc_2246,6,0.117,1,92,0,1,211,232,0.909,53,22.96,1.84,0.69,905,0.1175,0.315,6,0.0,7e-05,0
acc_2247,7,0.162,1,58,0,0,148,35,4.229,39,24.18,6.21,1.13,1014,0.2053,0.128,5,0.0,0.000126,0
acc_2248,11,0.104,1,114,0,0,578,676,0.855,49,49.19,2.62,0.26,2164,0.0896,0.341,4,0.0,6.7e-05,0
acc_2249,6,0.126,1,47,0,1,214,47,4.553,48,24.24,0.35,0.83,363,0.1149,0.338,3,0.0,6.3e-05,0
acc_2250,14,0.146,1,105,0,1,129,34,3.794,47,8.26,7.25,5.61,2304,0.1202,0.291,5,0.2,0.001298,0
acc_2251,17,0.706,0,1,0,1,56,746,0.075,1,3.53,0.09,0.03,120,0.0645,0.725,11,0.0,0.000887,1
acc_2252,19,0.656,0,13,0,1,37,206,0.18,1,1.31,0.07,0.01,153,0.0374,0.686,18,0.0131,0.001275,1
acc_2253,6,0.085,1,58,1,1,174,373,0.466,47,75.89,2.55,2.3,471,0.4508,0.289,3,0.0,9e-06,0
acc_2254,19,0.341,0,6,0,1,1,652,0.002,0,0.5,0.46,0.34,71,0.9638,0.493,15,0.0,0.000637,1
acc_2255,11,0.181,1,66,0,0,16,93,0.172,44,5.28,0.8,5.65,2164,0.3801,0.25,3,0.0,1.2e-05,0
acc_2256,4,0.194,1,104,1,0,270,75,3.6,46,53.89,5.14,5.32,2038,0.2186,0.075,3,0.0,0.000152,0
acc_2257,9,0.541,0,11,0,0,1,318,0.003,4,0.08,0.19,0.24,190,0.2679,0.526,10,0.0222,0.000143,1
acc_2258,13,0.029,1,38,0,1,69,24,2.875,43,121.08,6.01,3.89,1432,1.0,0.172,5,0.0,0.000292,0
acc_2259,13,0.041,1,119,0,0,1959,10,195.9,47,6.99,3.8,3.22,1647,0.0055,0.286,6,0.0,7.2e-05,0
acc_2260,12,0.595,1,9,0,1,10,506,0.02,3,8.39,0.52,0.5,83,0.8909,0.759,14,0.011,0.000406,1
acc_2261,6,0.109,1,12,1,1,697,78,8.936,42,7.29,2.66,2.18,1585,0.0143,0.333,3,0.0,4.2e-05,0
acc_2262,7,0.073,1,73,0,0,426,110,3.873,41,0.8,1.41,0.73,546,0.0052,0.335,6,0.0,0.000136,0
acc_2263,9,0.017,0,12,0,0,104,170,0.612,46,5.59,2.68,9.96,2219,0.0795,0.12,6,0.0,0.000263,0
acc_2264,8,0.19,1,81,0,1,271,193,1.404,47,7.67,1.87,2.2,2481,0.0352,0.193,3,0.0,5e-06,0
acc_2265,6,0.184,0,85,0,0,113,190,0.595,44,31.67,6.38,7.71,823,0.3367,0.181,4,0.0,8.1e-05,0
acc_2266,11,0.138,1,113,0,0,377,191,1.974,38,85.91,2.55,4.8,1743,0.2346,0.14,5,0.0,0.000108,0
acc_2267,16,0.38,1,14,0,0,112,1134,0.099,3,0.37,0.01,0.58,152,0.0034,0.487,9,0.0,5.2e-05,1
acc_2268,5,0.088,1,141,1,0,342,114,3.0,45,4.96,2.28,2.27,2258,0.0211,0.115,4,0.0,1.3e-05,0
acc_2269,4,0.045,1,148,0,0,108,230,0.47,56,40.58,6.84,3.02,1686,0.439,0.094,6,0.0,5e-05,0
acc_2270,4,0.01,1,20,0,0,123,56,2.196,49,18.72,11.13,4.48,2197,0.2427,0.233,3,0.0,3.7e-05,0
acc_2271,9,0.176,0,125,1,0,136,37,3.676,51,12.48,7.13,6.4,1146,0.1442,0.234,4,0.0,6e-06,0
acc_2272,14,0.086,1,79,0,0,270,114,2.368,40,17.09,0.77,2.13,1073,0.0662,0.313,4,0.0,5.7e-05,0
acc_2273,8,0.043,1,134,0,0,242,363,0.667,39,1.23,5.14,0.41,1770,0.0263,0.067,5,0.0,0.000315,0
acc_2274,11,0.155,1,84,1,1,8,93,0.086,48,1.5,5.09,0.99,2992,0.8238,0.077,5,0.0,5.9e-05,0
acc_2275,13,0.766,0,5,1,1,59,1500,0.039,3,8.35,0.12,0.01,130,0.1435,0.659,15,0.0095,0.000463,1
acc_2276,4,0.127,1,52,0,1,73,79,0.924,47,24.09,0.82,0.18,1133,0.3412,0.274,5,0.0,3.8e-05,0
acc_2277,9,0.11,1,56,0,0,306,47,6.511,50,14.96,0.74,0.76,979,0.0513,0.198,6,0.0667,0.000135,0
acc_2278,19,0.706,0,11,1,0,31,1317,0.024,3,1.53,0.13,0.1,138,0.0536,0.698,14,0.011,0.000984,1
acc_2279,7,0.014,1,43,0,0,48,67,0.716,42,39.74,0.43,2.18,1578,0.837,0.289,12,0.0,0.000229,0
acc_2280,14,0.525,1,9,0,0,78,476,0.164,0,0.29,0.07,0.57,170,0.0047,0.8,13,0.0,0.000279,1
acc_2281,11,0.051,1,60,0,1,167,115,1.452,43,9.65,3.89,6.17,1605,0.0811,0.085,4,0.0,3e-05,0
acc_2282,11,0.589,0,2,1,1,3,718,0.004,1,2.58,0.33,0.76,27,0.9687,0.852,12,0.0,0.000552,1
acc_2283,18,0.616,1,2,0,0,65,590,0.11,2,2.57,0.7,0.1,6,0.0504,0.892,10,0.0,0.00025,1
acc_2284,9,0.147,1,30,1,1,208,151,1.377,48,25.21,3.03,2.69,2789,0.1358,0.326,6,0.0,0.0002,0
acc_2285,6,0.198,1,149,0,1,990,204,4.853,52,20.19,2.75,4.87,1161,0.0232,0.228,6,0.0,0.000164,0
acc_2286,10,0.653,1,12,0,0,91,288,0.316,3,1.87,0.14,0.11,111,0.022,0.758,16,0.0167,0.000859,1
acc_2287,16,0.475,0,4,0,1,65,735,0.088,1,0.37,0.05,2.4,20,0.0064,0.713,12,0.0,0.000343,1
acc_2288,8,0.198,1,93,1,1,384,117,3.282,54,38.77,1.46,3.37,416,0.1048,0.2,3,0.0,1.6e-05,0
acc_2289,13,0.1,1,56,1,0,1134,71,15.972,51,1.4,0.57,8.26,2063,0.0017,0.191,5,0.0,0.000145,0
acc_2290,16,0.389,0,12,0,1,223,241,0.925,2,0.85,0.38,0.39,178,0.0055,0.868,11,0.0,0.00028,1
acc_2291,4,0.094,1,128,0,0,607,379,1.602,55,29.72,5.82,6.85,2843,0.0585,0.089,4,0.0,2.7e-05,0
acc_2292,12,0.181,1,58,0,0,147,152,0.967,45,52.0,7.09,3.47,403,0.4019,0.341,4,0.0,4.8e-05,0
acc_2293,4,0.169,1,20,1,1,411,305,1.348,41,73.24,1.1,2.02,2976,0.1809,0.231,3,0.0,1.8e-05,0
acc_2294,17,0.609,0,2,1,1,27,754,0.036,0,0.16,0.27,0.36,175,0.0158,0.57,12,0.0,0.000388,1
acc_2295,5,0.015,1,110,0,0,707,108,6.546,51,4.97,2.18,4.43,2947,0.0101,0.139,3,0.0,2.5e-05,0
acc_2296,6,0.136,1,124,0,0,2057,684,3.007,32,22.15,5.14,5.26,2265,0.0133,0.169,4,0.0,0.000101,0
acc_2297,15,0.506,0,8,1,1,0,207,0.0,1,0.94,0.02,0.02,58,0.958,0.839,9,0.0556,0.000302,1
acc_2298,5,0.082,1,112,1,0,520,249,2.088,46,36.07,2.32,0.02,2867,0.0738,0.245,4,0.0,4.2e-05,0
acc_2299,9,0.052,1,91,1,1,24,52,0.462,36,12.36,11.27,9.55,1302,0.9846,0.304,6,0.0,7.5e-05,0
acc_2300,14,0.029,1,52,0,1,31,130,0.238,42,28.43,0.21,0.76,501,0.9241,0.328,3,0.0,2.3e-05,0
acc_2301,12,0.038,1,119,1,1,17,146,0.116,45,1.08,8.81,1.68,1055,0.5818,0.246,7,0.0,6.4e-05,0
acc_2302,7,0.127,1,33,1,0,318,604,0.526,45,32.59,7.1,2.17,1176,0.1248,0.136,7,0.0,0.000162,0
acc_2303,4,0.168,1,62,0,1,83,183,0.454,49,17.32,2.16,0.37,2809,0.2347,0.071,4,0.0,0.000107,0
acc_2304,8,0.192,1,32,0,0,118,685,0.172,47,79.32,0.79,1.94,2205,0.6789,0.064,3,0.0,2.6e-05,0
acc_2305,5,0.09,1,149,1,1,779,41,19.0,41,78.11,3.46,0.33,343,0.1047,0.343,5,0.0,3.2e-05,0
acc_2306,10,0.729,0,7,0,1,23,212,0.108,1,2.28,0.21,0.7,25,0.108,0.439,14,0.011,0.000626,1
acc_2307,12,0.19,1,33,0,1,86,22,3.909,57,12.38,0.25,1.76,2015,0.1469,0.279,7,0.0,0.000358,0
acc_2308,14,0.659,0,7,0,0,19,272,0.07,1,1.17,0.06,0.23,101,0.0648,0.819,9,0.0,0.000224,1
acc_2309,7,0.068,1,147,0,1,172,158,1.089,33,15.87,0.23,1.06,452,0.0936,0.256,5,0.0,0.001401,0
acc_2310,11,0.041,1,106,1,0,530,141,3.759,45,144.94,0.47,12.75,2687,0.2744,0.107,6,0.0,0.000158,0
acc_2311,12,0.191,1,23,0,0,658,284,2.317,49,7.47,7.27,8.7,860,0.0224,0.248,5,0.0,7.4e-05,0
acc_2312,14,0.149,1,119,0,0,174,602,0.289,44,20.17,0.34,1.07,555,0.1179,0.15,10,0.0,0.000428,0
acc_2313,10,0.003,1,86,0,1,33,184,0.179,50,49.43,1.96,2.16,2541,1.0,0.337,5,0.0,8.9e-05,0
acc_2314,11,0.095,0,142,1,1,3319,115,28.861,47,60.17,0.85,0.55,1940,0.0184,0.339,4,0.0,2.7e-05,0
acc_2315,8,0.064,1,79,1,0,1201,10,120.1,41,55.35,6.47,1.7,864,0.0515,0.086,3,0.0,1.8e-05,0
acc_2316,6,0.075,1,149,0,0,134,30,4.467,39,21.19,3.24,8.09,2634,0.1823,0.331,7,0.0,0.000229,0
acc_2317,11,0.41,1,6,0,0,5,891,0.006,2,1.62,0.72,0.07,17,0.4668,0.754,14,0.0,0.000462,1
acc_2318,10,0.544,1,11,0,1,96,344,0.279,1,1.05,0.26,1.27,165,0.0137,0.482,18,0.0,0.001082,1
acc_2319,13,0.093,1,114,1,1,2504,203,12.335,44,41.73,17.72,0.29,2053,0.0237,0.063,5,0.0,0.000266,0
acc_2320,10,0.023,1,76,0,0,266,39,6.821,42,7.63,1.72,16.9,1142,0.0352,0.138,3,0.0,1.6e-05,0
acc_2321,8,0.004,1,106,0,0,255,228,1.118,44,123.69,6.81,0.56,908,0.5118,0.108,3,0.0,2.1e-05,0
acc_2322,9,0.131,1,45,1,0,88,79,1.114,53,20.97,7.0,3.78,1985,0.3178,0.073,3,0.0,1.8e-05,0
acc_2323,14,0.189,1,35,0,0,234,636,0.368,45,9.08,10.26,1.15,1840,0.0827,0.095,5,0.0,0.000105,0
acc_2324,5,0.097,1,122,0,0,56,44,1.273,48,51.21,4.83,0.87,1963,1.0,0.304,4,0.0,2.7e-05,0
acc_2325,12,0.145,1,12,0,1,481,1742,0.276,42,4.58,2.57,2.31,2614,0.0149,0.266,4,0.0,3.7e-05,0
acc_2326,8,0.101,1,55,1,1,43,186,0.231,45,2.14,0.97,0.2,1144,0.0725,0.239,3,0.0,1.1e-05,0
acc_2327,10,0.137,1,78,0,0,15,62,0.242,59,52.43,1.95,5.31,2413,1.0,0.174,7,0.0,0.000186,0
acc_2328,5,0.093,1,125,0,0,3384,34,99.529,47,41.76,0.56,9.33,1100,0.0125,0.059,6,0.0,4.4e-05,0
acc_2329,4,0.058,1,83,0,0,1659,171,9.702,30,4.42,9.85,0.19,1767,0.0086,0.33,5,0.0,0.000175,0
acc_2330,13,0.021,1,113,1,1,175,61,2.869,41,23.75,3.83,0.03,2090,0.1576,0.274,5,0.0,8.5e-05,0
acc_2331,10,0.134,1,11,0,0,265,1160,0.228,48,33.27,4.31,2.85,1674,0.1418,0.324,4,0.0,2.4e-05,0
acc_2332,16,0.629,1,5,0,1,0,1109,0.0,2,0.38,0.12,0.25,5,0.5017,0.441,13,0.0256,0.000406,1
acc_2333,19,0.527,1,4,0,0,35,1309,0.027,1,2.57,0.24,0.05,125,0.0801,0.539,9,0.0,0.000157,1
acc_2334,8,0.049,1,41,1,1,523,122,4.287,47,76.4,3.47,1.82,1195,0.1527,0.336,3,0.0,5e-06,0
acc_2335,11,0.015,1,74,0,0,189,251,0.753,41,4.93,14.41,0.96,2034,0.1023,0.334,9,0.0,0.000193,0
acc_2336,9,0.055,1,113,1,0,903,79,11.43,59,6.68,1.99,4.27,2819,0.0096,0.143,3,0.3333,2.6e-05,0
acc_2337,8,0.138,1,141,1,0,513,634,0.809,61,57.85,3.88,1.58,2341,0.1203,0.324,6,0.0,6.9e-05,0
acc_2338,6,0.103,1,21,0,0,234,335,0.699,43,8.98,1.42,0.32,2764,0.0444,0.234,5,0.0,0.000238,0
acc_2339,8,0.032,1,37,1,0,155,89,1.742,31,11.64,2.15,1.87,2211,0.089,0.115,5,0.0,3.4e-05,0
acc_2340,11,0.045,1,135,0,0,23,231,0.1,38,59.23,0.24,3.13,226,1.0,0.268,3,0.0,6.4e-05,0
acc_2341,5,0.094,1,24,1,0,63,166,0.38,48,24.79,0.39,2.67,2865,0.3998,0.252,4,0.0,9.7e-05,0
acc_2342,9,0.799,0,7,0,1,6,383,0.016,4,0.57,0.27,0.32,62,0.14,0.747,16,0.0083,0.00102,1
acc_2343,13,0.007,1,104,0,1,17,76,0.224,34,7.96,1.91,6.21,784,0.581,0.07,4,0.0,2.8e-05,0
acc_2344,12,0.023,1,56,1,0,332,60,5.533,43,46.37,0.65,4.52,1164,0.1416,0.284,5,0.0,8.7e-05,0
acc_2345,17,0.456,0,4,0,1,1,295,0.003,3,3.26,0.2,0.47,10,1.0,0.503,12,0.0,0.00052,1
acc_2346,13,0.16,1,123,1,0,994,69,14.406,44,37.96,1.05,1.02,2387,0.0392,0.217,5,0.0,4.6e-05,0
acc_2347,14,0.103,1,15,1,0,923,57,16.193,54,7.18,1.96,1.34,822,0.0099,0.229,4,0.0,2.8e-05,0
acc_2348,9,0.082,1,98,1,0,34,26,1.308,35,109.61,1.22,1.05,2014,1.0,0.339,5,0.0,9.2e-05,0
acc_2349,4,0.181,1,54,0,0,777,89,8.73,44,14.25,2.9,1.04,397,0.0221,0.309,6,0.0667,8.1e-05,0
acc_2350,8,0.445,1,8,1,1,129,3481,0.037,3,0.33,0.14,0.03,145,0.0037,0.724,12,0.0152,0.000352,1
acc_2351,9,0.112,1,147,1,0,41,197,0.208,41,36.25,2.99,3.83,1854,0.9571,0.184,7,0.0,0.000138,0
acc_2352,8,0.64,0,8,0,1,4,1488,0.003,1,9.54,1.24,0.19,132,1.0,0.705,12,0.0152,0.000261,1
acc_2353,16,0.633,0,10,0,0,143,656,0.218,2,2.81,0.2,0.94,87,0.0211,0.631,11,0.0,0.00019,1
acc_2354,8,0.121,1,138,0,0,19,77,0.247,60,21.57,5.62,4.53,2304,1.0,0.101,11,0.0,0.000181,0
acc_2355,6,0.156,1,41,1,1,212,42,5.048,50,88.74,8.77,0.33,208,0.46,0.343,4,0.0,0.000345,0
acc_2356,10,0.143,1,13,1,1,888,51,17.412,41,24.86,2.68,4.32,1171,0.031,0.156,6,0.0,0.000907,0
acc_2357,6,0.065,1,98,1,0,967,52,18.596,43,0.57,3.02,1.23,1098,0.0037,0.246,3,0.0,1.8e-05,0
acc_2358,12,0.007,1,144,0,0,1680,881,1.907,48,76.23,5.35,0.25,723,0.0486,0.27,5,0.0,3.8e-05,0
acc_2359,4,0.142,1,94,1,0,200,1057,0.189,46,17.25,5.64,1.22,497,0.1144,0.328,4,0.0,0.000143,0
acc_2360,4,0.015,1,68,0,1,100,502,0.199,56,17.08,0.31,1.87,2691,0.1738,0.073,3,0.0,5.5e-05,0
acc_2361,16,0.789,0,13,0,1,44,2135,0.021,4,1.23,0.15,0.24,186,0.0312,0.772,13,0.0,0.000281,1
acc_2362,13,0.479,1,11,0,1,45,3119,0.014,2,2.24,0.39,0.31,83,0.0585,0.515,11,0.0,0.00025,1
acc_2363,11,0.188,1,129,0,1,646,734,0.88,47,15.63,11.08,1.96,1590,0.0413,0.222,4,0.0,5.7e-05,0
acc_2364,7,0.026,1,24,1,0,103,66,1.561,37,37.14,3.08,3.41,1387,0.3904,0.157,3,0.0,1.8e-05,0
acc_2365,18,0.401,1,2,0,1,9,238,0.038,1,0.05,0.27,0.01,137,0.0353,0.535,12,0.0152,0.000263,1
acc_2366,16,0.46,0,6,1,0,69,745,0.093,2,2.3,0.5,1.16,106,0.0405,0.469,11,0.0,0.000115,1
acc_2367,14,0.485,1,2,1,1,51,357,0.143,1,0.61,0.2,0.9,1,0.016,0.472,13,0.0,0.000143,1
acc_2368,12,0.446,0,12,1,1,82,209,0.392,2,1.19,0.25,0.07,118,0.0176,0.611,10,0.0222,0.000258,1
acc_2369,9,0.32,1,12,0,1,146,1475,0.099,1,3.18,0.26,0.34,24,0.0236,0.703,10,0.0,9.8e-05,1
acc_2370,10,0.423,0,5,1,1,14,387,0.036,1,4.91,0.01,0.5,54,0.3512,0.599,11,0.0,0.001423,1
acc_2371,9,0.537,1,9,0,0,20,1308,0.015,5,2.8,0.11,0.28,15,0.1453,0.809,11,0.0,0.000398,1
acc_2372,12,0.183,1,116,1,1,169,184,0.918,40,139.02,6.09,6.51,2820,0.8587,0.174,4,0.0,4.4e-05,0
acc_2373,12,0.146,1,15,1,0,144,328,0.439,42,66.24,0.06,0.38,2646,0.4604,0.219,7,0.0,7.9e-05,0
acc_2374,8,0.011,1,31,0,0,1277,123,10.382,43,19.36,7.09,8.04,1317,0.0207,0.122,5,0.0,8.4e-05,0
acc_2375,12,0.027,1,86,1,1,2313,69,33.522,48,44.69,3.59,4.28,1755,0.0209,0.057,3,0.0,1e-05,0
acc_2376,9,0.426,0,1,0,1,13,250,0.052,2,0.03,0.37,0.23,184,0.0307,0.717,14,0.0,0.001419,1
acc_2377,14,0.053,1,25,1,1,174,343,0.507,43,5.06,1.46,2.81,444,0.0375,0.332,3,0.0,9e-06,0
acc_2378,12,0.101,1,70,1,0,2790,104,26.827,52,80.13,10.78,0.9,422,0.0326,0.12,3,0.0,5e-05,0
acc_2379,11,0.097,1,60,0,1,135,108,1.25,31,17.03,10.5,0.83,963,0.2039,0.129,5,0.0,2.3e-05,0
acc_2380,7,0.06,1,14,0,1,110,18,6.111,49,31.58,3.62,1.4,1758,0.32,0.194,4,0.0,0.000169,0
acc_2381,12,0.336,0,3,0,0,71,2143,0.033,3,0.94,0.6,0.03,57,0.0218,0.88,10,0.0,0.000215,1
acc_2382,9,0.02,1,84,0,0,85,1208,0.07,51,121.16,0.2,0.2,2836,1.0,0.289,5,0.0,4.4e-05,0
acc_2383,8,0.134,1,11,1,1,33,148,0.223,52,13.18,1.29,2.08,2497,0.4386,0.313,3,0.0,8.3e-05,0
acc_2384,8,0.154,1,73,0,1,89,111,0.802,41,23.61,11.96,1.19,1434,0.3997,0.101,6,0.0,0.000148,0
acc_2385,16,0.615,0,9,0,1,32,2278,0.014,2,0.21,0.7,0.04,126,0.0285,0.507,18,0.0065,0.000662,1
acc_2386,11,0.602,0,12,1,1,69,931,0.074,1,1.81,0.23,0.94,9,0.0296,0.571,15,0.0,0.000353,1
acc_2387,16,0.406,1,14,0,1,31,563,0.055,2,2.14,0.26,0.08,14,0.0772,0.728,9,0.0,8.4e-05,1
acc_2388,5,0.133,1,72,0,1,287,268,1.071,44,10.07,3.68,0.38,2161,0.0479,0.168,3,0.0,1.9e-05,0
acc_2389,8,0.01,1,10,0,0,199,57,3.491,45,52.37,0.7,4.75,2037,0.2667,0.32,4,0.0,8.8e-05,0
acc_2390,10,0.125,1,20,0,0,383,38,10.079,49,36.44,4.67,2.81,303,0.1074,0.239,3,0.0,1e-05,0
acc_2391,10,0.032,1,105,0,0,528,145,3.641,43,72.91,9.64,3.07,508,0.1563,0.216,6,0.0,6.9e-05,0
acc_2392,10,0.183,1,110,0,1,451,217,2.078,47,165.93,1.12,6.19,1522,0.3704,0.122,4,0.0,3.2e-05,0
acc_2393,4,0.171,1,83,1,0,479,29,16.517,35,23.09,2.79,0.62,946,0.054,0.164,5,0.0,0.000165,0
acc_2394,4,0.132,1,63,0,1,77,76,1.013,52,18.58,6.31,3.03,866,0.3233,0.174,4,0.0,9e-06,0
acc_2395,7,0.155,1,86,0,1,46,108,0.426,43,5.12,1.09,6.06,2815,0.135,0.214,4,0.0,1.5e-05,0
acc_2396,14,0.302,1,0,0,1,12,253,0.047,4,0.6,0.02,0.04,26,0.052,0.717,10,0.0,0.000158,1
acc_2397,4,0.164,1,42,0,0,338,104,3.25,36,1.0,12.45,4.62,472,0.0398,0.163,4,0.0,6.7e-05,0
acc_2398,12,0.136,0,18,0,1,28,514,0.054,51,33.87,2.67,0.02,2571,1.0,0.166,6,0.0,0.000129,0
acc_2399,13,0.132,1,90,1,1,80,66,1.212,40,131.19,0.46,2.08,452,1.0,0.09,5,0.0,0.00013,0
acc_2400,14,0.194,1,107,1,1,119,53,2.245,36,147.58,3.16,3.2,2086,1.0,0.117,3,0.0,1.2e-05,0
acc_2401,10,0.013,1,105,1,0,2059,122,16.877,34,5.46,3.1,4.38,1710,0.0042,0.1,3,0.0,7e-06,0
acc_2402,9,0.196,1,54,1,1,598,475,1.259,41,77.06,2.74,2.68,605,0.1334,0.254,3,0.0,4e-06,0
acc_2403,15,0.622,0,1,0,1,158,3573,0.044,1,1.64,0.18,1.29,135,0.0115,0.782,11,0.0182,0.000291,1
acc_2404,16,0.325,0,4,0,0,9,382,0.024,1,1.22,0.21,0.18,6,0.1589,0.452,11,0.0364,0.000323,1
acc_2405,14,0.157,1,13,0,0,163,43,3.791,49,34.11,6.06,0.4,184,0.2465,0.128,4,0.0,9.7e-05,0
acc_2406,6,0.193,1,149,0,1,310,66,4.697,46,61.97,11.45,1.88,2202,0.2368,0.201,3,0.0,3e-06,0
acc_2407,8,0.134,1,18,0,1,32,163,0.196,33,52.97,3.12,0.63,2374,1.0,0.287,5,0.0,2.1e-05,0
acc_2408,10,0.184,1,109,1,0,230,70,3.286,42,4.69,5.15,4.65,2431,0.0428,0.333,3,0.0,3.6e-05,0
acc_2409,11,0.612,1,6,1,1,4,2886,0.001,2,2.19,0.67,0.26,41,0.7143,0.509,8,0.0,0.000196,1
acc_2410,4,0.093,1,128,0,0,251,106,2.368,40,19.35,10.46,7.71,663,0.1188,0.23,5,0.0,0.000641,0
acc_2411,11,0.049,1,107,1,1,767,112,6.848,44,0.39,0.22,3.34,1990,0.0008,0.053,4,0.0,7.8e-05,0
acc_2412,10,0.67,0,11,0,0,13,2233,0.006,3,2.56,0.31,0.03,16,0.2207,0.886,10,0.0222,0.000945,1
acc_2413,7,0.01,1,21,0,1,473,166,2.849,62,6.12,2.65,6.35,2768,0.0185,0.224,5,0.0,6.8e-05,0
acc_2414,7,0.124,1,147,0,0,29,72,0.403,36,40.27,4.79,0.58,2124,1.0,0.324,3,0.0,4e-05,0
acc_2415,12,0.601,0,8,1,1,14,418,0.033,0,0.16,0.74,0.05,69,0.0643,0.843,13,0.0,0.001037,1
acc_2416,9,0.17,1,130,1,0,265,368,0.72,42,9.25,1.27,7.55,2767,0.0397,0.31,6,0.0,0.000218,0
acc_2417,14,0.083,1,11,0,1,128,219,0.584,41,4.74,6.21,2.24,798,0.0855,0.162,5,0.0,5e-05,0
acc_2418,14,0.105,1,48,1,1,1295,104,12.452,39,18.4,3.12,0.94,2980,0.0166,0.074,4,0.0,5.6e-05,0
acc_2419,5,0.016,1,89,1,1,266,157,1.694,41,13.08,0.36,7.73,2238,0.0505,0.051,6,0.0,4.4e-05,0
acc_2420,10,0.041,1,71,0,1,87,161,0.54,54,13.92,4.13,4.94,1277,0.2075,0.21,3,0.0,6.6e-05,0
acc_2421,12,0.078,1,55,0,0,69,719,0.096,46,52.4,6.55,0.99,1099,0.8543,0.087,3,0.0,5.5e-05,0
acc_2422,8,0.177,1,78,0,0,81,173,0.468,49,33.32,8.37,1.43,1136,0.5146,0.177,4,0.0,3.4e-05,0
acc_2423,9,0.023,1,63,0,0,4058,306,13.261,59,38.38,0.14,0.0,214,0.0095,0.193,3,0.0,1.5e-05,0
acc_2424,5,0.111,0,16,0,1,113,100,1.13,39,33.31,4.66,1.17,646,0.3361,0.234,6,0.0,0.000157,0
acc_2425,6,0.19,1,58,1,0,19,110,0.173,47,40.04,3.44,1.44,1524,1.0,0.235,4,0.0,6.8e-05,0
acc_2426,7,0.065,1,64,0,1,181,6,30.167,44,26.26,0.22,14.44,2379,0.1463,0.328,6,0.0,9.7e-05,0
acc_2427,13,0.576,1,5,0,0,3,1154,0.003,1,2.66,0.34,0.33,42,0.9989,0.691,15,0.0,0.000299,1
acc_2428,8,0.179,1,66,0,0,289,739,0.391,51,0.12,2.78,2.74,1614,0.0101,0.279,3,0.0,1.6e-05,0
acc_2429,12,0.122,1,41,0,0,253,598,0.423,43,16.07,7.84,2.1,1234,0.0945,0.058,6,0.0,0.000163,0
acc_2430,10,0.057,1,126,0,1,98,211,0.464,45,28.52,0.09,4.07,2670,0.2919,0.298,5,0.0,3.2e-05,0
acc_2431,14,0.151,1,10,1,0,25,128,0.195,50,60.49,1.41,0.96,2444,1.0,0.123,3,0.0,2e-06,0
acc_2432,17,0.427,1,10,0,1,25,294,0.085,0,0.25,0.01,0.38,105,0.0105,0.606,11,0.0,0.000868,1
acc_2433,4,0.122,1,60,0,1,4316,80,53.95,41,35.57,0.3,8.75,2643,0.0083,0.161,6,0.0667,9.7e-05,0
acc_2434,18,0.591,0,12,0,1,72,256,0.281,1,2.69,0.08,0.31,135,0.0385,0.612,11,0.0364,0.000711,1
acc_2435,6,0.145,1,34,1,1,151,205,0.737,50,73.59,10.35,2.13,2163,0.5559,0.101,5,0.0,0.000102,0
acc_2436,5,0.115,1,99,1,0,512,449,1.14,47,35.89,5.16,0.1,520,0.0802,0.145,3,0.0,1.9e-05,0
acc_2437,7,0.18,1,76,1,0,98,19,5.158,42,80.01,0.19,4.6,2193,0.8184,0.163,3,0.0,4.1e-05,0
acc_2438,19,0.493,0,5,0,1,70,943,0.074,4,2.33,0.48,0.43,50,0.0401,0.505,10,0.0,0.000418,1
acc_2439,18,0.747,0,11,0,0,2,228,0.009,1,1.55,0.18,0.2,45,0.8662,0.595,19,0.0058,0.00091,1
acc_2440,4,0.018,1,34,1,0,60,65,0.923,51,28.14,1.88,0.51,948,0.5002,0.221,3,0.0,3.4e-05,0
acc_2441,14,0.053,1,79,0,1,91,76,1.197,40,2.27,3.24,1.11,281,0.0606,0.113,3,0.0,4e-06,0
acc_2442,13,0.131,1,145,0,1,147,40,3.675,46,44.35,6.36,3.3,2180,0.3449,0.122,6,0.0,0.000113,0
acc_2443,13,0.01,1,31,1,0,20,33,0.606,46,19.29,5.67,18.66,2084,1.0,0.157,3,0.0,5e-06,0
acc_2444,10,0.053,1,60,0,0,36,103,0.35,43,27.03,5.15,1.96,1091,0.8938,0.154,4,0.0,0.000125,0
acc_2445,14,0.043,1,103,1,1,396,41,9.659,56,107.28,0.41,3.91,2119,0.2719,0.083,3,0.0,0.000132,0
acc_2446,12,0.065,1,78,1,0,483,189,2.556,49,25.35,8.4,9.48,183,0.0699,0.202,5,0.0,5.3e-05,0
acc_2447,17,0.42,0,9,0,1,55,637,0.086,1,0.49,0.1,0.24,78,0.0108,0.451,11,0.0,0.000367,1
acc_2448,18,0.562,0,11,1,1,38,608,0.062,3,2.42,0.86,0.16,23,0.0864,0.483,12,0.0303,0.000247,1
acc_2449,13,0.382,0,8,0,0,9,308,0.029,0,0.7,0.85,1.49,40,0.1724,0.488,13,0.0,0.000288,1
acc_2450,6,0.006,0,75,1,1,121,33,3.667,52,4.98,0.46,2.35,182,0.0449,0.133,7,0.0476,0.000156,0
acc_2451,14,0.038,1,34,0,0,142,86,1.651,40,17.07,0.31,2.3,482,0.1224,0.107,3,0.0,2.2e-05,0
acc_2452,10,0.787,0,4,1,0,54,1634,0.033,2,0.11,0.1,1.32,65,0.0039,0.509,10,0.0222,0.000222,1
acc_2453,9,0.605,0,0,0,0,15,492,0.03,3,1.35,0.05,0.35,78,0.0935,0.783,16,0.0,0.000539,1
acc_2454,15,0.711,1,9,0,1,34,1149,0.03,0,3.79,0.54,0.59,129,0.1272,0.645,15,0.0,0.002157,1
acc_2455,11,0.046,1,77,0,1,301,65,4.631,54,56.35,6.51,0.19,261,0.2089,0.193,4,0.0,2.1e-05,0
acc_2456,16,0.5,0,8,0,1,1,329,0.003,2,2.82,0.14,1.27,41,1.0,0.876,9,0.0,0.000347,1
acc_2457,16,0.679,0,9,0,1,4,511,0.008,2,1.29,0.1,0.73,92,0.3491,0.495,14,0.011,0.000281,1
acc_2458,4,0.03,1,16,0,0,275,130,2.115,44,0.06,6.81,2.04,2897,0.025,0.069,3,0.0,2.2e-05,0
acc_2459,9,0.66,1,3,0,0,17,4059,0.004,1,3.46,0.16,0.29,105,0.2131,0.413,9,0.0,8.2e-05,1
acc_2460,10,0.189,1,85,0,0,482,78,6.179,47,37.09,0.44,1.08,472,0.0779,0.114,3,0.0,1.3e-05,0
acc_2461,4,0.174,1,144,0,0,1375,1078,1.276,38,4.35,7.9,3.19,1178,0.0089,0.304,3,0.0,1.9e-05,0
acc_2462,14,0.092,1,89,0,1,55,112,0.491,49,1.7,17.43,3.58,1893,0.3478,0.078,3,0.0,2.8e-05,0
acc_2463,4,0.079,1,96,1,1,240,199,1.206,41,36.16,2.83,3.02,421,0.1625,0.345,4,0.0,9.4e-05,0
acc_2464,13,0.549,1,7,0,0,10,202,0.05,1,1.0,0.14,0.89,167,0.1138,0.868,10,0.0,0.000213,1
acc_2465,13,0.075,1,87,1,0,268,422,0.635,37,25.69,0.11,1.53,893,0.0963,0.217,6,0.0,0.000213,0
acc_2466,4,0.186,1,140,1,0,48,69,0.696,43,13.48,6.02,0.73,954,0.4063,0.12,4,0.0,8.3e-05,0
acc_2467,7,0.021,1,14,0,0,1226,53,23.132,36,41.39,0.01,5.45,2151,0.0338,0.124,3,0.0,2.3e-05,0
acc_2468,5,0.016,1,47,0,0,662,210,3.152,34,12.29,4.4,2.39,1889,0.0252,0.257,5,0.0,8e-05,0
acc_2469,12,0.039,1,14,0,1,229,75,3.053,44,7.7,8.2,10.08,1050,0.0694,0.313,4,0.0,5.4e-05,0
acc_2470,4,0.081,1,90,0,0,92,71,1.296,37,7.14,3.73,1.25,2557,0.1182,0.123,3,0.0,5.8e-05,0
acc_2471,12,0.351,1,4,1,1,60,1349,0.044,3,11.11,0.12,0.05,110,0.1872,0.539,15,0.0286,0.000261,1
acc_2472,14,0.107,1,12,1,1,677,3112,0.218,45,60.53,1.33,3.74,556,0.0914,0.073,4,0.0,6.4e-05,0
acc_2473,12,0.118,1,108,0,0,593,93,6.376,41,47.18,2.75,1.58,1671,0.0842,0.057,7,0.0476,8.2e-05,0
acc_2474,10,0.191,1,65,1,0,602,49,12.286,53,86.88,10.11,0.04,272,0.1611,0.345,4,0.0,7.5e-05,0
acc_2475,9,0.008,1,46,1,0,10099,436,23.163,51,218.55,4.76,8.96,1668,0.0221,0.103,5,0.0,0.000195,0
acc_2476,11,0.015,1,100,1,0,617,62,9.952,48,17.06,16.43,3.41,2461,0.0543,0.193,3,0.0,1.8e-05,0
acc_2477,8,0.733,0,3,0,1,8,581,0.014,2,0.4,0.69,0.05,118,0.1361,0.62,16,0.0083,0.001196,1
acc_2478,10,0.043,1,18,0,1,1025,110,9.318,43,31.39,0.53,0.51,1575,0.0311,0.054,3,0.0,1.5e-05,0
acc_2479,8,0.137,1,93,1,0,5,196,0.026,55,37.09,4.23,1.45,246,1.0,0.122,6,0.0,0.000982,0
acc_2480,11,0.139,1,18,0,1,23,24,0.958,35,7.41,1.14,7.5,2375,0.3717,0.207,6,0.0,0.000761,0
acc_2481,7,0.181,1,106,0,0,288,328,0.878,35,10.36,3.22,2.14,2744,0.0471,0.113,5,0.0,0.001453,0
acc_2482,13,0.061,1,101,0,1,3178,265,11.992,37,25.0,8.52,0.13,601,0.0105,0.125,7,0.0,0.000188,0
acc_2483,14,0.146,1,137,0,0,422,212,1.991,42,12.56,8.84,1.64,498,0.0507,0.261,3,0.0,1.6e-05,0
acc_2484,17,0.606,0,14,0,1,79,821,0.096,2,5.94,0.05,0.25,81,0.0758,0.721,15,0.0,0.000343,1
acc_2485,12,0.052,1,108,1,0,599,48,12.479,43,24.6,4.24,2.73,2594,0.0482,0.327,8,0.0,0.00042,0
acc_2486,9,0.083,1,52,0,1,165,36,4.583,38,65.94,5.8,8.66,1525,0.4348,0.254,4,0.0,3.1e-05,0
acc_2487,9,0.09,1,149,0,1,1824,58,31.448,48,38.52,7.25,1.3,828,0.0251,0.287,4,0.0,3.1e-05,0
acc_2488,10,0.11,1,115,0,0,380,39,9.744,41,93.91,7.51,5.74,1664,0.2669,0.19,3,0.0,5.7e-05,0
acc_2489,12,0.689,1,7,0,1,186,1241,0.15,7,3.28,1.05,0.47,76,0.0233,0.433,12,0.0,0.00026,1
acc_2490,17,0.417,0,10,0,1,59,478,0.123,2,2.12,0.25,0.06,168,0.0402,0.589,12,0.0455,0.000843,1
acc_2491,8,0.547,1,8,1,1,34,754,0.045,1,18.24,0.22,1.2,49,0.5429,0.602,11,0.0182,0.000273,1
acc_2492,10,0.133,1,98,0,0,357,116,3.078,37,11.37,12.84,3.57,1194,0.0678,0.134,4,0.0,1.7e-05,0
acc_2493,8,0.136,1,106,1,1,68,166,0.41,45,4.05,1.26,3.44,2882,0.0781,0.186,4,0.0,0.000168,0
acc_2494,4,0.191,1,96,0,0,22,47,0.468,40,12.51,6.03,1.73,393,0.8427,0.204,3,0.0,0.000149,0
acc_2495,13,0.111,1,27,1,1,90,23,3.913,39,43.41,3.79,1.26,2352,0.5245,0.073,3,0.0,2.4e-05,0
acc_2496,5,0.029,1,39,1,0,154,174,0.885,41,7.12,0.96,0.27,2470,0.0524,0.263,3,0.3333,6.5e-05,0
acc_2497,10,0.167,1,132,0,1,367,209,1.756,41,16.88,0.04,0.08,2257,0.0461,0.118,3,0.0,0.000134,0
acc_2498,10,0.188,1,120,1,0,392,36,10.889,45,28.31,11.98,0.17,459,0.1028,0.263,4,0.0,3.3e-05,0
acc_2499,12,0.075,1,23,1,1,185,39,4.744,49,197.41,3.87,1.43,1773,1.0,0.158,4,0.0,0.0009,0
acc_2500,12,0.185,1,55,0,1,806,68,11.853,34,66.46,5.54,14.49,432,0.0893,0.141,3,0.0,2.3e-05,0
acc_2501,12,0.111,1,122,0,1,2052,65,31.569,34,50.12,0.05,10.38,1078,0.0244,0.32,4,0.1667,0.000127,0
acc_2502,8,0.531,0,13,0,0,37,840,0.044,3,0.81,0.56,0.08,161,0.0372,0.754,10,0.0,0.000127,1
acc_2503,6,0.049,1,118,0,0,45,253,0.178,35,44.86,2.12,3.6,1500,1.0,0.074,6,0.0,0.000111,0
acc_2504,9,0.047,1,110,0,1,307,201,1.527,41,67.15,7.48,0.58,1275,0.2431,0.205,4,0.1667,2.1e-05,0
acc_2505,19,0.614,0,5,0,1,82,3099,0.026,2,8.21,0.77,1.89,37,0.1095,0.527,6,0.0,0.000292,1
acc_2506,12,0.174,0,114,1,0,69,57,1.211,42,0.12,0.76,6.43,1418,0.0127,0.308,3,0.0,8.2e-05,0
acc_2507,15,0.528,1,3,1,1,50,2182,0.023,6,0.32,0.19,0.18,180,0.0102,0.463,10,0.0,0.000547,1
acc_2508,12,0.03,0,113,0,1,137,241,0.568,46,7.77,2.56,1.87,1390,0.0754,0.114,9,0.0,0.001063,0
acc_2509,6,0.046,1,120,1,1,1383,100,13.83,42,151.94,2.7,4.62,2015,0.1118,0.169,6,0.0,5e-05,0
acc_2510,4,0.112,1,14,0,0,158,64,2.469,38,71.95,3.45,1.58,2442,0.4772,0.314,3,0.0,5e-06,0
acc_2511,4,0.061,1,37,0,0,9,169,0.053,48,7.09,6.64,1.92,2207,1.0,0.1,4,0.0,1.3e-05,0
acc_2512,6,0.068,1,65,0,0,761,203,3.749,46,1.53,0.77,3.15,1640,0.003,0.102,3,0.0,6.1e-05,0
acc_2513,9,0.14,1,25,0,1,1141,622,1.834,56,17.92,0.98,0.47,404,0.0166,0.155,3,0.3333,1e-05,0
acc_2514,13,0.505,1,1,0,1,34,786,0.043,2,0.15,0.55,1.08,190,0.0207,0.555,10,0.0222,0.000198,1
acc_2515,8,0.187,1,71,0,1,177,364,0.486,36,8.25,0.27,6.52,1251,0.0481,0.217,3,0.0,1e-05,0
acc_2516,10,0.059,1,113,1,1,218,137,1.591,52,71.9,5.72,0.07,2401,0.356,0.231,3,0.0,1.6e-05,0
acc_2517,7,0.096,1,79,0,1,208,74,2.811,42,13.09,0.0,1.18,626,0.0629,0.215,5,0.0,1.4e-05,0
acc_2518,8,0.015,1,37,0,1,62,322,0.193,36,100.04,3.19,1.01,2703,1.0,0.236,5,0.0,0.000339,0
acc_2519,13,0.125,1,118,0,1,178,149,1.195,43,9.5,2.43,1.17,1449,0.067,0.23,4,0.0,4.4e-05,0
acc_2520,13,0.127,1,118,1,0,86,22,3.909,60,0.12,11.12,0.04,2236,0.1307,0.136,4,0.1667,5.4e-05,0
acc_2521,8,0.094,1,140,1,0,78,439,0.178,46,5.52,10.95,2.38,2195,0.2112,0.221,5,0.0,0.000175,0
acc_2522,14,0.138,1,82,0,1,831,164,5.067,47,1.05,2.87,3.83,2870,0.0047,0.086,10,0.0,0.000314,0
acc_2523,12,0.017,1,148,1,0,1810,258,7.016,58,52.21,0.57,4.69,1326,0.0292,0.176,3,0.0,3.4e-05,0
acc_2524,4,0.131,1,65,0,0,115,1083,0.106,40,77.16,6.37,5.3,1758,0.7264,0.161,4,0.0,5.3e-05,0
acc_2525,5,0.075,1,38,1,0,315,231,1.364,42,56.76,13.94,12.13,2401,0.2244,0.152,5,0.0,0.001089,0
acc_2526,6,0.063,1,62,1,1,549,258,2.128,30,61.22,11.68,1.1,2899,0.1328,0.208,4,0.0,1.8e-05,0
acc_2527,10,0.491,1,2,0,1,39,942,0.041,1,1.32,0.67,0.2,154,0.0511,0.829,12,0.0,0.000218,1
acc_2528,19,0.675,0,6,0,1,11,735,0.015,0,1.65,0.21,0.26,156,0.1687,0.451,12,0.0,0.000484,1
acc_2529,8,0.161,1,21,0,0,570,297,1.919,43,127.68,14.09,11.87,2888,0.2487,0.275,5,0.0,5.1e-05,0
acc_2530,13,0.162,1,86,0,1,40,107,0.374,45,6.22,0.7,1.84,1984,0.1731,0.27,7,0.0,6.6e-05,0
acc_2531,14,0.128,1,78,0,0,155,98,1.582,40,51.44,0.01,6.22,2986,0.3319,0.291,5,0.1,4.5e-05,0
acc_2532,18,0.376,0,5,0,1,31,1414,0.022,3,1.6,0.14,0.01,8,0.0561,0.503,9,0.0,0.000154,1
acc_2533,12,0.078,1,57,0,0,64,169,0.379,46,72.71,1.44,4.13,998,1.0,0.201,4,0.0,2.6e-05,0
acc_2534,16,0.377,0,6,0,1,125,3340,0.037,0,1.17,0.17,0.24,130,0.0107,0.56,8,0.0,0.000102,1
acc_2535,14,0.135,1,73,1,0,82,185,0.443,44,1.94,4.68,0.96,359,0.0806,0.247,4,0.0,4.9e-05,0
acc_2536,17,0.398,0,12,1,0,47,1142,0.041,4,1.85,0.25,1.47,98,0.0447,0.895,13,0.0,0.000377,1
acc_2537,7,0.053,1,110,1,1,203,100,2.03,44,13.94,1.49,7.59,2314,0.076,0.132,4,0.1667,1.9e-05,0
acc_2538,11,0.384,0,13,0,0,90,1502,0.06,1,2.74,0.02,0.05,116,0.0306,0.862,12,0.0,0.000156,1
acc_2539,11,0.083,1,149,0,0,753,315,2.39,42,51.39,8.17,10.0,2906,0.0791,0.323,3,0.0,4e-05,0
acc_2540,9,0.08,1,28,0,0,205,1414,0.145,45,72.16,0.63,2.75,1251,0.3551,0.173,5,0.0,6.4e-05,0
acc_2541,4,0.039,1,37,1,0,191,114,1.675,48,70.17,1.34,1.36,2973,0.3744,0.254,5,0.0,0.000102,0
acc_2542,19,0.574,0,9,0,0,129,1472,0.088,4,10.39,0.57,1.83,53,0.085,0.52,6,0.0667,7.2e-05,1
acc_2543,10,0.189,1,53,1,1,75,44,1.705,42,30.2,14.6,2.96,734,0.5972,0.243,4,0.0,2.6e-05,0
acc_2544,15,0.776,1,9,0,1,47,257,0.183,2,0.26,1.85,0.04,19,0.045,0.436,17,0.0,0.000397,1
acc_2545,9,0.343,0,3,0,1,184,376,0.489,4,0.74,0.57,0.13,198,0.0071,0.425,13,0.0,0.001429,1
acc_2546,14,0.581,1,13,0,1,123,519,0.237,1,6.22,0.03,0.74,72,0.0508,0.861,9,0.0278,9.9e-05,1
acc_2547,9,0.187,1,51,0,0,56,68,0.824,42,48.87,7.46,2.01,217,1.0,0.086,3,0.0,5e-05,0
acc_2548,4,0.04,1,37,1,0,133,347,0.383,53,45.98,0.59,0.58,1524,0.3502,0.12,3,0.0,1.1e-05,0
acc_2549,4,0.044,1,75,1,1,211,523,0.403,51,1.02,11.88,5.92,615,0.0611,0.297,4,0.0,3.4e-05,0
acc_2550,14,0.141,1,13,0,0,2868,250,11.472,41,14.61,4.77,13.39,2879,0.0068,0.065,5,0.0,7.5e-05,0
acc_2551,11,0.154,1,91,0,0,608,71,8.563,45,11.77,2.96,16.66,1106,0.0242,0.212,3,0.0,1.4e-05,0
acc_2552,13,0.549,0,7,0,1,73,1100,0.066,2,1.89,0.17,1.61,136,0.0283,0.506,10,0.0,0.000459,1
acc_2553,16,0.364,1,2,0,1,109,870,0.125,2,2.84,0.33,0.91,105,0.0291,0.58,8,0.0,0.000482,1
acc_2554,12,0.184,1,79,1,1,277,69,4.014,50,60.39,2.53,2.07,2463,0.2271,0.324,3,0.0,5.8e-05,0
acc_2555,12,0.017,1,112,1,1,777,76,10.224,51,0.61,3.48,4.67,2867,0.0053,0.211,4,0.0,4.1e-05,0
acc_2556,5,0.131,0,42,0,0,142,45,3.156,46,11.32,1.87,0.66,2239,0.0929,0.219,3,0.0,1.4e-05,0
acc_2557,7,0.162,1,146,1,0,67,145,0.462,48,24.28,4.16,0.57,2570,0.4244,0.24,3,0.0,5e-06,0
acc_2558,14,0.077,1,45,1,0,121,104,1.163,43,36.62,21.81,6.69,911,0.4829,0.244,3,0.0,7.3e-05,0
acc_2559,5,0.077,1,140,0,1,245,36,6.806,51,15.35,6.77,1.69,570,0.0903,0.131,4,0.0,8.7e-05,0
acc_2560,11,0.056,1,57,0,0,110,113,0.973,54,34.18,3.73,1.52,2959,0.3446,0.104,4,0.0,0.000746,0
acc_2561,10,0.08,1,126,0,0,264,29,9.103,46,30.43,2.43,2.21,296,0.1245,0.195,5,0.0,2.7e-05,0
acc_2562,7,0.094,1,129,0,0,239,21,11.381,45,4.61,0.35,1.54,561,0.0207,0.09,5,0.0,0.000639,0
acc_2563,13,0.196,1,87,1,0,1091,34,32.088,46,110.37,3.38,6.23,2493,0.1043,0.192,4,0.1667,2.4e-05,0
acc_2564,13,0.18,1,77,1,0,91,207,0.44,54,5.79,0.09,1.48,2742,0.0646,0.319,6,0.0,9.3e-05,0
acc_2565,17,0.787,1,3,0,1,81,272,0.298,5,6.68,0.04,0.09,135,0.083,0.464,14,0.0,0.000545,1
acc_2566,13,0.391,0,3,0,1,5,2283,0.002,0,1.93,0.09,0.88,99,0.4033,0.707,9,0.0,9.7e-05,1
acc_2567,10,0.009,1,135,0,1,262,118,2.22,44,43.77,2.65,6.39,837,0.1772,0.312,4,0.0,2.5e-05,0
acc_2568,10,0.153,1,111,0,0,40,65,0.615,28,3.62,2.01,10.22,871,0.1406,0.088,5,0.0,2.3e-05,0
acc_2569,11,0.527,1,13,0,0,78,473,0.165,2,0.18,0.11,0.26,184,0.0037,0.62,9,0.0,9.3e-05,1
acc_2570,10,0.153,1,118,1,0,356,6,59.333,41,43.54,1.3,2.94,874,0.1259,0.202,5,0.0,1.6e-05,0
acc_2571,8,0.098,1,79,1,0,897,200,4.485,37,15.58,1.48,12.89,1450,0.019,0.13,3,0.0,2.8e-05,0
acc_2572,4,0.116,1,42,0,0,595,296,2.01,61,6.05,9.07,6.64,2099,0.0254,0.144,4,0.0,1.9e-05,0
acc_2573,7,0.12,1,34,0,0,425,18,23.611,57,32.7,0.46,0.25,1895,0.078,0.297,6,0.0,0.000112,0
acc_2574,12,0.115,1,119,0,0,237,197,1.203,43,15.46,5.03,7.06,1702,0.0865,0.165,4,0.0,1.1e-05,0
acc_2575,13,0.123,1,36,0,0,426,266,1.602,38,2.97,2.72,1.39,2301,0.0134,0.28,4,0.0,1.1e-05,0
acc_2576,7,0.166,1,114,0,0,710,95,7.474,51,38.22,16.67,1.52,851,0.0773,0.211,3,0.3333,3.2e-05,0
acc_2577,6,0.07,1,127,0,0,336,1308,0.257,42,63.88,7.3,3.89,2633,0.2119,0.081,5,0.0,7.8e-05,0
acc_2578,13,0.146,1,62,0,1,131,271,0.483,45,153.4,0.13,1.87,263,1.0,0.217,3,0.0,4.9e-05,0
acc_2579,12,0.066,0,113,1,0,190,244,0.779,47,14.83,1.74,1.9,1140,0.0872,0.318,3,0.0,9.2e-05,0
acc_2580,5,0.126,1,20,1,1,1235,796,1.552,50,78.64,0.17,3.07,2382,0.0638,0.154,4,0.0,5e-05,0
acc_2581,4,0.008,1,132,1,1,200,107,1.869,55,192.95,1.19,4.03,1148,0.9707,0.265,3,0.0,8e-06,0
acc_2582,9,0.051,1,40,0,0,699,178,3.927,52,24.13,2.2,10.1,2880,0.0377,0.287,5,0.0,0.000106,0
acc_2583,12,0.14,1,53,0,0,102,72,1.417,41,11.39,4.66,0.81,2862,0.1574,0.153,5,0.0,5.4e-05,0
acc_2584,12,0.15,1,70,1,1,197,88,2.239,52,11.46,5.77,1.91,1025,0.0875,0.139,3,0.0,8.4e-05,0
acc_2585,11,0.021,1,84,0,1,61,257,0.237,35,85.42,1.7,0.27,2934,1.0,0.295,3,0.0,5.4e-05,0
acc_2586,6,0.07,1,70,0,1,92,965,0.095,48,20.38,2.0,1.2,2811,0.2432,0.104,3,0.0,1.2e-05,0
acc_2587,15,0.553,0,8,0,0,13,213,0.061,0,0.7,0.77,0.49,156,0.1134,0.522,14,0.011,0.000541,1
acc_2588,7,0.198,1,62,1,1,515,61,8.443,49,23.12,7.15,2.22,1758,0.0588,0.174,5,0.0,0.000146,0
acc_2589,12,0.172,1,113,1,1,444,107,4.15,33,22.75,1.53,5.25,1766,0.0547,0.305,4,0.0,8.8e-05,0
acc_2590,16,0.507,1,9,0,0,70,2241,0.031,1,0.18,0.08,0.21,65,0.0037,0.529,11,0.0,0.000355,1
acc_2591,13,0.553,0,6,0,1,54,781,0.069,2,1.69,0.07,0.25,53,0.0326,0.606,9,0.0,0.000146,1
acc_2592,6,0.123,1,44,1,0,11,413,0.027,46,4.47,3.01,0.22,274,0.6803,0.223,4,0.1667,9.2e-05,0
acc_2593,11,0.175,1,96,0,0,261,625,0.418,51,20.1,12.87,4.48,1678,0.1263,0.246,3,0.3333,5.4e-05,0
acc_2594,16,0.328,0,6,0,1,7,1402,0.005,2,1.44,0.11,0.28,42,0.2221,0.469,8,0.0,0.00011,1
acc_2595,11,0.15,1,93,0,0,194,82,2.366,47,21.27,10.07,4.27,2553,0.1615,0.096,8,0.0,9.9e-05,0
acc_2596,7,0.088,1,132,1,1,120,120,1.0,41,54.01,5.09,2.07,1958,0.4924,0.187,3,0.0,4e-06,0
acc_2597,8,0.142,1,140,1,1,26,369,0.07,39,152.81,3.82,1.74,1115,1.0,0.282,4,0.0,6.8e-05,0
acc_2598,13,0.166,1,91,1,0,56,42,1.333,48,1.07,1.52,5.24,525,0.0462,0.24,4,0.0,5.6e-05,0
acc_2599,6,0.094,1,88,0,1,467,62,7.532,50,59.56,2.32,7.02,1425,0.1325,0.343,4,0.0,2.7e-05,0
acc_2600,5,0.193,1,19,0,0,548,176,3.114,43,4.98,1.43,6.63,2194,0.0117,0.186,4,0.0,6e-06,0
acc_2601,5,0.184,1,115,1,1,272,474,0.574,39,2.46,7.65,3.15,914,0.0372,0.09,5,0.0,9.1e-05,0
acc_2602,11,0.68,0,10,0,1,14,219,0.064,3,2.1,0.41,0.4,32,0.1796,0.575,13,0.0256,0.000577,1
acc_2603,6,0.019,1,20,0,1,104,15,6.933,42,13.24,0.32,0.11,2581,0.1304,0.1,6,0.0,0.000232,0
acc_2604,9,0.131,1,90,0,1,792,1854,0.427,46,50.8,4.41,9.46,1269,0.0697,0.203,6,0.0,0.000126,0
acc_2605,12,0.318,0,5,1,1,81,805,0.101,0,1.54,0.12,0.01,74,0.0205,0.79,10,0.0,0.000367,1
acc_2606,6,0.142,1,142,0,1,47,130,0.362,37,59.83,4.33,0.32,1718,1.0,0.158,5,0.0,0.000529,0
acc_2607,5,0.056,1,144,0,1,477,533,0.895,54,7.46,4.78,0.63,1763,0.0257,0.326,4,0.0,1.5e-05,0
acc_2608,9,0.154,0,83,0,1,36,150,0.24,50,25.91,1.29,2.65,1255,0.7556,0.093,6,0.0,6.4e-05,0
acc_2609,7,0.053,1,91,0,1,155,479,0.324,36,15.18,2.22,1.66,1558,0.1123,0.071,3,0.0,2.1e-05,0
acc_2610,18,0.366,1,13,1,1,1,560,0.002,3,0.05,0.26,0.9,145,0.3097,0.823,12,0.0,0.000386,1
acc_2611,14,0.618,1,8,0,1,37,2630,0.014,1,0.36,0.13,0.15,58,0.0133,0.593,14,0.011,0.000235,1
acc_2612,10,0.087,1,101,1,1,84,131,0.641,49,64.36,0.63,3.11,1502,0.7738,0.083,4,0.0,1.4e-05,0
acc_2613,7,0.113,1,21,0,0,738,22,33.545,38,13.75,19.48,5.78,474,0.045,0.256,3,0.0,1.7e-05,0
acc_2614,14,0.014,1,117,1,0,274,979,0.28,38,43.74,4.98,2.27,1945,0.1778,0.244,4,0.0,0.00012,0
acc_2615,12,0.018,1,67,0,0,170,12,14.167,38,15.7,6.35,3.56,1701,0.1297,0.221,5,0.0,0.000135,0
acc_2616,11,0.024,1,72,1,0,459,102,4.5,45,23.85,0.76,2.96,1336,0.0536,0.182,3,0.0,1.8e-05,0
acc_2617,13,0.143,1,71,0,1,466,169,2.757,45,6.85,9.37,1.29,538,0.0348,0.249,4,0.0,0.000111,0
acc_2618,9,0.197,1,23,0,0,409,174,2.351,39,23.48,2.87,0.93,307,0.0644,0.196,4,0.0,1.4e-05,0
acc_2619,6,0.101,1,108,0,0,735,68,10.809,57,0.53,6.92,1.47,364,0.0101,0.22,3,0.0,1e-05,0
acc_2620,6,0.049,1,22,0,0,73,43,1.698,40,15.32,2.55,2.41,2422,0.2448,0.284,4,0.0,0.000137,0
acc_2621,16,0.593,0,4,1,1,35,572,0.061,4,0.49,1.37,0.58,191,0.0531,0.821,18,0.0,0.001797,1
acc_2622,12,0.192,1,133,0,1,547,329,1.663,49,5.7,6.2,2.46,1984,0.0218,0.163,4,0.0,0.000145,0
acc_2623,10,0.032,1,73,1,1,270,63,4.286,40,4.98,0.44,1.85,266,0.0201,0.299,4,0.0,8.9e-05,0
acc_2624,18,0.315,0,10,0,1,4,1276,0.003,0,0.65,0.03,0.38,27,0.1702,0.659,9,0.0,9.5e-05,1
acc_2625,9,0.667,1,3,0,1,8,2607,0.003,1,1.46,0.04,0.45,29,0.1875,0.413,16,0.0,0.00098,1
acc_2626,7,0.178,1,83,0,0,273,123,2.22,39,13.03,2.6,6.67,1994,0.0572,0.17,5,0.0,9.2e-05,0
acc_2627,8,0.099,1,124,0,1,772,169,4.568,44,1.75,1.4,3.1,2555,0.0041,0.065,3,0.0,9e-05,0
acc_2628,14,0.54,0,0,0,1,7,370,0.019,0,0.01,0.33,0.16,59,0.0484,0.618,14,0.0,0.000972,1
acc_2629,5,0.16,1,142,0,1,707,57,12.404,43,33.44,5.86,1.79,840,0.0556,0.292,4,0.0,8e-06,0
acc_2630,12,0.762,1,10,0,1,10,820,0.012,2,4.74,0.13,1.19,167,0.4868,0.545,18,0.0,0.00244,1
acc_2631,9,0.187,1,91,0,0,1222,81,15.086,33,24.77,1.48,4.23,595,0.0215,0.248,3,0.0,4.1e-05,0
acc_2632,7,0.101,1,112,0,0,227,36,6.306,37,8.02,1.7,1.96,2709,0.0428,0.057,3,0.0,8e-06,0
acc_2633,4,0.083,1,103,0,1,156,64,2.438,32,31.79,3.05,5.81,910,0.2233,0.329,3,0.0,6e-06,0
acc_2634,4,0.125,1,86,1,0,176,87,2.023,39,13.88,2.08,8.53,907,0.0906,0.167,3,0.0,1.1e-05,0
acc_2635,10,0.109,1,126,1,0,402,239,1.682,37,38.99,14.72,1.42,1310,0.1336,0.311,3,0.0,2e-05,0
acc_2636,10,0.646,0,10,0,1,53,322,0.165,1,1.53,0.11,0.7,98,0.0309,0.755,13,0.0,0.000353,1
acc_2637,8,0.039,1,76,1,1,82,82,1.0,52,63.52,2.29,1.83,1965,0.8026,0.164,4,0.0,5e-05,0
acc_2638,15,0.623,1,10,0,1,33,824,0.04,2,2.49,0.2,0.27,167,0.0815,0.551,12,0.0303,0.000233,1
acc_2639,7,0.196,1,140,0,1,156,196,0.796,48,3.76,5.14,0.51,2240,0.057,0.276,4,0.0,5.3e-05,0
acc_2640,10,0.124,1,135,0,1,74,884,0.084,54,10.76,0.59,1.44,1658,0.1533,0.098,4,0.0,7.4e-05,0
acc_2641,17,0.626,0,8,1,1,34,399,0.085,2,2.46,0.48,0.12,199,0.0865,0.851,9,0.0278,0.00025,1
acc_2642,5,0.05,1,104,0,0,25,286,0.087,47,70.15,1.17,0.77,232,1.0,0.104,4,0.0,5.7e-05,0
acc_2643,4,0.021,1,16,0,0,141,136,1.037,46,9.38,0.7,4.31,2907,0.0715,0.114,3,0.0,4e-06,0
acc_2644,10,0.017,1,76,1,1,5138,46,111.696,41,34.22,7.39,5.36,523,0.0081,0.297,6,0.0,0.000114,0
acc_2645,16,0.786,0,14,0,1,6,426,0.014,4,2.87,0.21,0.02,102,0.512,0.63,11,0.0182,0.000291,1
acc_2646,16,0.473,1,2,0,1,4,3427,0.001,1,0.87,0.0,0.09,152,0.2199,0.728,11,0.0,0.000317,1
acc_2647,8,0.026,1,39,0,0,92,214,0.43,53,84.2,4.11,1.01,638,0.9599,0.295,10,0.0,0.000148,0
acc_2648,18,0.708,1,1,0,0,13,434,0.03,5,0.37,0.06,0.34,109,0.0329,0.609,10,0.0,0.000233,1
acc_2649,14,0.058,1,125,1,0,23,301,0.076,50,0.0,7.48,0.76,2207,0.3253,0.116,3,0.0,5e-06,0
acc_2650,9,0.038,1,134,0,1,163,42,3.881,57,27.99,3.4,4.32,2550,0.1926,0.079,3,0.0,2.6e-05,0
acc_2651,16,0.672,1,8,0,0,166,1591,0.104,0,2.76,0.13,0.69,39,0.0174,0.712,9,0.0,0.000155,1
acc_2652,7,0.132,1,70,0,0,361,38,9.5,40,23.96,0.05,1.43,2759,0.0665,0.315,5,0.0,0.000284,0
acc_2653,17,0.764,0,9,0,0,324,554,0.585,3,0.54,0.34,0.89,188,0.0027,0.662,10,0.0222,0.000633,1
acc_2654,11,0.031,0,98,0,0,20,82,0.244,47,14.27,4.67,0.99,2691,0.9468,0.216,4,0.0,2.5e-05,0
acc_2655,6,0.058,1,101,1,0,116,360,0.322,58,15.26,2.17,1.28,1785,0.1503,0.328,3,0.0,2.2e-05,0
acc_2656,9,0.064,1,76,0,1,150,93,1.613,36,3.5,1.18,1.8,2281,0.0312,0.21,6,0.0,9.1e-05,0
acc_2657,13,0.069,1,48,1,0,547,164,3.335,43,16.68,3.16,0.25,2951,0.0363,0.179,4,0.0,0.00017,0
acc_2658,7,0.013,1,149,1,0,414,72,5.75,47,14.22,0.44,6.44,2735,0.0354,0.272,4,0.0,1e-05,0
acc_2659,5,0.117,1,43,0,1,197,380,0.518,46,35.56,5.25,0.79,430,0.2072,0.174,5,0.0,6.3e-05,0
acc_2660,13,0.198,1,137,0,0,161,215,0.749,47,13.33,2.56,0.23,836,0.0987,0.239,4,0.0,3.7e-05,0
acc_2661,9,0.009,1,55,0,1,200,174,1.149,43,36.2,0.81,9.19,820,0.185,0.337,4,0.0,7.2e-05,0
acc_2662,7,0.175,1,22,1,1,168,26,6.462,35,35.73,0.04,12.48,2514,0.2129,0.097,3,0.0,7.2e-05,0
acc_2663,10,0.656,0,12,1,1,27,647,0.042,1,5.63,0.05,0.15,117,0.2105,0.868,12,0.0,0.000275,1
acc_2664,9,0.066,1,93,1,0,284,753,0.377,40,5.89,1.04,2.39,1914,0.0244,0.122,4,0.0,6.2e-05,0
acc_2665,5,0.117,1,122,1,0,76,720,0.106,42,66.51,5.16,3.33,1396,0.9429,0.191,3,0.0,3.9e-05,0
acc_2666,10,0.106,1,74,0,1,611,156,3.917,44,31.45,4.61,0.93,455,0.059,0.305,4,0.0,0.00013,0
acc_2667,12,0.491,1,3,0,1,130,391,0.332,2,2.05,0.06,0.02,160,0.0163,0.781,12,0.0,0.002123,1
acc_2668,12,0.606,0,0,0,1,20,414,0.048,0,0.7,0.18,0.32,126,0.0442,0.825,9,0.0,0.002136,1
acc_2669,8,0.391,0,10,0,1,109,1351,0.081,1,0.77,0.12,0.54,155,0.0081,0.692,11,0.0,9.7e-05,1
acc_2670,5,0.077,1,42,0,0,95,707,0.134,55,151.34,3.11,9.87,1814,1.0,0.149,3,0.0,1.9e-05,0
acc_2671,12,0.14,1,10,0,0,86,85,1.012,37,4.35,3.83,0.55,1457,0.0951,0.128,6,0.0,9.2e-05,0
acc_2672,5,0.009,1,38,1,0,219,54,4.056,38,11.74,0.53,3.83,467,0.0561,0.211,3,0.0,2.9e-05,0
acc_2673,11,0.05,1,140,0,1,283,105,2.695,35,2.66,10.31,4.35,2885,0.0459,0.205,5,0.0,1.9e-05,0
acc_2674,9,0.171,1,82,1,0,1146,63,18.19,44,38.71,4.15,0.93,1431,0.0374,0.101,5,0.0,0.000164,0
acc_2675,13,0.105,1,52,1,0,358,365,0.981,36,24.99,2.55,1.36,2325,0.0769,0.287,3,0.0,3.1e-05,0
acc_2676,9,0.19,1,113,0,1,580,89,6.517,48,71.2,13.93,17.56,476,0.1468,0.178,7,0.0,0.00012,0
acc_2677,9,0.476,0,13,0,1,30,4603,0.007,1,1.55,0.65,0.44,45,0.0732,0.427,12,0.0152,0.000187,1
acc_2678,9,0.051,1,47,0,1,190,120,1.583,40,16.56,7.35,0.95,1984,0.1258,0.315,3,0.0,6.1e-05,0
acc_2679,4,0.087,1,56,0,0,940,181,5.193,37,202.3,2.57,1.45,790,0.2179,0.099,4,0.0,3.7e-05,0
acc_2680,4,0.168,1,137,0,0,49,2339,0.021,55,5.17,1.97,2.91,539,0.1457,0.116,3,0.0,1.7e-05,0
acc_2681,11,0.334,0,8,0,0,14,505,0.028,2,1.15,0.35,0.19,94,0.1071,0.422,14,0.0,0.001195,1
acc_2682,9,0.033,1,49,0,1,264,118,2.237,43,7.72,1.09,2.65,369,0.0334,0.129,5,0.0,2.4e-05,0
acc_2683,10,0.02,1,20,0,0,78,209,0.373,49,60.05,0.6,1.07,2415,0.7775,0.158,4,0.0,3.2e-05,0
acc_2684,14,0.645,1,14,0,1,237,381,0.622,3,2.72,0.11,0.73,111,0.0119,0.568,15,0.0095,0.000644,1
acc_2685,7,0.098,1,115,0,0,90,144,0.625,44,1.02,2.89,4.01,2339,0.0434,0.21,3,0.0,2.1e-05,0
acc_2686,7,0.041,1,29,0,1,507,1010,0.502,39,17.89,14.71,5.22,2785,0.0643,0.338,4,0.0,2.4e-05,0
acc_2687,9,0.466,0,5,0,1,16,464,0.034,1,1.94,0.3,0.37,112,0.1396,0.749,13,0.0128,0.000182,1
acc_2688,12,0.043,1,54,0,1,133,1031,0.129,36,20.36,6.03,1.6,1886,0.1984,0.077,4,0.0,2.9e-05,0
acc_2689,9,0.088,1,115,1,0,1072,146,7.342,44,23.35,1.98,0.35,564,0.0236,0.106,4,0.0,0.000102,0
acc_2690,4,0.079,1,143,1,1,581,164,3.543,28,1.85,3.37,0.37,1065,0.009,0.084,4,0.0,0.000188,0
acc_2691,4,0.033,1,82,0,1,77,160,0.481,44,3.74,0.1,4.41,1398,0.05,0.075,3,0.0,3.5e-05,0
acc_2692,14,0.13,1,60,0,1,67,180,0.372,43,98.47,3.81,1.5,1320,1.0,0.177,3,0.0,1.3e-05,0
acc_2693,13,0.062,1,91,1,1,275,272,1.011,40,17.26,1.09,2.44,2508,0.0668,0.246,3,0.0,3.8e-05,0
acc_2694,8,0.139,1,58,1,0,84,95,0.884,42,47.21,0.7,3.27,962,0.5704,0.189,6,0.0,0.00017,0
acc_2695,13,0.106,1,146,1,1,48,188,0.255,51,64.67,2.48,6.69,2909,1.0,0.274,5,0.1,0.000141,0
acc_2696,13,0.041,1,98,0,1,474,280,1.693,35,32.87,5.27,11.46,1621,0.0805,0.057,4,0.0,4.5e-05,0
acc_2697,14,0.151,1,147,1,1,3548,161,22.037,33,34.25,3.3,3.7,513,0.0106,0.276,4,0.0,1.9e-05,0
acc_2698,12,0.117,1,20,0,0,43,108,0.398,42,15.61,4.28,8.24,401,0.4627,0.184,4,0.0,0.000115,0
acc_2699,14,0.148,1,49,1,1,48,212,0.226,44,19.81,1.22,1.92,2517,0.4381,0.345,6,0.0,5.3e-05,0
acc_2700,7,0.181,1,99,1,0,30,131,0.229,40,44.35,0.72,3.79,334,1.0,0.228,5,0.0,5.6e-05,0
acc_2701,4,0.008,1,109,1,0,184,784,0.235,55,42.7,5.39,0.66,471,0.2613,0.069,6,0.0,0.000268,0
acc_2702,8,0.14,1,137,0,0,175,96,1.823,46,6.44,0.85,5.79,2493,0.0416,0.064,3,0.0,4.5e-05,0
acc_2703,10,0.055,0,86,0,1,69,244,0.283,47,22.75,12.25,0.34,2886,0.5073,0.315,3,0.0,0.000219,0
acc_2704,5,0.144,1,124,0,1,125,301,0.415,37,52.74,7.42,6.0,1080,0.4813,0.17,4,0.0,6e-05,0
acc_2705,13,0.114,1,143,0,1,42,42,1.0,46,10.87,1.91,6.66,1407,0.3043,0.187,6,0.0,8e-05,0
acc_2706,16,0.617,1,8,0,1,85,5124,0.017,2,2.3,0.37,0.32,141,0.0313,0.811,12,0.0,0.000487,1
acc_2707,19,0.732,1,14,0,1,109,337,0.323,2,4.15,0.1,0.21,27,0.0391,0.589,11,0.0182,0.00029,1
acc_2708,11,0.672,0,9,1,1,1,357,0.003,4,0.26,0.22,0.55,65,0.4778,0.722,11,0.0,0.000115,1
acc_2709,13,0.173,1,73,1,1,475,200,2.375,57,11.64,2.87,0.29,2406,0.0305,0.244,3,0.0,1.3e-05,0
acc_2710,5,0.097,1,123,1,1,772,52,14.846,38,16.84,3.78,11.23,850,0.0267,0.292,6,0.0,0.000137,0
acc_2711,8,0.325,0,2,0,0,36,3847,0.009,2,0.48,0.27,0.19,8,0.0208,0.884,12,0.0,0.000146,1
acc_2712,10,0.713,0,0,0,0,3,1477,0.002,1,2.47,1.67,0.59,33,1.0,0.852,10,0.0,0.000286,1
acc_2713,4,0.105,1,116,1,0,59,56,1.054,53,74.38,0.5,1.94,859,1.0,0.284,5,0.0,2.6e-05,0
acc_2714,7,0.076,1,50,0,1,273,97,2.814,42,0.87,1.22,0.34,1245,0.0077,0.123,3,0.0,4.3e-05,0
acc_2715,4,0.196,1,121,1,1,1020,320,3.188,44,56.29,1.76,0.61,2880,0.0569,0.273,5,0.0,3.1e-05,0
acc_2716,10,0.173,1,31,1,0,46,555,0.083,48,133.33,0.32,2.11,2443,1.0,0.078,3,0.0,0.000193,0
acc_2717,10,0.514,0,5,0,1,6,1213,0.005,1,5.16,0.11,0.53,195,0.8791,0.492,12,0.0303,0.000455,1
acc_2718,12,0.193,1,21,1,0,441,298,1.48,42,23.24,1.53,0.98,1152,0.0562,0.234,4,0.0,0.001505,0
acc_2719,9,0.07,1,34,0,0,114,145,0.786,34,3.95,3.13,3.38,2100,0.0621,0.326,3,0.0,1.4e-05,0
acc_2720,12,0.063,1,110,1,0,1888,59,32.0,38,46.84,4.29,3.82,573,0.0271,0.231,3,0.0,3.2e-05,0
acc_2721,6,0.126,1,34,0,0,1249,324,3.855,49,87.56,7.14,3.27,1708,0.0758,0.341,6,0.0,0.00016,0
acc_2722,13,0.388,1,4,0,1,42,392,0.107,4,1.96,0.2,0.55,126,0.0513,0.558,10,0.0,0.000646,1
acc_2723,8,0.073,1,138,1,1,223,119,1.874,42,55.97,2.94,5.43,1954,0.2642,0.187,3,0.0,3.7e-05,0
acc_2724,5,0.123,1,109,0,1,19,100,0.19,49,62.15,4.56,6.12,1665,1.0,0.148,5,0.0,9.7e-05,0
acc_2725,10,0.1,1,23,0,1,32,186,0.172,54,39.31,2.12,10.73,771,1.0,0.274,4,0.0,0.000182,0
acc_2726,8,0.62,1,9,0,1,21,1512,0.014,2,0.61,0.14,0.3,7,0.0355,0.418,14,0.0,0.000209,1
acc_2727,5,0.008,1,101,0,0,4468,99,45.131,44,83.59,0.13,2.76,415,0.0187,0.33,6,0.0,3e-05,0
acc_2728,10,0.139,1,113,0,1,32,134,0.239,43,4.8,2.82,0.57,302,0.2378,0.262,5,0.0,0.000105,0
acc_2729,9,0.16,1,94,1,0,316,85,3.718,42,63.89,0.59,1.25,2718,0.2041,0.051,4,0.0,5.4e-05,0
acc_2730,9,0.114,1,15,0,1,121,1155,0.105,40,38.61,7.77,6.33,1788,0.3833,0.21,6,0.0,0.000137,0
acc_2731,15,0.565,0,8,0,0,1,546,0.002,2,3.78,1.04,0.21,114,1.0,0.527,15,0.019,0.00052,1
acc_2732,8,0.16,1,26,0,0,121,76,1.592,39,13.48,3.28,1.27,2941,0.1385,0.228,6,0.0,0.00033,0
acc_2733,4,0.081,0,14,0,0,922,260,3.546,47,62.67,5.93,1.16,1265,0.0744,0.109,5,0.0,5.4e-05,0
acc_2734,5,0.115,1,133,0,0,290,145,2.0,63,83.79,0.86,1.15,701,0.2919,0.079,4,0.0,3.3e-05,0
acc_2735,5,0.171,1,49,0,1,1659,176,9.426,37,52.0,5.73,9.94,2861,0.0348,0.055,3,0.0,2.3e-05,0
acc_2736,7,0.062,1,86,0,0,2194,406,5.404,51,3.53,4.2,2.08,1060,0.0035,0.335,3,0.0,4.7e-05,0
acc_2737,10,0.098,1,96,0,1,839,999,0.84,52,11.01,3.88,9.44,1312,0.0177,0.324,3,0.0,1.5e-05,0
acc_2738,10,0.187,1,83,1,1,50,195,0.256,38,4.83,5.15,0.72,1319,0.1995,0.293,3,0.0,6.3e-05,0
acc_2739,8,0.059,1,11,0,1,357,197,1.812,43,4.0,3.72,5.28,1987,0.0216,0.27,3,0.0,1.2e-05,0
acc_2740,4,0.064,1,96,0,1,781,331,2.36,41,5.32,6.88,2.24,992,0.0156,0.097,3,0.3333,0.000116,0
acc_2741,13,0.026,1,47,0,1,227,141,1.61,38,77.11,6.66,2.49,896,0.369,0.06,5,0.1,8.9e-05,0
acc_2742,11,0.148,1,26,1,1,568,158,3.595,49,19.16,5.55,2.99,2216,0.0435,0.254,4,0.0,3.3e-05,0
acc_2743,4,0.141,1,53,1,1,132,141,0.936,40,25.14,2.29,1.13,804,0.2078,0.155,5,0.0,0.000124,0
acc_2744,9,0.18,0,47,0,1,85,223,0.381,52,13.91,7.61,2.94,712,0.2531,0.257,4,0.0,2.7e-05,0
acc_2745,12,0.026,1,45,0,0,272,355,0.766,42,33.84,1.46,1.06,524,0.1298,0.306,6,0.0,0.000238,0
acc_2746,11,0.771,0,5,0,1,11,482,0.023,2,3.03,0.26,0.35,183,0.2992,0.669,15,0.0,0.001246,1
acc_2747,13,0.198,1,104,0,0,671,161,4.168,43,47.23,3.75,0.51,1620,0.076,0.297,4,0.0,8.6e-05,0
acc_2748,9,0.044,1,113,1,0,39,80,0.487,50,8.1,6.33,6.42,1234,0.37,0.349,4,0.0,6.6e-05,0
acc_2749,13,0.171,1,130,1,0,840,4177,0.201,47,91.09,1.26,3.15,890,0.1099,0.124,3,0.3333,1.4e-05,0
acc_2750,10,0.038,1,31,1,0,398,640,0.622,42,70.33,0.93,10.66,1374,0.179,0.298,4,0.0,0.000105,0
acc_2751,10,0.374,1,10,0,1,49,708,0.069,1,0.11,0.13,0.31,127,0.005,0.547,14,0.0,0.000763,1
acc_2752,9,0.087,1,143,1,1,155,195,0.795,51,22.16,3.4,0.02,1450,0.1649,0.149,5,0.0,4.1e-05,0
acc_2753,7,0.04,1,27,1,1,283,214,1.322,52,40.17,10.7,2.33,2923,0.1797,0.199,3,0.0,1.4e-05,0
acc_2754,10,0.011,1,130,0,1,92,361,0.255,52,13.11,7.95,6.2,335,0.229,0.211,6,0.0,0.000105,0
acc_2755,12,0.037,1,89,0,0,548,109,5.028,41,45.96,0.94,0.88,610,0.0856,0.282,3,0.0,1.5e-05,0
acc_2756,12,0.172,1,54,0,0,307,66,4.652,51,79.6,5.59,2.96,1583,0.2775,0.216,5,0.0,0.000132,0
acc_2757,9,0.762,0,3,0,1,37,600,0.062,0,0.43,0.08,0.03,147,0.0137,0.836,13,0.0,0.000405,1
acc_2758,13,0.109,1,66,1,0,409,39,10.487,46,3.32,10.47,2.69,1863,0.0337,0.206,4,0.0,5e-06,0
acc_2759,11,0.459,0,14,0,1,65,938,0.069,1,3.22,0.4,0.75,108,0.0558,0.705,16,0.0083,0.000927,1
acc_2760,8,0.108,1,110,0,0,682,338,2.018,46,34.29,4.78,0.2,1879,0.0573,0.233,3,0.0,1.2e-05,0
acc_2761,8,0.064,1,46,1,1,332,547,0.607,43,73.85,5.66,3.53,294,0.2395,0.206,3,0.3333,2.7e-05,0
acc_2762,6,0.086,1,104,0,0,546,87,6.276,42,3.57,0.64,6.88,2677,0.0077,0.325,4,0.0,0.000106,0
acc_2763,8,0.168,1,65,0,0,102,150,0.68,66,6.9,4.54,0.51,1163,0.1121,0.317,3,0.3333,3e-06,0
acc_2764,10,0.05,1,109,1,0,780,31,25.161,46,48.29,1.33,1.99,2040,0.0636,0.258,3,0.0,3.7e-05,0
acc_2765,7,0.194,1,79,0,0,208,458,0.454,47,15.41,10.59,1.13,1467,0.125,0.312,4,0.0,3.5e-05,0
acc_2766,12,0.019,1,71,1,0,87,145,0.6,53,4.95,0.58,2.16,798,0.0636,0.242,4,0.0,2.5e-05,0
acc_2767,11,0.196,1,110,0,1,2243,1635,1.372,49,33.59,2.22,0.36,2149,0.016,0.073,3,0.0,9e-06,0
acc_2768,10,0.106,1,41,0,0,60,73,0.822,39,3.11,21.62,3.57,2472,0.412,0.258,3,0.0,3e-06,0
acc_2769,12,0.038,1,133,0,1,90,66,1.364,48,30.56,8.65,0.71,2613,0.4356,0.241,4,0.0,7.2e-05,0
acc_2770,10,0.083,1,101,1,1,217,141,1.539,45,18.83,0.07,0.76,458,0.0871,0.084,3,0.0,2.9e-05,0
acc_2771,8,0.714,0,10,0,0,23,287,0.08,1,0.42,0.03,0.73,19,0.0196,0.871,13,0.0128,0.000312,1
acc_2772,4,0.094,1,28,0,0,209,152,1.375,40,15.39,0.35,2.96,1625,0.0753,0.297,3,0.0,5.3e-05,0
acc_2773,14,0.017,1,23,0,1,119,35,3.4,55,13.5,7.15,0.82,1199,0.1736,0.309,4,0.0,3e-05,0
acc_2774,10,0.115,1,116,1,1,329,54,6.093,43,85.27,3.09,0.29,1748,0.2686,0.199,6,0.0,0.000147,0
acc_2775,12,0.746,1,7,1,0,118,556,0.212,0,0.37,0.66,0.07,100,0.0087,0.692,11,0.0,0.000568,1
acc_2776,10,0.1,1,102,0,1,40,36,1.111,27,43.03,1.38,1.75,2824,1.0,0.248,4,0.0,7e-05,0
acc_2777,8,0.045,1,49,1,0,25,308,0.081,40,30.82,6.33,6.26,905,1.0,0.162,3,0.0,3.4e-05,0
acc_2778,5,0.168,1,80,0,0,2483,91,27.286,45,6.35,9.29,0.77,476,0.0063,0.168,5,0.0,9.9e-05,0
acc_2779,12,0.6,0,0,0,1,44,1497,0.029,1,2.72,0.27,1.14,104,0.0679,0.783,9,0.0,0.000106,1
acc_2780,12,0.193,1,23,1,1,68,140,0.486,63,6.53,6.85,2.02,377,0.1968,0.291,6,0.0,7.5e-05,0
acc_2781,8,0.797,0,6,0,1,26,2514,0.01,3,0.58,0.14,0.24,106,0.0278,0.728,15,0.0,0.000426,1
acc_2782,12,0.178,1,119,1,0,4257,258,16.5,43,17.86,1.47,6.51,341,0.0045,0.087,3,0.0,8e-05,0
acc_2783,10,0.104,1,142,0,0,81,1296,0.062,48,82.56,1.26,3.04,2741,1.0,0.333,5,0.0,9.9e-05,0
acc_2784,8,0.032,1,47,1,1,515,54,9.537,40,33.13,5.03,0.06,1740,0.0741,0.241,4,0.0,2.2e-05,0
acc_2785,11,0.076,1,135,0,0,401,35,11.457,55,51.94,9.6,0.63,469,0.1535,0.258,3,0.0,9e-06,0
acc_2786,7,0.066,1,31,1,1,563,57,9.877,58,11.59,0.14,1.92,1705,0.0208,0.124,4,0.0,2.4e-05,0
acc_2787,14,0.099,1,69,0,0,279,121,2.306,53,27.86,1.47,1.79,456,0.1051,0.326,4,0.0,1.5e-05,0
acc_2788,10,0.109,0,93,0,1,302,62,4.871,49,84.63,0.66,0.56,367,0.2824,0.232,3,0.3333,9.5e-05,0
acc_2789,11,0.078,1,14,0,1,830,141,5.887,48,6.01,2.42,1.54,1408,0.0101,0.282,3,0.0,1.7e-05,0
acc_2790,7,0.108,1,99,1,0,293,833,0.352,48,118.85,0.02,8.5,2283,0.4057,0.257,3,0.0,4.5e-05,0
acc_2791,11,0.128,1,37,0,1,34,626,0.054,46,9.94,0.36,6.34,2805,0.3029,0.246,7,0.0,0.000316,0
acc_2792,8,0.17,1,99,0,0,83,432,0.192,52,23.72,0.13,6.75,1646,0.2874,0.276,5,0.0,3.5e-05,0
acc_2793,11,0.54,0,13,0,0,110,295,0.373,0,0.31,0.05,0.39,125,0.0033,0.801,12,0.0,0.000214,1
acc_2794,7,0.041,1,108,0,0,85,517,0.164,46,4.11,5.63,3.5,2246,0.1145,0.084,3,0.3333,1.6e-05,0
acc_2795,8,0.378,1,3,0,1,28,1576,0.018,3,0.05,0.53,0.62,96,0.0207,0.592,8,0.0,0.000117,1
acc_2796,12,0.165,1,34,0,0,71,32,2.219,51,1.75,4.04,3.34,2293,0.0816,0.075,6,0.0,6.2e-05,0
acc_2797,14,0.343,0,9,0,0,52,407,0.128,1,0.69,0.06,0.35,153,0.0143,0.818,10,0.0,0.000125,1
acc_2798,6,0.013,1,44,1,0,183,317,0.577,39,51.71,2.53,5.36,836,0.2964,0.109,3,0.0,1.2e-05,0
acc_2799,15,0.345,0,7,0,1,35,2178,0.016,0,1.37,0.13,0.57,85,0.0428,0.716,13,0.0,0.000429,1
acc_2800,5,0.056,1,32,0,1,17,279,0.061,52,36.16,0.72,2.45,2327,1.0,0.144,4,0.0,2e-05,0
acc_2801,11,0.124,1,23,0,0,1443,310,4.655,44,45.51,1.91,0.32,1301,0.0329,0.129,7,0.0,0.000134,0
acc_2802,10,0.11,1,132,0,0,177,48,3.688,52,3.37,9.3,4.1,1891,0.0715,0.074,6,0.0,7.3e-05,0
acc_2803,19,0.677,0,7,0,1,59,238,0.248,2,0.01,0.02,0.37,48,0.0005,0.808,14,0.0,0.001245,1
acc_2804,8,0.133,1,69,1,1,225,243,0.926,45,24.86,0.65,3.34,2881,0.1134,0.097,4,0.0,3.6e-05,0
acc_2805,17,0.404,1,6,1,0,133,523,0.254,4,0.11,0.4,1.14,64,0.0039,0.871,15,0.0,0.000513,1
acc_2806,11,0.119,1,95,1,0,26,138,0.188,41,2.33,0.05,0.42,543,0.0916,0.138,6,0.0,4.1e-05,0
acc_2807,17,0.687,0,13,0,1,22,1179,0.019,0,1.3,0.5,0.57,91,0.0815,0.52,13,0.0,0.000226,1
acc_2808,12,0.036,1,122,0,0,636,102,6.235,46,21.9,10.98,3.86,448,0.0517,0.205,3,0.0,1.9e-05,0
acc_2809,12,0.058,1,136,1,0,2433,1107,2.198,48,26.46,0.48,0.51,2610,0.0111,0.167,5,0.0,4.9e-05,0
acc_2810,14,0.69,1,5,0,1,26,2301,0.011,3,1.55,0.05,0.56,159,0.0615,0.41,14,0.0,0.000277,1
acc_2811,14,0.462,0,8,0,1,5,2145,0.002,2,0.27,0.34,0.93,100,0.1232,0.622,20,0.0,0.000759,1
acc_2812,8,0.124,1,46,1,0,1071,393,2.725,48,24.29,6.3,4.47,1609,0.0286,0.156,3,0.0,1.6e-05,0
acc_2813,11,0.058,1,122,1,0,139,134,1.037,47,37.6,11.65,0.53,620,0.3543,0.19,3,0.0,2e-05,0
acc_2814,14,0.196,1,147,0,0,553,236,2.343,63,38.88,2.36,2.82,1612,0.0746,0.271,3,0.0,2.4e-05,0
acc_2815,13,0.558,1,12,1,1,64,1589,0.04,1,5.41,0.84,0.29,40,0.0976,0.876,9,0.0278,0.000233,1
acc_2816,10,0.022,1,66,0,0,117,76,1.539,42,56.92,2.77,0.98,2281,0.5102,0.062,3,0.3333,7.4e-05,0
acc_2817,11,0.049,1,22,0,1,37,43,0.86,54,106.5,6.84,1.61,1846,1.0,0.291,7,0.0,0.000107,0
acc_2818,12,0.11,1,11,0,1,216,247,0.874,34,0.75,2.22,1.58,902,0.0137,0.294,3,0.0,4.6e-05,0
acc_2819,11,0.172,1,56,0,0,292,380,0.768,41,0.7,1.85,2.76,2796,0.0087,0.293,3,0.0,1.6e-05,0
acc_2820,10,0.042,1,85,1,0,47,300,0.157,42,24.34,7.58,2.97,2875,0.6792,0.218,3,0.0,6e-06,0
acc_2821,10,0.134,1,120,0,1,180,259,0.695,41,5.34,1.89,2.18,2688,0.0402,0.199,4,0.0,2e-05,0
acc_2822,9,0.011,1,139,0,1,136,59,2.305,48,1.72,0.3,3.2,1559,0.0149,0.337,5,0.1,0.000232,0
acc_2823,6,0.052,1,25,0,0,509,28,18.179,42,33.19,1.56,1.31,1741,0.0683,0.191,7,0.0476,0.000198,0
acc_2824,13,0.393,0,13,0,1,157,314,0.5,5,3.02,0.56,0.58,79,0.0228,0.571,17,0.0147,0.000953,1
acc_2825,10,0.191,1,46,1,0,1844,147,12.544,37,15.09,1.63,3.15,2017,0.0091,0.093,3,0.0,1.6e-05,0
acc_2826,12,0.329,0,8,0,1,48,2495,0.019,2,4.24,0.25,0.35,92,0.0935,0.627,12,0.0,0.000305,1
acc_2827,7,0.011,1,136,1,1,457,140,3.264,41,2.73,0.63,6.0,2221,0.0073,0.073,6,0.0,7.8e-05,0
acc_2828,10,0.08,1,125,0,0,49,288,0.17,50,5.36,2.79,4.26,2523,0.1664,0.204,3,0.0,3e-06,0
acc_2829,15,0.36,0,9,0,0,25,1833,0.014,2,0.02,0.04,0.21,108,0.0022,0.639,12,0.0152,0.000445,1
acc_2830,4,0.015,1,119,1,0,179,330,0.542,45,1.71,0.22,0.71,1422,0.0108,0.327,4,0.0,3e-05,0
acc_2831,8,0.125,1,101,0,1,401,423,0.948,38,55.74,3.32,0.85,540,0.1473,0.207,4,0.0,3.3e-05,0
acc_2832,14,0.056,0,126,1,0,76,287,0.265,44,52.66,1.14,0.6,2566,0.7079,0.326,4,0.0,3.5e-05,0
acc_2833,5,0.191,1,130,0,1,651,88,7.398,47,80.51,3.48,2.05,1595,0.129,0.323,4,0.0,0.000121,0
acc_2834,11,0.113,1,89,1,0,16,593,0.027,51,28.69,1.56,2.41,2867,1.0,0.267,5,0.0,2.1e-05,0
acc_2835,13,0.668,0,1,0,1,16,303,0.053,1,1.22,0.39,1.62,190,0.1003,0.727,14,0.022,0.000835,1
acc_2836,10,0.547,0,7,0,1,9,830,0.011,4,0.02,0.19,0.99,162,0.0242,0.406,16,0.0,0.000352,1
acc_2837,10,0.365,1,12,0,0,2,1083,0.002,3,0.96,0.12,0.05,155,0.5376,0.575,12,0.0,0.000462,1
acc_2838,11,0.59,1,9,0,1,36,358,0.101,2,0.58,0.09,0.05,70,0.0187,0.437,7,0.0,3.7e-05,1
acc_2839,11,0.188,1,36,1,1,123,296,0.416,50,66.09,1.33,4.33,1955,0.5481,0.163,5,0.0,0.000484,0
acc_2840,5,0.19,1,128,0,1,595,369,1.612,43,20.56,15.92,7.51,431,0.0613,0.098,3,0.0,8e-06,0
acc_2841,11,0.106,1,50,1,0,18,131,0.137,37,30.01,5.73,6.19,2193,1.0,0.192,6,0.0,0.000108,0
acc_2842,4,0.126,1,12,0,0,62,115,0.539,48,1.88,1.06,2.23,1702,0.0473,0.053,6,0.0,9.4e-05,0
acc_2843,8,0.104,1,24,1,1,121,274,0.442,45,49.92,0.01,1.85,2277,0.4126,0.321,3,0.0,3.2e-05,0
acc_2844,13,0.087,1,120,1,1,68,283,0.24,57,13.7,0.05,1.14,2443,0.2023,0.246,4,0.0,6.9e-05,0
acc_2845,9,0.144,1,28,1,1,1081,331,3.266,43,57.29,0.76,1.65,180,0.0537,0.21,3,0.0,4e-06,0
acc_2846,5,0.059,0,10,0,0,790,602,1.312,46,63.93,6.15,0.61,1148,0.0887,0.275,4,0.0,6.2e-05,0
acc_2847,6,0.087,1,15,0,1,92,786,0.117,52,93.63,4.78,2.46,1378,1.0,0.153,5,0.0,0.000109,0
acc_2848,10,0.744,1,7,1,1,185,570,0.325,0,0.25,0.13,1.21,137,0.002,0.404,10,0.0,0.000121,1
acc_2849,7,0.029,1,42,1,0,296,625,0.474,45,14.53,0.05,0.39,1970,0.0493,0.123,4,0.0,9.6e-05,0
acc_2850,14,0.194,1,149,0,0,80,102,0.784,39,25.96,0.54,4.07,2521,0.3312,0.183,4,0.0,5.6e-05,0
acc_2851,19,0.741,0,2,0,1,46,335,0.137,3,0.9,0.5,0.39,184,0.0304,0.543,9,0.0,6e-05,1
acc_2852,11,0.681,1,3,0,0,5,1654,0.003,1,2.45,0.3,0.16,74,0.5482,0.695,10,0.0,0.000311,1
acc_2853,18,0.665,0,0,0,0,57,309,0.184,5,0.39,0.2,0.07,145,0.0103,0.579,14,0.0,0.000379,1
acc_2854,10,0.112,1,35,1,0,1017,278,3.658,44,90.53,0.08,2.43,1871,0.0891,0.188,3,0.0,2.4e-05,0
acc_2855,13,0.026,1,27,0,1,144,473,0.304,49,36.86,2.27,6.49,1260,0.2717,0.197,4,0.0,5.1e-05,0
acc_2856,13,0.05,1,88,1,1,116,133,0.872,47,26.98,5.82,4.88,1895,0.2827,0.248,3,0.0,6.8e-05,0
acc_2857,4,0.181,1,22,0,0,318,35,9.086,57,39.91,3.92,7.75,1060,0.1378,0.253,3,0.0,1.7e-05,0
acc_2858,7,0.154,1,47,0,1,239,114,2.096,50,26.61,2.88,14.52,650,0.1234,0.093,4,0.0,2.4e-05,0
acc_2859,8,0.027,1,53,0,0,1302,75,17.36,52,40.16,0.46,1.52,2715,0.0312,0.101,5,0.0,5.5e-05,0
acc_2860,11,0.196,1,44,1,0,418,198,2.111,42,18.93,4.13,7.54,1746,0.0552,0.066,5,0.1,3.9e-05,0
acc_2861,9,0.024,1,28,0,0,552,161,3.429,38,173.69,8.92,2.39,1230,0.3308,0.183,3,0.0,1.1e-05,0
acc_2862,13,0.19,1,86,1,0,94,39,2.41,49,16.26,6.37,5.66,1219,0.2407,0.195,3,0.0,0.000105,0
acc_2863,13,0.026,1,89,0,1,35,341,0.103,42,10.19,5.05,1.41,1704,0.4355,0.089,3,0.0,7.7e-05,0
acc_2864,6,0.029,1,40,0,1,2135,334,6.392,52,2.76,3.41,3.57,2358,0.0029,0.24,3,0.0,6.6e-05,0
acc_2865,4,0.079,1,101,0,1,131,19,6.895,57,2.7,3.45,1.11,2536,0.047,0.232,3,0.0,6.8e-05,0
acc_2866,5,0.099,1,45,0,0,4227,106,39.877,45,94.2,4.2,1.14,921,0.0233,0.13,5,0.0,0.000113,0
acc_2867,9,0.029,1,50,0,1,574,161,3.565,35,17.91,5.56,6.07,2039,0.0409,0.331,4,0.0,5.6e-05,0
acc_2868,12,0.063,1,108,1,1,110,61,1.803,45,0.17,0.17,4.38,1569,0.0031,0.273,4,0.0,5.8e-05,0
acc_2869,9,0.521,1,4,0,1,19,3235,0.006,2,0.2,0.23,0.46,19,0.0228,0.854,11,0.0545,0.001412,1
acc_2870,12,0.027,1,146,0,1,52,35,1.486,35,37.28,5.67,7.03,800,0.826,0.128,5,0.1,0.000108,0
acc_2871,19,0.758,1,4,0,0,10,1673,0.006,2,1.16,0.05,1.41,100,0.1205,0.608,18,0.0,0.000498,1
acc_2872,18,0.473,1,7,0,1,38,248,0.153,1,2.17,0.21,0.07,106,0.0627,0.688,13,0.0,0.000676,1
acc_2873,14,0.196,1,118,1,0,486,132,3.682,42,5.8,4.96,1.45,679,0.0221,0.062,3,0.0,3.9e-05,0
acc_2874,6,0.098,1,28,1,1,582,94,6.191,35,66.24,1.12,3.69,2822,0.1157,0.11,8,0.0,0.000176,0
acc_2875,4,0.122,1,12,1,1,49,133,0.368,52,37.96,1.52,1.7,2082,0.8058,0.279,4,0.0,2e-05,0
acc_2876,12,0.081,1,51,0,1,130,158,0.823,54,10.39,2.53,4.03,542,0.0994,0.262,3,0.0,0.000596,0
acc_2877,12,0.014,1,139,0,0,35,474,0.074,43,6.9,7.64,4.03,2925,0.4154,0.256,3,0.0,2.3e-05,0
acc_2878,8,0.6,1,13,0,0,165,1389,0.119,2,2.64,0.32,0.86,177,0.018,0.601,10,0.0222,0.003015,1
acc_2879,8,0.04,1,87,1,1,25,75,0.333,41,45.72,6.84,4.31,595,1.0,0.277,4,0.0,6.8e-05,0
acc_2880,13,0.02,1,48,0,0,966,52,18.577,42,155.62,6.97,2.61,1362,0.1683,0.149,7,0.0,0.000103,0
acc_2881,11,0.003,1,88,0,0,41,544,0.075,54,0.16,7.45,1.01,2297,0.1858,0.225,3,0.0,1.9e-05,0
acc_2882,14,0.044,1,81,0,0,390,245,1.592,39,23.71,2.13,4.49,2464,0.0663,0.209,5,0.0,4.5e-05,0
acc_2883,10,0.187,0,148,1,0,404,620,0.652,44,4.48,4.09,6.38,1689,0.0212,0.157,5,0.0,8.1e-05,0
acc_2884,9,0.118,1,87,0,0,1693,200,8.465,50,9.39,4.78,4.59,1245,0.0084,0.163,4,0.0,1.3e-05,0
acc_2885,15,0.544,1,8,0,1,30,1962,0.015,1,0.76,0.04,0.06,76,0.0267,0.54,13,0.0385,0.00039,1
acc_2886,12,0.754,0,12,0,1,10,471,0.021,3,1.17,0.03,2.43,71,0.1197,0.83,9,0.0278,8.5e-05,1
acc_2887,9,0.031,1,134,0,1,369,146,2.527,46,23.69,5.06,0.08,1827,0.0779,0.076,3,0.0,1.7e-05,0
acc_2888,12,0.129,1,43,1,0,1862,1404,1.326,50,38.06,15.61,5.29,2580,0.0288,0.183,3,0.0,0.000175,0
acc_2889,9,0.181,1,42,0,0,2365,159,14.874,45,26.73,4.84,3.46,1497,0.0133,0.096,3,0.0,7e-06,0
acc_2890,7,0.042,1,23,1,0,459,35,13.114,37,14.36,11.92,9.85,271,0.0573,0.266,3,0.0,4.2e-05,0
acc_2891,9,0.026,1,72,1,0,49,62,0.79,43,3.35,0.93,3.07,1451,0.0873,0.244,4,0.0,2.3e-05,0
acc_2892,10,0.1,1,132,1,0,605,82,7.378,37,30.72,5.39,3.1,1285,0.0597,0.062,5,0.0,8.2e-05,0
acc_2893,6,0.135,1,39,1,1,195,166,1.175,39,0.49,3.92,3.21,771,0.0226,0.09,4,0.0,0.000452,0
acc_2894,10,0.09,1,134,0,0,1358,158,8.595,35,13.44,7.32,4.52,2184,0.0153,0.195,3,0.0,1.5e-05,0
acc_2895,4,0.091,1,70,1,1,334,108,3.093,37,33.25,8.91,0.71,200,0.1262,0.33,4,0.0,0.000158,0
acc_2896,7,0.194,1,130,0,1,1933,36,53.694,46,38.76,0.19,0.68,2177,0.0201,0.336,3,0.0,8e-06,0
acc_2897,11,0.426,1,6,0,1,120,238,0.504,1,0.11,0.22,0.01,83,0.0028,0.847,12,0.0,0.000459,1
acc_2898,10,0.005,1,118,0,0,789,29,27.207,46,3.98,13.95,0.58,2420,0.0227,0.103,3,0.0,2e-05,0
acc_2899,6,0.108,1,45,1,0,61,162,0.377,38,1.25,0.47,0.73,1546,0.0283,0.341,4,0.0,9.8e-05,0
acc_2900,11,0.056,1,99,0,1,2302,370,6.222,47,6.72,7.35,1.19,2590,0.0061,0.165,4,0.0,0.000268,0
acc_2901,19,0.606,0,1,0,1,108,2198,0.049,1,2.09,0.93,0.49,27,0.0279,0.572,8,0.0,0.000312,1
acc_2902,4,0.165,1,22,0,1,431,120,3.592,55,4.25,0.33,2.07,574,0.0106,0.059,3,0.0,2.2e-05,0
acc_2903,8,0.128,1,97,0,1,165,91,1.813,51,10.84,2.03,0.38,2372,0.078,0.147,3,0.0,1.4e-05,0
acc_2904,16,0.795,0,7,0,1,92,1449,0.063,2,6.26,0.08,1.47,119,0.0689,0.849,9,0.0,0.000222,1
acc_2905,11,0.053,1,14,0,1,458,79,5.797,42,1.69,0.92,1.76,2061,0.0057,0.23,4,0.0,0.000173,0
acc_2906,18,0.315,0,8,0,1,116,375,0.309,5,0.52,0.22,1.29,53,0.0064,0.826,7,0.0,9.1e-05,1
acc_2907,18,0.58,1,2,0,1,66,276,0.239,2,1.95,0.25,0.39,134,0.0334,0.638,17,0.0,0.000584,1
acc_2908,8,0.775,0,6,0,0,52,1392,0.037,0,0.08,0.25,0.44,98,0.0062,0.533,9,0.0278,0.000265,1
acc_2909,8,0.501,1,9,0,0,47,4340,0.011,4,0.92,0.03,0.5,36,0.0201,0.894,6,0.0,0.000312,1
acc_2910,14,0.395,0,10,1,1,14,932,0.015,2,0.99,0.47,0.11,119,0.1039,0.524,15,0.0,0.000244,1
acc_2911,10,0.77,0,4,0,0,17,471,0.036,4,0.12,0.24,0.17,25,0.0213,0.453,13,0.0385,0.0005,1
acc_2912,16,0.331,0,10,0,1,17,367,0.046,3,1.38,0.06,0.56,190,0.0849,0.597,12,0.0,0.000622,1
acc_2913,8,0.02,1,25,1,1,423,1083,0.391,48,28.34,1.11,0.44,180,0.0696,0.252,4,0.0,3e-05,0
acc_2914,6,0.166,1,14,0,1,4758,85,55.976,48,66.92,0.72,1.52,729,0.0142,0.335,4,0.0,4.1e-05,0
acc_2915,14,0.116,1,139,1,0,123,115,1.07,46,102.6,3.58,1.01,984,0.8633,0.233,3,0.0,5e-05,0
acc_2916,14,0.145,1,17,1,0,340,386,0.881,47,24.93,1.77,0.45,2873,0.0785,0.216,6,0.0,0.000104,0
acc_2917,4,0.039,1,20,1,0,262,405,0.647,46,17.89,10.82,0.76,2855,0.1096,0.185,3,0.0,4e-06,0
acc_2918,14,0.115,1,91,1,1,185,416,0.445,53,8.05,5.96,1.56,2921,0.0757,0.313,3,0.0,3.3e-05,0
acc_2919,5,0.117,1,60,1,1,39,145,0.269,44,63.3,1.64,0.15,974,1.0,0.053,5,0.0,0.000147,0
acc_2920,11,0.017,1,89,0,1,46,39,1.179,38,30.3,3.48,5.83,2448,0.7344,0.272,3,0.0,8e-06,0
acc_2921,14,0.593,0,10,0,0,83,1102,0.075,5,6.67,0.15,0.06,157,0.0822,0.777,16,0.0083,0.001521,1
acc_2922,5,0.152,1,58,0,1,117,150,0.78,40,114.79,5.22,0.18,1606,1.0,0.194,5,0.0,1.5e-05,0
acc_2923,18,0.735,1,8,0,0,30,572,0.052,0,0.36,0.17,0.88,141,0.0179,0.452,10,0.0222,0.000145,1
acc_2924,13,0.151,0,58,0,0,52,117,0.444,41,19.49,4.12,3.25,1612,0.4541,0.305,3,0.0,9e-06,0
acc_2925,15,0.349,0,6,0,0,206,1433,0.144,3,0.89,0.13,0.12,29,0.005,0.688,11,0.0364,0.000215,1
acc_2926,10,0.15,1,29,1,1,280,18,15.556,51,14.23,1.57,3.26,2693,0.0564,0.069,3,0.0,6.9e-05,0
acc_2927,13,0.071,1,11,1,1,944,182,5.187,38,29.72,1.28,0.55,944,0.0328,0.074,4,0.0,0.000105,0
acc_2928,7,0.011,1,13,0,0,94,73,1.288,41,79.12,8.66,2.87,1029,0.9338,0.338,4,0.0,9.4e-05,0
acc_2929,11,0.065,1,110,0,0,49,81,0.605,45,32.09,1.14,2.74,1736,0.6783,0.293,4,0.0,8.2e-05,0
acc_2930,7,0.093,1,74,1,1,771,65,11.862,49,41.89,3.8,2.2,1677,0.0593,0.063,3,0.0,1.2e-05,0
acc_2931,9,0.63,0,10,0,0,0,260,0.0,1,0.62,0.36,1.6,119,0.9768,0.633,12,0.0,0.000405,1
acc_2932,7,0.126,1,103,0,0,204,44,4.636,42,9.46,5.33,1.02,889,0.0725,0.289,6,0.0,0.000159,0
acc_2933,8,0.134,1,19,0,0,43,138,0.312,47,47.86,10.19,1.46,1022,1.0,0.14,3,0.0,4e-06,0
acc_2934,14,0.693,1,10,0,1,30,504,0.06,1,0.89,0.09,0.13,104,0.0328,0.769,12,0.0,0.000361,1
acc_2935,10,0.108,1,117,1,0,759,553,1.373,55,6.49,1.67,2.03,1233,0.0107,0.19,3,0.0,1.8e-05,0
acc_2936,13,0.146,1,15,1,0,31,190,0.163,47,36.42,1.43,3.77,2654,1.0,0.225,4,0.0,3e-05,0
acc_2937,16,0.348,1,12,0,1,8,402,0.02,2,4.4,0.05,0.21,140,0.557,0.626,16,0.0083,0.000514,1
acc_2938,12,0.481,1,6,0,0,0,1254,0.0,2,0.54,0.04,0.33,117,0.5769,0.668,14,0.011,0.001464,1
acc_2939,14,0.02,1,99,0,0,32,117,0.274,60,29.74,11.85,1.5,1185,1.0,0.15,5,0.0,5e-05,0
acc_2940,6,0.188,1,33,1,1,458,52,8.808,49,13.18,0.5,3.93,440,0.0299,0.058,4,0.0,5.4e-05,0
acc_2941,13,0.2,1,38,0,0,183,168,1.089,59,55.34,0.25,2.31,1804,0.3037,0.264,5,0.0,1.2e-05,0
acc_2942,14,0.131,1,131,1,1,121,48,2.521,39,4.47,13.49,7.11,1569,0.1485,0.182,4,0.0,4e-06,0
acc_2943,13,0.13,1,11,0,0,292,125,2.336,38,22.48,2.61,3.11,2404,0.0859,0.307,3,0.0,8e-06,0
acc_2944,5,0.065,1,60,1,0,394,118,3.339,27,9.61,2.31,2.19,1310,0.0303,0.134,4,0.0,9e-06,0
acc_2945,11,0.097,1,58,0,0,1448,64,22.625,54,43.77,9.62,0.39,2845,0.0369,0.25,3,0.0,1.2e-05,0
acc_2946,9,0.521,0,2,0,1,37,1147,0.032,3,0.76,0.21,0.02,83,0.0261,0.852,10,0.0,0.000324,1
acc_2947,9,0.732,0,3,0,1,52,561,0.093,3,2.56,0.1,0.16,26,0.0513,0.687,9,0.0,0.000421,1
acc_2948,14,0.185,1,139,0,0,60,374,0.16,41,7.52,1.82,0.18,336,0.1556,0.247,3,0.0,1.3e-05,0
acc_2949,11,0.106,1,60,0,0,3851,94,40.968,54,54.46,6.22,5.21,1508,0.0158,0.339,3,0.0,7e-06,0
acc_2950,13,0.011,0,49,1,0,792,229,3.459,40,13.16,1.33,2.14,2960,0.0183,0.305,4,0.0,8.2e-05,0
acc_2951,8,0.135,1,136,1,1,420,158,2.658,61,25.89,0.49,3.46,1057,0.0628,0.315,4,0.0,5.5e-05,0
acc_2952,10,0.091,1,20,0,1,49,80,0.613,45,9.28,3.83,0.23,2488,0.2676,0.166,3,0.0,7e-06,0
acc_2953,14,0.114,1,123,0,0,386,160,2.413,40,46.62,1.07,1.99,2394,0.1235,0.34,3,0.0,2e-06,0
acc_2954,7,0.028,1,83,0,1,28,141,0.199,60,4.59,1.13,0.24,1621,0.2041,0.144,6,0.0,5.7e-05,0
acc_2955,18,0.341,1,13,1,1,57,684,0.083,2,0.53,0.12,0.02,95,0.0114,0.81,9,0.0,6.1e-05,1
acc_2956,10,0.103,1,124,0,1,812,34,23.882,50,22.9,2.19,0.36,924,0.0309,0.187,3,0.0,6e-06,0
acc_2957,5,0.13,1,50,0,0,31,78,0.397,51,9.93,3.36,0.01,318,0.4288,0.093,4,0.0,6.5e-05,0
acc_2958,5,0.039,1,75,0,0,149,213,0.7,39,136.5,1.26,0.97,240,0.9246,0.294,3,0.0,3.4e-05,0
acc_2959,8,0.199,0,87,1,1,648,75,8.64,61,66.65,3.53,1.51,384,0.1083,0.099,4,0.0,0.000286,0
acc_2960,13,0.441,1,14,0,1,29,1663,0.017,4,1.41,0.1,0.01,141,0.052,0.849,21,0.0095,0.000533,1
acc_2961,12,0.079,1,51,0,0,271,64,4.234,64,10.55,0.44,7.06,1928,0.0405,0.26,4,0.0,5.7e-05,0
acc_2962,8,0.179,1,15,1,0,548,558,0.982,30,24.4,0.5,6.17,2845,0.0454,0.12,3,0.0,1.3e-05,0
acc_2963,10,0.03,1,142,0,1,543,93,5.839,41,8.65,0.29,8.27,908,0.0165,0.297,3,0.0,6.3e-05,0
acc_2964,10,0.165,1,115,0,0,1555,15,103.667,39,73.23,5.28,0.44,627,0.0505,0.335,3,0.0,2.3e-05,0
acc_2965,8,0.028,1,43,1,0,46,15,3.067,43,48.91,0.05,1.04,2056,1.0,0.193,4,0.0,0.000119,0
acc_2966,14,0.438,1,0,0,1,11,295,0.037,1,0.2,0.0,0.07,34,0.0182,0.633,8,0.0357,0.000305,1
acc_2967,7,0.043,1,21,0,0,312,18,17.333,47,49.74,3.51,3.28,479,0.1707,0.203,3,0.0,4.4e-05,0
acc_2968,11,0.402,1,12,0,0,70,1726,0.041,1,4.41,0.04,0.26,198,0.0637,0.535,12,0.0152,0.000373,1
acc_2969,12,0.12,1,90,1,0,614,190,3.232,46,12.73,2.19,1.51,334,0.0243,0.066,4,0.0,6e-05,0
acc_2970,9,0.665,0,2,0,1,167,1065,0.157,1,0.99,0.01,0.72,156,0.006,0.697,11,0.0,0.00021,1
acc_2971,14,0.424,0,6,0,0,45,1259,0.036,1,0.67,0.81,0.22,22,0.033,0.497,9,0.0,0.000677,1
acc_2972,11,0.128,1,44,1,1,894,138,6.478,44,6.21,0.22,0.52,2580,0.0072,0.186,3,0.3333,6e-06,0
acc_2973,10,0.494,0,9,0,0,95,291,0.326,4,3.41,0.24,0.47,147,0.0384,0.864,7,0.0476,7.6e-05,1
acc_2974,13,0.159,1,86,0,0,1,266,0.004,62,11.72,7.28,1.49,2390,1.0,0.194,3,0.0,2.9e-05,0
acc_2975,10,0.155,1,40,1,1,572,218,2.624,52,49.39,18.3,2.7,1195,0.1183,0.251,3,0.0,1.4e-05,0
acc_2976,14,0.64,0,11,0,1,37,202,0.183,1,1.21,1.44,1.06,182,0.0717,0.865,10,0.0,0.000157,1
acc_2977,15,0.551,0,4,0,1,5,548,0.009,0,2.22,0.12,0.67,36,0.468,0.863,12,0.0152,0.000275,1
acc_2978,7,0.18,1,58,0,1,693,68,10.191,53,16.36,5.4,0.36,2412,0.0314,0.193,4,0.0,6.8e-05,0
acc_2979,11,0.145,1,143,0,1,3349,39,85.872,40,1.76,2.64,1.27,1457,0.0013,0.317,5,0.0,8e-05,0
acc_2980,12,0.109,1,12,0,0,447,229,1.952,37,18.83,3.38,3.13,1914,0.0497,0.165,3,0.0,4.4e-05,0
acc_2981,9,0.005,1,13,0,0,262,168,1.56,41,65.44,8.19,0.06,1216,0.281,0.092,3,0.0,2.6e-05,0
acc_2982,15,0.598,0,6,0,0,23,572,0.04,2,3.77,0.83,0.76,68,0.2003,0.482,15,0.0,0.000768,1
acc_2983,9,0.145,1,122,0,1,137,138,0.993,46,26.29,0.52,5.08,2399,0.1958,0.209,4,0.0,1.6e-05,0
acc_2984,14,0.181,1,44,0,1,413,386,1.07,40,2.51,3.78,9.19,232,0.0152,0.154,4,0.0,1.4e-05,0
acc_2985,7,0.066,1,92,1,1,65,169,0.385,42,66.24,0.07,2.69,2125,1.0,0.052,3,0.0,9e-06,0
acc_2986,7,0.11,1,39,1,1,297,366,0.811,51,30.84,2.07,1.23,1399,0.1108,0.229,3,0.3333,2.2e-05,0
acc_2987,10,0.49,0,3,0,1,4,384,0.01,2,3.93,0.19,0.33,73,1.0,0.506,9,0.0,0.000234,1
acc_2988,13,0.183,1,137,0,1,205,103,1.99,43,0.11,2.67,0.65,2124,0.0136,0.337,5,0.0,0.000773,0
acc_2989,11,0.531,0,8,0,1,59,624,0.095,0,0.96,1.46,0.4,163,0.0411,0.507,12,0.0152,0.000806,1
acc_2990,19,0.643,0,2,0,1,39,1046,0.037,2,1.43,0.03,0.26,125,0.0375,0.599,13,0.0,0.000357,1
acc_2991,7,0.046,1,97,0,0,26,22,1.182,39,17.1,4.43,3.07,1539,0.828,0.076,3,0.0,1.8e-05,0
acc_2992,11,0.003,1,113,0,1,112,86,1.302,47,14.57,10.15,0.08,2035,0.2207,0.15,3,0.0,0.000111,0
acc_2993,19,0.759,0,13,0,1,53,1401,0.038,0,0.03,0.28,0.64,170,0.0058,0.458,9,0.0,0.000289,1
acc_2994,8,0.077,1,106,0,0,379,185,2.049,43,40.13,3.79,3.09,1512,0.1159,0.136,3,0.0,3.9e-05,0
acc_2995,14,0.05,1,80,1,0,874,338,2.586,45,11.29,1.07,2.19,1275,0.0141,0.129,4,0.0,2.2e-05,0
acc_2996,11,0.058,0,79,1,1,261,688,0.379,36,118.7,8.72,3.52,1726,0.4882,0.286,3,0.0,2.2e-05,0
acc_2997,9,0.473,1,12,0,1,3,886,0.003,2,5.0,0.19,0.94,155,1.0,0.733,12,0.0,0.000369,1
acc_2998,14,0.127,1,102,0,0,753,68,11.074,44,42.19,1.18,1.17,2773,0.0576,0.301,3,0.0,4.6e-05,0
acc_2999,11,0.715,0,0,0,0,6,797,0.008,1,0.37,0.15,0.41,115,0.0866,0.491,11,0.0,0.00054,1
acc_3000,14,0.137,1,55,1,0,166,359,0.462,45,16.35,8.1,1.16,1939,0.1473,0.184,3,0.0,0.000129,0
acc_3001,14,0.04,1,101,1,0,1080,284,3.803,41,6.33,12.92,0.79,773,0.0178,0.344,3,0.0,4.6e-05,0
acc_3002,12,0.132,1,42,1,1,555,119,4.664,46,62.59,3.16,1.82,2091,0.1185,0.054,4,0.0,1.2e-05,0
acc_3003,10,0.015,1,70,0,1,699,28,24.964,44,50.32,1.71,2.12,846,0.0744,0.172,3,0.0,1.3e-05,0
acc_3004,4,0.053,1,15,1,0,2264,79,28.658,46,22.96,3.42,0.41,2830,0.0117,0.174,3,0.0,5e-06,0
acc_3005,13,0.144,1,115,0,0,21,146,0.144,50,77.03,0.89,6.0,1899,1.0,0.302,4,0.0,2.2e-05,0
acc_3006,13,0.717,0,11,0,1,104,878,0.118,2,3.69,0.25,0.07,144,0.0379,0.42,6,0.0,0.000111,1
acc_3007,8,0.15,1,46,0,0,705,60,11.75,45,62.21,5.59,6.06,1369,0.0962,0.315,3,0.3333,3.2e-05,0
acc_3008,14,0.797,0,8,0,0,45,326,0.138,1,1.32,0.04,0.07,189,0.0302,0.443,13,0.0256,0.000607,1
acc_3009,19,0.438,1,3,1,1,25,806,0.031,2,3.78,0.74,0.07,174,0.1809,0.881,12,0.0,0.000147,1
acc_3010,13,0.049,1,145,1,1,459,60,7.65,44,80.02,4.23,8.38,2012,0.1835,0.177,3,0.0,2.6e-05,0
acc_3011,19,0.497,1,7,0,1,32,1296,0.025,1,0.56,0.24,0.17,130,0.0248,0.724,12,0.0,0.000414,1
acc_3012,19,0.63,1,11,0,1,102,998,0.102,3,0.06,0.58,0.35,54,0.0063,0.542,9,0.0556,0.000265,1
acc_3013,12,0.015,1,142,0,1,780,54,14.444,33,21.56,3.37,0.61,2759,0.032,0.28,3,0.0,5.3e-05,0
acc_3014,8,0.088,1,78,0,0,148,73,2.027,50,55.06,5.62,2.65,1860,0.41,0.207,7,0.0,0.00016,0
acc_3015,18,0.585,0,11,0,1,6,1214,0.005,1,1.08,0.81,0.01,21,0.3151,0.853,8,0.0,7.8e-05,1
acc_3016,18,0.746,0,1,0,1,8,1427,0.006,1,2.23,0.3,0.49,11,0.3156,0.855,14,0.0,0.000544,1
acc_3017,8,0.717,1,5,0,1,7,533,0.013,3,0.99,0.52,0.09,117,0.2154,0.844,9,0.0,0.00092,1
acc_3018,9,0.024,1,57,0,1,364,150,2.427,36,9.87,0.85,1.57,1958,0.0294,0.283,4,0.0,6e-05,0
acc_3019,7,0.086,1,130,0,1,22,155,0.142,51,9.96,1.57,1.51,1779,0.5242,0.205,3,0.0,2.8e-05,0
acc_3020,17,0.649,0,5,0,0,45,2005,0.022,2,5.17,0.48,0.25,92,0.1257,0.737,16,0.0167,0.000774,1
acc_3021,13,0.043,1,145,0,0,2927,201,14.562,44,90.76,4.75,2.91,1264,0.0326,0.17,4,0.0,2.9e-05,0
acc_3022,7,0.092,1,130,0,1,463,823,0.563,58,1.88,0.86,3.38,1520,0.0059,0.179,9,0.0,0.000209,0
acc_3023,8,0.301,1,4,0,1,21,488,0.043,2,6.78,0.09,0.47,45,0.3272,0.477,12,0.0455,0.001488,1
acc_3024,16,0.567,0,11,0,0,50,237,0.211,0,0.69,0.26,0.01,145,0.0189,0.672,16,0.0167,0.000473,1
acc_3025,8,0.037,1,23,1,0,67,286,0.234,49,17.46,0.28,5.13,2833,0.2647,0.321,3,0.0,9e-06,0
acc_3026,13,0.188,1,116,0,0,368,270,1.363,42,6.86,1.5,0.4,2521,0.0227,0.331,3,0.3333,1.4e-05,0
acc_3027,12,0.013,1,121,1,1,64,227,0.282,49,43.33,3.24,0.9,203,0.7276,0.11,3,0.0,4.7e-05,0
acc_3028,13,0.317,1,14,0,0,14,237,0.059,3,4.07,0.01,0.48,67,0.2918,0.495,14,0.011,0.000245,1
acc_3029,13,0.099,1,41,0,1,23,288,0.08,51,14.83,2.68,3.28,2897,0.7615,0.239,3,0.0,8e-06,0
acc_3030,11,0.14,1,84,1,1,2627,956,2.748,31,13.92,3.79,5.5,1959,0.0067,0.122,3,0.0,0.000125,0
acc_3031,7,0.113,1,60,1,0,572,205,2.79,36,17.87,5.05,6.52,2542,0.0401,0.335,4,0.0,1.5e-05,0
acc_3032,16,0.338,0,5,0,1,35,1450,0.024,2,1.92,0.37,0.25,82,0.0654,0.618,17,0.0221,0.002243,1
acc_3033,9,0.628,0,13,0,1,59,838,0.07,2,0.72,0.44,0.08,18,0.0196,0.763,11,0.0,0.000293,1
acc_3034,8,0.517,0,4,0,1,78,1152,0.068,3,1.98,0.16,0.76,108,0.0274,0.753,13,0.0,0.00277,1
acc_3035,14,0.063,1,55,1,0,223,48,4.646,41,52.83,1.81,2.78,1343,0.245,0.153,3,0.0,0.000392,0
acc_3036,7,0.161,1,107,0,0,54,39,1.385,46,17.13,0.42,2.06,2310,0.3251,0.052,3,0.0,3e-06,0
acc_3037,10,0.375,1,14,0,1,111,2430,0.046,2,0.72,0.1,0.03,91,0.0074,0.834,11,0.0182,0.000113,1
acc_3038,12,0.148,1,131,0,0,88,399,0.221,49,11.49,2.58,1.31,420,0.1599,0.087,3,0.0,7.3e-05,0
acc_3039,7,0.155,1,103,0,0,38,130,0.292,34,50.63,2.65,5.56,1264,1.0,0.309,4,0.0,3.5e-05,0
acc_3040,13,0.544,1,4,1,0,73,696,0.105,2,0.08,0.37,0.08,103,0.0062,0.605,18,0.0065,0.000849,1
acc_3041,12,0.633,0,2,1,1,5,1338,0.004,1,6.57,0.76,0.06,41,1.0,0.743,11,0.0182,0.000285,1
acc_3042,15,0.397,1,9,0,1,86,1133,0.076,1,1.58,0.29,0.04,160,0.0218,0.768,17,0.0,0.000613,1
acc_3043,13,0.498,0,5,1,1,37,1230,0.03,1,2.12,0.33,0.15,11,0.0663,0.52,9,0.0,7.5e-05,1
acc_3044,13,0.141,0,122,0,0,861,143,6.021,48,44.54,5.22,1.05,539,0.0578,0.291,4,0.0,3.1e-05,0
acc_3045,15,0.433,0,6,0,0,163,2304,0.071,2,0.8,0.47,0.97,33,0.0078,0.81,10,0.0,0.000345,1
acc_3046,10,0.136,1,36,0,0,74,33,2.242,40,15.34,1.91,2.0,434,0.233,0.171,3,0.0,2.7e-05,0
acc_3047,5,0.172,1,44,0,0,94,52,1.808,49,76.82,10.99,3.52,2262,0.9341,0.119,3,0.0,1.4e-05,0
acc_3048,13,0.016,1,20,1,1,107,26,4.115,35,8.45,1.93,0.93,1747,0.097,0.268,4,0.0,9e-06,0
acc_3049,13,0.069,1,113,0,1,94,199,0.472,53,21.12,4.71,0.57,1942,0.2748,0.235,3,0.0,0.00018,0
acc_3050,8,0.06,1,40,1,0,155,187,0.829,43,8.86,2.8,1.15,2290,0.0752,0.313,3,0.0,6e-06,0
acc_3051,14,0.651,0,14,0,0,27,820,0.033,2,0.2,0.32,0.34,1,0.0191,0.891,9,0.0,8.7e-05,1
acc_3052,12,0.023,1,86,0,1,218,37,5.892,50,4.37,1.52,3.1,2585,0.027,0.215,4,0.0,4e-05,0
acc_3053,6,0.171,1,89,1,0,169,1035,0.163,39,64.12,1.93,3.31,2834,0.3908,0.288,3,0.0,0.000176,0
acc_3054,18,0.785,0,9,0,0,46,988,0.047,1,1.41,0.84,0.08,34,0.049,0.779,11,0.0,0.000383,1
acc_3055,11,0.174,1,55,0,0,144,122,1.18,41,47.67,7.1,1.24,1995,0.3803,0.122,4,0.0,4.6e-05,0
acc_3056,17,0.315,1,12,0,1,74,1629,0.045,3,0.75,0.08,0.26,49,0.0113,0.649,13,0.0,0.000329,1
acc_3057,9,0.14,1,24,1,1,84,275,0.305,34,84.28,3.28,2.72,918,1.0,0.179,4,0.0,6e-05,0
acc_3058,19,0.641,0,13,1,1,84,563,0.149,5,1.86,0.27,1.19,126,0.0253,0.715,12,0.0,0.000227,1
acc_3059,14,0.111,1,107,1,0,127,52,2.442,46,27.93,1.19,7.5,2321,0.2293,0.34,3,0.0,4e-06,0
acc_3060,7,0.054,1,144,0,0,135,139,0.971,56,39.13,3.99,4.53,590,0.3194,0.055,3,0.0,5e-06,0
acc_3061,10,0.065,1,81,0,0,328,1018,0.322,62,44.79,7.23,0.88,877,0.1586,0.138,4,0.0,0.000111,0
acc_3062,10,0.026,0,33,1,0,167,126,1.325,45,55.58,0.16,1.94,1302,0.3338,0.297,3,0.0,2.9e-05,0
acc_3063,9,0.751,0,2,0,1,0,757,0.0,3,0.19,0.8,0.08,178,0.9871,0.893,10,0.0,0.000217,1
acc_3064,9,0.142,1,76,0,1,256,137,1.869,50,54.06,4.23,2.1,654,0.2277,0.23,3,0.0,4.2e-05,0
acc_3065,12,0.176,1,80,0,0,1909,7,272.714,51,18.08,1.68,1.5,738,0.0104,0.23,4,0.0,3.2e-05,0
acc_3066,17,0.481,1,8,0,1,44,667,0.066,2,2.7,0.23,0.25,32,0.0666,0.523,11,0.0,0.000546,1
acc_3067,10,0.086,1,123,0,0,94,157,0.599,46,88.18,10.53,2.87,1439,1.0,0.253,3,0.0,2e-05,0
acc_3068,7,0.126,1,134,0,0,1293,36,35.917,38,7.17,1.76,8.22,2828,0.0069,0.336,3,0.0,0.000317,0
acc_3069,5,0.17,1,72,1,1,160,270,0.593,46,42.62,2.01,6.7,1291,0.279,0.217,3,0.0,0.000143,0
acc_3070,11,0.099,1,116,1,0,59,351,0.168,52,52.24,2.59,0.78,2002,0.9293,0.295,3,0.0,4e-06,0
acc_3071,4,0.067,1,32,1,1,3908,98,39.878,40,27.18,0.16,6.02,1267,0.007,0.063,5,0.0,4.5e-05,0
acc_3072,5,0.058,1,50,1,1,269,622,0.432,55,100.2,1.73,5.93,1460,0.3789,0.052,5,0.0,1.9e-05,0
acc_3073,11,0.173,1,105,0,0,177,450,0.393,37,11.26,1.04,2.1,380,0.0695,0.101,4,0.0,9.1e-05,0
acc_3074,6,0.091,1,118,1,0,2826,194,14.567,60,5.99,2.84,1.63,2531,0.0031,0.218,7,0.0,8.9e-05,0
acc_3075,6,0.003,1,76,0,0,26,50,0.52,46,2.56,5.0,2.63,2186,0.2905,0.197,3,0.0,8e-06,0
acc_3076,8,0.335,0,8,1,1,32,614,0.052,2,0.51,0.28,0.25,94,0.0247,0.638,9,0.0,0.000138,1
acc_3077,6,0.055,1,45,0,0,52,300,0.173,46,144.76,14.06,3.2,1775,1.0,0.108,3,0.0,1.5e-05,0
acc_3078,11,0.085,1,10,0,1,644,43,14.977,43,28.61,3.9,2.44,839,0.0505,0.308,5,0.0,0.002239,0
acc_3079,18,0.334,1,2,0,1,44,479,0.092,0,5.52,0.13,0.39,135,0.1285,0.411,10,0.0,0.000218,1
acc_3080,4,0.087,1,42,0,0,127,114,1.114,39,4.8,4.9,0.89,735,0.0764,0.337,3,0.0,1.1e-05,0
acc_3081,13,0.18,1,94,1,1,220,139,1.583,53,71.71,12.99,0.75,1285,0.385,0.14,4,0.0,1.5e-05,0
acc_3082,5,0.158,1,44,0,0,154,279,0.552,47,30.53,3.86,0.5,961,0.2233,0.169,4,0.0,2.5e-05,0
acc_3083,11,0.168,1,90,0,0,1141,453,2.519,32,19.06,7.51,2.09,1912,0.0233,0.216,4,0.0,3.6e-05,0
acc_3084,9,0.113,1,97,1,1,82,369,0.222,49,12.42,5.15,8.01,1495,0.2142,0.122,3,0.0,1.2e-05,0
acc_3085,13,0.045,1,94,1,1,533,72,7.403,57,180.92,2.23,1.96,646,0.3436,0.256,3,0.0,5e-06,0
acc_3086,12,0.47,0,8,1,1,35,2348,0.015,2,5.9,0.07,0.11,178,0.1707,0.833,12,0.0152,0.0003,1
acc_3087,16,0.437,1,2,0,0,13,1512,0.009,1,6.51,0.06,0.08,66,0.5052,0.55,12,0.0152,0.00036,1
acc_3088,5,0.031,1,30,0,0,123,162,0.759,43,110.23,1.58,4.35,1527,0.909,0.18,3,0.0,7.2e-05,0
acc_3089,12,0.096,0,120,0,1,183,75,2.44,46,0.52,0.44,1.19,2263,0.0052,0.101,3,0.0,1e-06,0
acc_3090,7,0.01,1,15,1,0,185,150,1.233,43,25.28,2.08,4.65,2357,0.1479,0.058,4,0.0,2.2e-05,0
acc_3091,10,0.037,1,74,1,0,252,42,6.0,50,184.7,4.26,3.87,2047,0.7498,0.295,9,0.0,0.000167,0
acc_3092,7,0.023,1,138,0,1,320,294,1.088,55,13.17,1.14,2.11,826,0.0447,0.11,5,0.0,0.000139,0
acc_3093,13,0.622,0,14,0,1,23,514,0.045,0,5.26,0.62,0.25,179,0.2555,0.561,15,0.0,0.000362,1
acc_3094,8,0.511,0,6,0,0,58,782,0.074,2,1.25,0.0,0.19,61,0.0217,0.609,18,0.0065,0.000981,1
acc_3095,13,0.036,1,58,1,0,202,105,1.924,29,167.74,12.89,3.53,566,0.8942,0.14,3,0.0,6.1e-05,0
acc_3096,11,0.119,1,77,0,1,618,195,3.169,33,14.92,0.4,6.5,1432,0.0248,0.249,3,0.0,1.1e-05,0
acc_3097,12,0.041,0,32,1,1,185,333,0.556,28,36.17,9.9,1.76,2970,0.249,0.29,6,0.0667,0.00014,0
acc_3098,12,0.525,1,13,0,1,70,688,0.102,0,0.85,0.17,0.09,61,0.0146,0.557,13,0.0,0.000206,1
acc_3099,13,0.713,0,8,0,1,48,446,0.108,1,0.32,0.61,1.28,61,0.0194,0.768,6,0.0,8.4e-05,1
acc_3100,13,0.177,1,137,0,1,1353,992,1.364,49,3.19,1.34,6.62,2631,0.0034,0.168,3,0.0,8.6e-05,0
acc_3101,6,0.17,1,29,0,1,165,835,0.198,49,44.48,3.96,1.64,700,0.2935,0.068,3,0.0,2.3e-05,0
acc_3102,11,0.2,1,143,0,0,811,88,9.216,43,10.39,9.13,0.59,2286,0.0241,0.243,6,0.0,3.7e-05,0
acc_3103,9,0.119,1,74,1,1,683,262,2.607,41,8.05,0.29,2.6,2464,0.0122,0.255,3,0.0,2.9e-05,0
acc_3104,6,0.036,1,148,0,0,422,27,15.63,43,37.08,1.6,5.27,849,0.0917,0.225,3,0.0,4e-06,0
acc_3105,11,0.149,1,44,0,1,52,275,0.189,48,31.51,4.42,3.55,716,0.691,0.117,3,0.0,2.2e-05,0
acc_3106,10,0.705,1,11,0,1,23,212,0.108,3,3.23,0.06,2.17,138,0.1432,0.785,12,0.0,0.000493,1
acc_3107,14,0.006,1,51,1,1,54,403,0.134,31,6.79,10.29,5.74,815,0.3161,0.232,3,0.0,0.000247,0
acc_3108,11,0.042,1,108,0,0,29,233,0.124,42,42.3,8.7,7.19,410,1.0,0.245,3,0.0,1.3e-05,0
acc_3109,19,0.306,1,5,0,1,11,2035,0.005,2,2.89,0.07,0.72,168,0.2691,0.787,10,0.0222,0.000135,1
acc_3110,11,0.023,1,128,0,1,702,121,5.802,44,15.12,4.09,4.03,2499,0.0274,0.24,3,0.0,1.6e-05,0
acc_3111,12,0.11,1,28,1,0,311,44,7.068,54,124.43,1.57,0.9,1526,0.4051,0.315,6,0.0,6.7e-05,0
acc_3112,7,0.089,1,141,0,0,3186,334,9.539,48,25.68,9.21,1.87,2002,0.011,0.284,4,0.0,7e-05,0
acc_3113,11,0.465,0,12,0,0,17,875,0.019,2,0.6,0.26,0.62,105,0.0505,0.483,11,0.0182,0.000668,1
acc_3114,10,0.178,1,30,0,0,234,488,0.48,49,31.89,6.78,6.84,683,0.1653,0.269,3,0.0,0.00018,0
acc_3115,5,0.194,1,24,1,0,261,162,1.611,49,55.66,0.44,2.32,1612,0.215,0.32,3,0.0,1.4e-05,0
acc_3116,16,0.724,1,6,0,1,71,796,0.089,2,7.01,0.4,0.74,148,0.1044,0.666,11,0.0182,0.000371,1
acc_3117,6,0.052,1,94,1,0,7,76,0.092,52,41.48,2.6,2.62,2781,1.0,0.086,6,0.0,0.000311,0
acc_3118,11,0.035,1,62,0,0,99,88,1.125,47,59.89,4.41,3.65,1181,0.6495,0.163,3,0.3333,0.000113,0
acc_3119,6,0.186,1,62,0,0,436,178,2.449,40,6.29,2.2,8.84,334,0.0195,0.317,3,0.0,7.3e-05,0
acc_3120,6,0.117,1,65,0,0,41,626,0.065,57,36.39,1.88,0.12,2416,0.9333,0.153,3,0.0,5e-05,0
acc_3121,8,0.094,1,37,1,1,326,335,0.973,47,19.54,4.21,3.66,1834,0.0728,0.257,4,0.0,4.4e-05,0
acc_3122,7,0.023,1,122,1,0,631,172,3.669,38,4.09,2.77,5.49,629,0.0109,0.098,3,0.0,0.000138,0
acc_3123,8,0.053,1,112,0,1,463,108,4.287,52,48.22,2.93,2.5,1440,0.1105,0.256,4,0.0,2.9e-05,0
acc_3124,9,0.608,1,4,0,0,15,1708,0.009,2,0.11,0.34,0.16,53,0.0297,0.632,11,0.0182,0.000694,1
acc_3125,4,0.191,1,137,0,1,59,52,1.135,47,175.42,1.35,1.45,2257,1.0,0.243,6,0.0667,0.000142,0
acc_3126,9,0.191,1,134,0,1,346,1672,0.207,51,14.18,5.07,8.31,1296,0.0556,0.26,5,0.0,9.2e-05,0
acc_3127,13,0.153,1,29,0,0,33,159,0.208,39,1.58,0.71,1.66,889,0.0696,0.09,5,0.0,0.000225,0
acc_3128,13,0.514,0,3,0,1,91,1017,0.089,1,4.61,0.93,0.63,65,0.0609,0.669,11,0.0182,0.000804,1
acc_3129,14,0.139,1,29,1,1,413,37,11.162,51,60.57,2.5,1.87,2808,0.1527,0.343,4,0.0,0.000134,0
acc_3130,9,0.042,1,62,0,0,1488,91,16.352,45,24.17,7.44,1.71,930,0.0212,0.333,3,0.0,1e-05,0
acc_3131,4,0.059,0,40,0,0,1177,169,6.964,41,39.87,0.94,7.76,1164,0.0347,0.066,3,0.0,8e-06,0
acc_3132,14,0.095,1,87,0,1,279,51,5.471,38,91.81,6.32,4.57,2651,0.3517,0.114,4,0.0,3.1e-05,0
acc_3133,5,0.074,0,108,0,0,310,265,1.17,59,2.31,0.12,6.92,931,0.0078,0.259,5,0.0,4.5e-05,0
acc_3134,8,0.175,1,133,0,0,938,780,1.203,36,54.13,0.6,2.87,2524,0.0583,0.078,3,0.0,9e-06,0
acc_3135,5,0.07,1,30,0,0,616,43,14.326,47,87.44,5.74,0.9,837,0.1513,0.132,3,0.0,6e-05,0
acc_3136,5,0.027,0,54,1,1,94,173,0.543,45,166.52,4.05,4.92,2447,1.0,0.278,4,0.0,3.5e-05,0
acc_3137,16,0.515,0,13,0,0,107,1926,0.056,2,1.4,0.17,0.53,164,0.0147,0.808,13,0.0256,0.000525,1
acc_3138,4,0.126,1,63,0,0,26,1481,0.018,40,5.18,2.66,5.61,2340,0.3017,0.177,3,0.0,1.9e-05,0
acc_3139,8,0.696,0,6,0,0,14,552,0.025,3,1.75,0.51,1.16,69,0.1618,0.533,9,0.0278,0.000273,1
acc_3140,15,0.418,1,8,0,0,69,1876,0.037,4,2.13,0.37,0.64,172,0.0363,0.75,11,0.0,0.000153,1
acc_3141,16,0.328,0,5,0,1,20,2213,0.009,5,6.01,1.24,0.05,108,0.3629,0.809,13,0.0128,0.00121,1
acc_3142,13,0.038,1,130,0,1,194,13,14.923,43,25.79,0.34,0.96,281,0.1347,0.336,3,0.0,0.000137,0
acc_3143,7,0.139,1,13,0,0,7359,149,49.389,35,18.34,11.5,0.87,2279,0.0041,0.245,5,0.0,6.4e-05,0
acc_3144,14,0.145,0,140,0,0,14,256,0.055,41,5.61,9.24,8.19,2097,1.0,0.248,6,0.0,5.5e-05,0
acc_3145,9,0.118,0,87,0,0,557,46,12.109,54,4.55,0.05,1.56,677,0.0083,0.289,3,0.0,8e-05,0
acc_3146,13,0.048,1,86,1,0,45,575,0.078,49,51.46,0.68,2.93,1192,1.0,0.078,4,0.0,0.000206,0
acc_3147,12,0.068,1,32,0,0,671,81,8.284,38,52.6,2.47,5.51,1722,0.0821,0.229,3,0.0,8.3e-05,0
acc_3148,9,0.023,1,41,0,1,185,107,1.729,46,3.58,0.02,3.48,2587,0.0194,0.301,6,0.0,3.4e-05,0
acc_3149,12,0.192,1,87,1,0,127,205,0.62,46,7.3,1.56,0.59,476,0.0698,0.16,4,0.0,5.9e-05,0
acc_3150,9,0.089,1,119,0,0,157,321,0.489,46,10.52,0.53,8.89,2688,0.0704,0.24,4,0.0,2.7e-05,0
acc_3151,13,0.164,1,26,0,0,77,711,0.108,32,31.82,1.88,0.02,1228,0.4377,0.145,4,0.0,0.000116,0
acc_3152,10,0.457,1,0,0,1,49,496,0.099,0,2.09,0.34,0.62,192,0.0496,0.658,10,0.0,0.000133,1
acc_3153,5,0.176,1,88,1,1,389,154,2.526,37,3.99,1.75,4.22,2173,0.0148,0.224,5,0.0,1e-05,0
acc_3154,10,0.697,0,10,0,1,4,2132,0.002,1,0.73,0.6,0.24,112,0.3345,0.432,14,0.011,0.000884,1
acc_3155,14,0.028,1,74,0,1,146,74,1.973,32,5.62,7.46,7.77,2912,0.0896,0.083,4,0.0,5.2e-05,0
acc_3156,11,0.149,1,43,0,0,271,124,2.185,41,3.87,2.96,1.41,752,0.0252,0.106,6,0.0,8.9e-05,0
acc_3157,11,0.195,1,80,0,0,75,227,0.33,40,37.45,1.51,4.44,2926,0.5195,0.214,3,0.0,4e-06,0
acc_3158,10,0.635,0,12,0,0,3,3048,0.001,4,0.01,1.21,0.5,113,0.4073,0.818,14,0.0,0.001013,1
acc_3159,9,0.074,1,131,1,1,216,328,0.659,46,53.81,5.34,4.02,2050,0.2738,0.248,3,0.0,3.5e-05,0
acc_3160,11,0.002,1,107,0,0,144,200,0.72,44,113.58,1.25,0.92,1551,0.7974,0.32,4,0.0,2.2e-05,0
acc_3161,8,0.056,1,97,0,0,1047,38,27.553,46,76.55,6.9,4.51,319,0.0797,0.116,6,0.0,0.000691,0
acc_3162,6,0.169,1,119,0,1,99,167,0.593,43,27.43,16.56,5.45,2793,0.4444,0.266,3,0.0,1.6e-05,0
acc_3163,14,0.179,1,48,1,0,35,434,0.081,36,70.5,2.27,2.46,802,1.0,0.127,3,0.0,5e-06,0
acc_3164,12,0.535,0,13,0,0,42,1891,0.022,0,4.3,0.21,0.77,142,0.1075,0.788,10,0.0222,0.000114,1
acc_3165,8,0.118,1,105,0,1,638,236,2.703,35,27.3,4.83,3.93,2193,0.0504,0.328,3,0.0,0.000277,0
acc_3166,6,0.139,1,80,0,0,338,278,1.216,46,37.91,11.41,7.31,1105,0.1459,0.051,3,0.3333,9e-06,0
acc_3167,8,0.067,1,32,0,0,369,626,0.589,52,43.68,6.55,0.29,1722,0.1361,0.167,4,0.0,3.9e-05,0
acc_3168,17,0.32,0,4,1,1,40,659,0.061,0,0.52,0.03,0.19,167,0.0139,0.808,14,0.022,0.000824,1
acc_3169,14,0.169,1,78,1,0,23,745,0.031,47,0.42,0.04,0.19,2995,0.0204,0.122,5,0.0,4.7e-05,0
acc_3170,5,0.074,1,73,0,0,36,420,0.086,50,16.15,0.46,0.17,791,0.4615,0.267,3,0.0,1.1e-05,0
acc_3171,4,0.091,1,57,1,0,193,52,3.712,56,23.26,2.93,12.6,637,0.1357,0.267,3,0.0,1.2e-05,0
acc_3172,18,0.473,0,3,1,1,0,2393,0.0,2,4.59,0.35,0.14,104,1.0,0.536,10,0.0444,0.000773,1
acc_3173,15,0.455,0,4,1,1,49,1732,0.028,4,0.17,0.1,1.41,181,0.0055,0.5,10,0.0,0.000399,1
acc_3174,13,0.478,0,13,0,1,33,655,0.05,3,0.19,0.33,0.09,70,0.0158,0.767,7,0.0,0.00013,1
acc_3175,11,0.078,1,76,0,0,66,146,0.452,57,26.82,20.46,2.6,2414,0.7163,0.061,4,0.0,4.4e-05,0
acc_3176,9,0.058,0,42,1,1,269,452,0.595,52,1.58,4.21,3.91,2464,0.0215,0.196,3,0.0,1.4e-05,0
acc_3177,13,0.475,1,1,0,0,29,498,0.058,2,0.34,0.34,1.5,186,0.0234,0.465,11,0.0364,0.000278,1
acc_3178,4,0.005,1,139,1,0,92,73,1.26,28,59.75,0.01,0.13,236,0.6496,0.223,4,0.0,0.00014,0
acc_3179,18,0.467,0,3,0,1,20,698,0.029,4,4.2,0.11,0.0,171,0.2154,0.789,13,0.0,0.000332,1
acc_3180,14,0.139,1,45,1,1,18,135,0.133,56,15.41,4.39,6.65,2979,1.0,0.067,3,0.0,4e-06,0
acc_3181,11,0.097,1,20,1,0,633,332,1.907,59,44.8,1.56,0.99,2296,0.0732,0.251,3,0.0,2.9e-05,0
acc_3182,12,0.05,1,129,0,1,66,73,0.904,45,40.62,2.9,0.48,766,0.6593,0.322,3,0.0,0.000202,0
acc_3183,12,0.063,1,70,0,0,1304,201,6.488,35,4.58,1.49,5.32,2204,0.0047,0.113,5,0.0,3e-05,0
acc_3184,10,0.73,1,12,0,1,181,448,0.404,4,7.27,0.4,2.44,172,0.0424,0.88,12,0.0,0.000634,1
acc_3185,19,0.675,1,2,0,1,136,596,0.228,3,2.47,0.51,0.78,145,0.0219,0.862,13,0.0,0.000233,1
acc_3186,12,0.047,1,142,0,0,111,736,0.151,49,4.95,0.57,0.68,1875,0.0497,0.198,3,0.0,1.3e-05,0
acc_3187,10,0.116,1,123,0,0,24,102,0.235,52,6.16,0.03,0.05,719,0.2582,0.073,4,0.0,1e-05,0
acc_3188,5,0.052,1,123,0,0,229,155,1.477,35,20.08,15.95,0.41,2163,0.1574,0.329,3,0.0,9.5e-05,0
acc_3189,18,0.369,1,10,0,1,31,575,0.054,3,4.67,0.08,0.06,167,0.153,0.618,12,0.0,0.000795,1
acc_3190,12,0.079,1,114,0,1,56,140,0.4,52,32.48,8.96,6.64,2074,0.74,0.092,4,0.0,8.3e-05,0
acc_3191,10,0.474,1,12,0,1,111,1510,0.074,2,4.83,0.2,1.1,160,0.0453,0.837,14,0.022,0.000741,1
acc_3192,7,0.18,1,140,1,0,253,95,2.663,49,14.5,5.61,5.55,2944,0.0795,0.084,4,0.0,8.7e-05,0
acc_3193,11,0.172,1,102,0,0,471,108,4.361,36,4.71,0.67,0.12,2300,0.0114,0.165,3,0.0,0.0,0
acc_3194,19,0.474,0,10,0,0,49,292,0.168,4,0.1,0.02,0.16,198,0.0024,0.844,8,0.0,0.000114,1
acc_3195,19,0.679,1,3,0,1,21,264,0.08,1,3.79,0.55,0.08,144,0.2065,0.547,10,0.0,0.001141,1
acc_3196,12,0.174,1,103,1,1,133,377,0.353,56,74.27,15.81,1.51,661,0.6773,0.101,4,0.0,2.3e-05,0
acc_3197,11,0.653,0,7,0,0,112,807,0.139,3,5.5,0.57,1.55,133,0.0542,0.878,12,0.0,0.000513,1
acc_3198,14,0.041,1,68,0,1,434,190,2.284,42,61.11,2.98,0.89,2820,0.1477,0.103,4,0.0,0.000145,0
acc_3199,8,0.07,1,65,0,1,396,84,4.714,42,94.55,8.16,4.01,338,0.2594,0.202,3,0.0,4e-05,0
acc_3200,9,0.111,1,89,0,1,327,109,3.0,52,62.19,4.18,0.31,1592,0.203,0.271,3,0.0,9e-06,0
acc_3201,14,0.08,1,111,1,0,76,166,0.458,49,0.24,0.3,3.64,1209,0.007,0.252,4,0.1667,4.1e-05,0
acc_3202,9,0.064,1,11,1,1,194,173,1.121,32,137.28,2.78,0.37,587,0.722,0.263,3,0.0,1.3e-05,0
acc_3203,8,0.064,1,38,0,0,194,159,1.22,47,0.45,5.54,0.42,1742,0.0309,0.187,5,0.0,3.2e-05,0
acc_3204,9,0.067,1,66,1,1,345,403,0.856,36,68.04,2.56,0.54,1243,0.2046,0.089,3,0.0,3.3e-05,0
acc_3205,15,0.8,1,3,0,1,77,665,0.116,6,5.3,0.49,0.35,183,0.0751,0.694,15,0.0,0.000727,1
acc_3206,12,0.446,0,3,0,1,45,1859,0.024,2,0.79,0.07,1.24,74,0.0192,0.691,9,0.0278,8.8e-05,1
acc_3207,11,0.382,0,0,0,1,2,385,0.005,1,0.35,0.2,0.25,47,0.2751,0.822,10,0.0,0.000364,1
acc_3208,10,0.385,1,2,0,0,20,1659,0.012,1,0.67,0.13,0.63,164,0.0403,0.431,14,0.0,0.00082,1
acc_3209,14,0.128,1,57,1,1,38,250,0.152,48,11.3,0.79,8.96,2742,0.3181,0.312,5,0.0,2.8e-05,0
acc_3210,18,0.448,0,10,0,1,31,274,0.113,1,3.22,0.77,0.42,194,0.1284,0.731,11,0.0364,0.001686,1
acc_3211,7,0.024,1,149,0,1,432,38,11.368,44,18.49,1.49,1.09,1705,0.0462,0.058,4,0.0,7.8e-05,0
acc_3212,9,0.315,0,13,0,1,116,511,0.227,2,2.09,0.42,0.06,9,0.0216,0.476,12,0.0152,0.000682,1
acc_3213,12,0.101,1,88,1,1,75,299,0.251,47,48.54,3.71,0.9,2729,0.6967,0.272,3,0.0,5.3e-05,0
acc_3214,8,0.013,1,86,1,1,1140,77,14.805,37,26.02,16.41,14.13,2265,0.0372,0.214,4,0.0,4e-06,0
acc_3215,9,0.465,1,13,0,0,25,816,0.031,0,0.92,0.03,1.6,50,0.0379,0.513,10,0.0222,0.000295,1
acc_3216,8,0.041,1,120,0,0,307,221,1.389,57,83.2,7.27,18.42,1253,0.2947,0.082,3,0.0,1.1e-05,0
acc_3217,12,0.38,1,12,0,1,19,1372,0.014,2,1.35,0.03,0.43,192,0.0728,0.545,15,0.019,0.000889,1
acc_3218,14,0.183,1,121,1,0,72,131,0.55,40,28.75,0.9,1.05,1954,0.4118,0.303,5,0.0,7.6e-05,0
acc_3219,6,0.179,1,73,0,0,697,65,10.723,55,79.05,4.81,1.66,541,0.1203,0.264,3,0.3333,3.1e-05,0
acc_3220,14,0.119,1,26,0,0,83,245,0.339,34,27.98,4.08,7.1,2259,0.3862,0.196,4,0.0,7e-06,0
acc_3221,17,0.359,1,11,1,0,8,474,0.017,1,3.09,0.02,0.09,95,0.3887,0.544,16,0.0333,0.002023,1
acc_3222,4,0.193,1,87,1,0,948,54,17.556,40,6.12,1.17,0.31,1285,0.0077,0.325,4,0.0,2.6e-05,0
acc_3223,7,0.06,1,88,0,0,762,34,22.412,47,3.51,4.83,1.21,342,0.0109,0.344,3,0.0,2.7e-05,0
acc_3224,6,0.165,0,73,1,1,903,61,14.803,36,2.15,1.62,11.51,1008,0.0042,0.319,3,0.0,1.3e-05,0
acc_3225,4,0.014,1,47,0,1,317,602,0.527,45,63.64,7.86,0.4,1918,0.2255,0.148,4,0.0,9e-06,0
acc_3226,14,0.133,1,13,0,1,347,116,2.991,39,10.86,1.13,11.57,2819,0.0345,0.223,3,0.0,0.000238,0
acc_3227,5,0.161,1,41,1,0,1079,680,1.587,53,0.97,9.82,7.18,1687,0.01,0.316,3,0.0,2.2e-05,0
acc_3228,16,0.562,1,6,0,1,47,254,0.185,1,1.55,0.08,2.01,178,0.0348,0.754,11,0.0,0.000231,1
acc_3229,14,0.085,1,49,0,1,35,107,0.327,35,36.83,3.93,4.46,1357,1.0,0.146,3,0.0,9e-06,0
acc_3230,9,0.009,1,99,1,0,811,290,2.797,51,27.94,1.59,3.49,2795,0.0364,0.144,3,0.0,2e-06,0
acc_3231,13,0.01,1,41,1,0,2147,172,12.483,39,58.4,9.0,3.11,803,0.0314,0.232,6,0.0,0.000222,0
acc_3232,10,0.006,1,18,0,1,523,855,0.612,48,35.34,0.49,3.58,2123,0.0685,0.125,3,0.0,6.2e-05,0
acc_3233,6,0.197,1,16,0,1,462,51,9.059,52,42.82,0.28,0.02,2399,0.0933,0.24,3,0.0,0.000365,0
acc_3234,13,0.154,1,141,1,0,1477,317,4.659,47,4.66,0.18,0.8,2614,0.0033,0.212,4,0.0,0.000943,0
acc_3235,16,0.308,0,14,0,1,10,627,0.016,2,2.98,0.89,1.41,95,0.3873,0.822,12,0.0152,0.000275,1
acc_3236,7,0.131,1,125,0,0,487,514,0.947,54,13.5,1.18,3.97,648,0.0302,0.08,4,0.0,0.000115,0
acc_3237,14,0.391,0,12,0,0,95,351,0.271,1,0.81,0.2,0.01,40,0.0105,0.525,12,0.0,0.000201,1
acc_3238,11,0.197,1,74,0,0,1604,280,5.729,46,19.19,6.35,2.64,289,0.0159,0.073,3,0.0,2.1e-05,0
acc_3239,10,0.167,1,32,1,1,216,141,1.532,39,1.72,0.0,3.06,555,0.008,0.253,4,0.0,0.0004,0
acc_3240,18,0.429,0,8,0,0,104,948,0.11,2,0.17,0.68,1.57,60,0.0081,0.63,17,0.0074,0.000432,1
acc_3241,13,0.471,0,12,0,0,85,1459,0.058,1,2.8,0.57,0.46,34,0.0397,0.61,11,0.0,0.000172,1
acc_3242,13,0.101,1,29,1,0,194,240,0.808,42,10.81,3.57,4.61,1255,0.0741,0.303,3,0.0,7e-06,0
acc_3243,8,0.636,0,7,1,0,44,1420,0.031,1,3.59,0.72,0.41,175,0.098,0.462,13,0.0128,0.000154,1
acc_3244,5,0.004,1,89,1,0,732,190,3.853,42,1.03,7.66,0.34,306,0.0119,0.243,4,0.0,9.6e-05,0
acc_3245,11,0.625,1,11,0,1,71,678,0.105,3,1.13,0.02,0.58,158,0.0162,0.573,14,0.0,0.000781,1
acc_3246,6,0.109,1,140,1,0,1571,328,4.79,48,53.41,3.77,3.76,1961,0.0364,0.17,4,0.0,1e-05,0
acc_3247,10,0.131,1,111,0,1,190,97,1.959,32,81.33,1.97,4.58,2780,0.4384,0.252,3,0.0,1.1e-05,0
acc_3248,9,0.51,0,6,0,1,0,245,0.0,5,0.07,0.07,0.28,131,0.1448,0.791,19,0.0175,0.001111,1
acc_3249,11,0.102,1,68,0,1,92,73,1.26,32,3.6,2.18,0.03,2962,0.0628,0.202,3,0.0,2.4e-05,0
acc_3250,8,0.159,1,59,0,0,221,293,0.754,47,39.86,2.25,10.84,527,0.1906,0.294,3,0.0,5.8e-05,0
acc_3251,14,0.126,1,47,0,0,135,257,0.525,53,51.55,3.13,3.34,1528,0.405,0.345,4,0.0,0.000109,0
acc_3252,5,0.137,1,60,0,1,35,266,0.132,43,8.09,27.01,1.0,1823,1.0,0.209,3,0.0,3.5e-05,0
acc_3253,10,0.116,1,97,0,0,140,108,1.296,57,6.47,11.93,0.73,1850,0.1315,0.336,3,0.0,6.4e-05,0
acc_3254,14,0.114,1,95,0,0,87,66,1.318,47,2.37,1.09,0.59,1859,0.0398,0.198,3,0.0,0.000101,0
acc_3255,11,0.041,1,17,0,0,77,166,0.464,47,10.41,2.79,3.48,2712,0.1715,0.256,3,0.0,9e-06,0
acc_3256,4,0.107,1,26,0,1,229,541,0.423,39,27.76,23.15,5.21,1660,0.2223,0.063,4,0.0,1.1e-05,0
acc_3257,13,0.105,1,30,0,0,36,235,0.153,51,24.4,4.35,0.17,197,0.7985,0.173,3,0.0,0.000113,0
acc_3258,7,0.175,0,13,0,1,142,616,0.231,47,30.55,7.87,0.67,431,0.2705,0.193,4,0.0,0.000225,0
acc_3259,4,0.095,1,40,0,0,1570,34,46.176,36,5.52,0.1,2.49,2757,0.0036,0.151,5,0.0,9.1e-05,0
acc_3260,15,0.35,0,12,1,1,68,825,0.082,1,2.37,0.27,0.36,79,0.0389,0.776,11,0.0,0.000192,1
acc_3261,13,0.147,1,145,1,0,275,1652,0.166,46,12.53,0.05,3.57,2674,0.0457,0.1,3,0.0,0.000179,0
acc_3262,9,0.198,1,140,0,0,86,194,0.443,48,8.15,6.02,1.93,1034,0.1648,0.242,3,0.0,1.6e-05,0
acc_3263,10,0.18,1,67,0,1,381,42,9.071,35,74.82,3.75,3.51,457,0.2062,0.153,5,0.0,4.9e-05,0
acc_3264,17,0.353,0,12,0,1,22,483,0.046,2,0.19,0.03,0.46,112,0.0103,0.411,7,0.0476,5.7e-05,1
acc_3265,13,0.093,1,35,0,0,112,144,0.778,46,3.2,0.53,1.47,1180,0.0333,0.231,3,0.0,2e-05,0
acc_3266,12,0.062,1,128,1,0,117,61,1.918,54,17.63,2.7,2.99,2554,0.1738,0.339,3,0.0,9e-06,0
acc_3267,9,0.128,1,19,1,1,433,236,1.835,53,4.79,2.18,5.5,1890,0.0161,0.079,3,0.0,1.5e-05,0
acc_3268,16,0.326,0,12,0,1,26,1822,0.014,1,8.45,0.23,0.11,111,0.3341,0.69,4,0.0,3e-05,1
acc_3269,5,0.12,1,43,0,1,333,24,13.875,38,6.8,1.47,0.94,2240,0.0248,0.169,6,0.0,4.6e-05,0
acc_3270,17,0.319,0,11,0,1,135,357,0.378,5,0.01,0.01,0.57,146,0.0001,0.667,5,0.0,2.4e-05,1
acc_3271,7,0.11,1,22,0,0,157,275,0.571,43,13.7,0.59,0.99,248,0.091,0.078,3,0.0,1.3e-05,0
acc_3272,14,0.021,1,84,1,0,615,156,3.942,48,12.21,1.08,0.78,1094,0.0216,0.274,4,0.0,9.3e-05,0
acc_3273,4,0.169,1,98,1,0,21,784,0.027,45,22.76,0.03,4.83,2561,1.0,0.083,5,0.1,0.00011,0
acc_3274,10,0.18,1,67,0,1,428,548,0.781,51,84.55,3.66,3.57,696,0.2061,0.252,4,0.0,2.7e-05,0
acc_3275,7,0.17,1,107,0,1,167,209,0.799,47,56.94,5.66,14.99,647,0.3748,0.222,3,0.0,2.2e-05,0
acc_3276,5,0.115,1,140,0,1,91,283,0.322,54,4.05,1.73,6.53,1961,0.0635,0.155,3,0.0,6e-06,0
acc_3277,4,0.104,1,92,1,0,73,355,0.206,63,9.53,2.76,0.25,278,0.1684,0.324,5,0.0,7.3e-05,0
acc_3278,8,0.673,0,9,0,1,7,463,0.015,2,4.63,0.23,0.2,71,0.694,0.47,11,0.0182,0.000196,1
acc_3279,9,0.582,0,4,0,1,34,2390,0.014,3,1.97,1.06,0.14,54,0.089,0.786,20,0.0105,0.001209,1
acc_3280,10,0.087,1,45,1,0,144,31,4.645,51,14.09,0.02,2.21,1158,0.098,0.202,3,0.0,1.9e-05,0
acc_3281,14,0.001,1,22,0,0,72,196,0.367,48,39.12,1.16,4.47,2471,0.5594,0.21,3,0.0,2.6e-05,0
acc_3282,13,0.037,1,47,0,1,90,152,0.592,47,45.16,4.25,2.04,1172,0.5491,0.089,4,0.0,6.1e-05,0
acc_3283,8,0.089,0,109,0,1,1688,89,18.966,41,21.98,3.15,2.74,2737,0.0149,0.295,4,0.0,0.000204,0
acc_3284,4,0.035,1,114,0,0,469,71,6.606,47,20.05,4.52,0.32,2583,0.0524,0.121,4,0.0,0.000113,0
acc_3285,10,0.18,1,60,0,0,15506,60,258.433,40,15.8,2.24,0.16,1579,0.0012,0.088,5,0.0,6.5e-05,0
acc_3286,10,0.029,1,132,0,0,176,583,0.302,40,19.39,3.4,0.12,1851,0.1294,0.225,4,0.0,0.000465,0
acc_3287,5,0.108,1,74,0,0,77,60,1.283,38,29.93,13.36,2.81,1617,0.5622,0.249,6,0.0,0.000159,0
acc_3288,13,0.396,0,5,0,0,16,552,0.029,4,6.93,0.06,0.16,186,0.4367,0.796,14,0.022,0.000751,1
acc_3289,4,0.08,1,90,0,1,148,515,0.287,63,3.54,4.82,0.94,1571,0.0565,0.292,6,0.0,9e-05,0
acc_3290,9,0.144,1,120,1,0,800,168,4.762,45,13.23,5.13,2.41,1773,0.023,0.335,3,0.0,5e-05,0
acc_3291,11,0.159,1,57,1,0,3569,141,25.312,43,44.41,10.88,7.15,2149,0.0155,0.224,5,0.1,9.3e-05,0
acc_3292,14,0.327,0,9,1,0,5,855,0.006,3,8.63,0.44,0.22,139,1.0,0.763,17,0.0,0.000979,1
acc_3293,10,0.093,1,84,0,0,214,275,0.778,41,40.25,16.48,2.37,887,0.2651,0.185,3,0.0,4.8e-05,0
acc_3294,15,0.386,0,0,0,0,25,1213,0.021,3,1.34,0.29,2.56,81,0.0653,0.621,13,0.0128,0.000838,1
acc_3295,15,0.663,0,9,0,0,9,506,0.018,0,1.56,0.59,0.26,76,0.2393,0.544,12,0.0303,0.000349,1
acc_3296,7,0.039,1,85,0,1,50,483,0.104,45,67.79,4.71,0.5,468,1.0,0.346,3,0.0,9.8e-05,0
acc_3297,12,0.573,1,5,0,1,64,669,0.096,4,5.51,0.07,0.22,93,0.0872,0.798,13,0.0,0.000993,1
acc_3298,19,0.651,1,3,0,1,26,275,0.095,1,0.39,0.02,0.63,175,0.0158,0.58,15,0.0095,0.00071,1
acc_3299,13,0.66,0,11,0,0,25,243,0.103,0,0.12,0.97,0.93,171,0.0435,0.562,12,0.0,0.000545,1
acc_3300,19,0.665,0,13,0,0,27,3212,0.008,0,1.02,0.1,0.07,9,0.0414,0.496,10,0.0222,0.000241,1
acc_3301,14,0.082,1,27,0,0,523,542,0.965,41,23.7,1.32,1.37,518,0.0478,0.289,4,0.0,4.6e-05,0
acc_3302,10,0.038,1,78,0,0,149,39,3.821,47,5.33,11.28,2.17,273,0.1114,0.321,4,0.0,0.000111,0
acc_3303,9,0.112,1,79,1,1,84,107,0.785,37,8.15,10.93,3.17,1065,0.227,0.277,7,0.0,0.000109,0
acc_3304,18,0.352,1,10,0,1,114,462,0.247,3,0.66,0.02,0.33,39,0.0059,0.839,16,0.0,0.001131,1
acc_3305,7,0.092,1,86,1,1,30,97,0.309,40,33.62,7.29,2.08,706,1.0,0.303,4,0.0,0.000128,0
acc_3306,6,0.065,1,122,0,1,66,1126,0.059,48,16.74,3.99,0.04,2793,0.314,0.241,5,0.0,6.5e-05,0
acc_3307,12,0.151,1,10,0,0,2014,146,13.795,45,23.24,10.34,3.47,1732,0.0167,0.152,6,0.0,0.000122,0
acc_3308,6,0.179,1,125,0,0,121,440,0.275,47,47.19,12.22,1.79,2459,0.491,0.184,3,0.0,0.000117,0
acc_3309,7,0.192,1,141,0,0,550,194,2.835,38,19.47,1.4,4.27,2268,0.0379,0.283,3,0.0,4e-06,0
acc_3310,11,0.172,1,132,1,1,111,544,0.204,46,42.67,2.29,4.34,2611,0.4051,0.152,4,0.0,0.000141,0
acc_3311,12,0.079,1,102,0,1,58,86,0.674,46,35.97,3.34,1.96,411,0.6777,0.136,5,0.0,0.000392,0
acc_3312,16,0.521,0,4,0,1,16,267,0.06,2,1.09,0.16,0.28,127,0.0781,0.43,18,0.0065,0.000811,1
acc_3313,12,0.124,1,104,0,0,44,516,0.085,46,28.22,0.3,0.19,1529,0.6482,0.129,4,0.0,6.7e-05,0
acc_3314,6,0.135,1,87,0,0,975,670,1.455,51,20.29,0.85,0.76,2994,0.0217,0.284,3,0.0,1e-05,0
acc_3315,9,0.088,1,96,0,0,470,28,16.786,50,32.12,1.81,0.77,1361,0.0722,0.169,3,0.0,6e-06,0
acc_3316,9,0.167,1,84,0,1,239,235,1.017,63,1.27,12.88,3.61,2316,0.0592,0.187,4,0.0,9.1e-05,0
acc_3317,8,0.554,1,11,0,1,6,1718,0.003,0,3.87,0.09,0.43,33,0.6603,0.766,10,0.0,0.001927,1
acc_3318,11,0.075,0,78,1,1,739,345,2.142,40,72.46,8.44,1.46,830,0.1095,0.117,5,0.0,0.00018,0
acc_3319,7,0.156,0,131,0,0,1350,318,4.245,45,58.73,30.92,1.83,1925,0.0664,0.197,4,0.0,0.000194,0
acc_3320,11,0.338,1,13,0,1,31,1756,0.018,2,0.17,0.05,1.32,166,0.0069,0.895,19,0.0,0.000591,1
acc_3321,14,0.086,1,82,0,0,713,98,7.276,47,32.25,2.22,5.52,2963,0.0483,0.285,3,0.0,4e-06,0
acc_3322,14,0.08,1,133,0,0,494,264,1.871,53,30.94,9.85,0.13,2876,0.0826,0.124,8,0.0,0.000161,0
acc_3323,6,0.02,1,144,0,1,146,147,0.993,36,9.9,1.55,0.08,378,0.0784,0.074,5,0.0,0.000997,0
acc_3324,10,0.149,1,126,1,0,917,91,10.077,46,21.59,0.08,0.25,1856,0.0236,0.09,3,0.0,5.6e-05,0
acc_3325,9,0.353,1,5,1,0,13,417,0.031,3,1.7,0.27,0.92,86,0.1515,0.818,11,0.0,0.000608,1
acc_3326,8,0.07,1,42,0,0,375,721,0.52,39,38.58,0.85,12.2,1730,0.1052,0.088,3,0.0,0.00162,0
acc_3327,12,0.145,1,21,0,1,391,62,6.306,46,8.57,3.01,6.82,2074,0.0296,0.261,6,0.0,0.000193,0
acc_3328,12,0.068,1,31,0,0,8,854,0.009,59,37.58,0.03,3.27,1241,1.0,0.063,3,0.0,1.3e-05,0
acc_3329,7,0.063,1,14,0,0,1337,47,28.447,57,0.35,1.23,9.12,2425,0.0012,0.317,3,0.0,3.9e-05,0
acc_3330,11,0.441,0,13,0,1,20,333,0.06,3,1.59,0.16,0.31,4,0.0871,0.802,9,0.0,0.000884,1
acc_3331,13,0.391,0,14,0,1,38,3184,0.012,2,1.14,1.1,0.08,42,0.0591,0.495,11,0.0,0.000138,1
acc_3332,14,0.637,1,12,0,1,57,1889,0.03,3,3.43,0.1,0.02,12,0.062,0.448,14,0.044,0.000559,1
acc_3333,9,0.126,1,137,0,0,221,99,2.232,53,20.72,1.23,0.05,386,0.0993,0.339,3,0.3333,1.5e-05,0
acc_3334,7,0.068,1,24,0,0,77,39,1.974,36,23.68,2.69,0.51,998,0.3424,0.108,3,0.0,1.5e-05,0
acc_3335,4,0.038,1,122,1,0,951,572,1.663,51,61.26,1.58,3.49,2487,0.0661,0.312,3,0.0,3.4e-05,0
acc_3336,12,0.673,1,8,1,1,37,348,0.106,1,4.37,0.44,0.81,54,0.1299,0.71,12,0.0152,0.001911,1
acc_3337,7,0.145,1,119,0,0,1093,19,57.526,41,2.69,6.26,3.8,1701,0.0082,0.126,3,0.0,8.9e-05,0
acc_3338,12,0.19,1,86,1,1,232,70,3.314,48,81.22,5.61,0.25,2709,0.3743,0.141,6,0.0,0.000207,0
acc_3339,14,0.09,1,58,1,0,1026,324,3.167,51,37.32,5.71,0.38,2131,0.0419,0.137,3,0.0,1.4e-05,0
acc_3340,9,0.603,0,10,0,0,5,782,0.006,4,0.06,0.85,0.32,180,0.182,0.406,16,0.0,0.000845,1
acc_3341,4,0.166,1,74,0,0,106,388,0.273,39,1.4,1.34,0.91,884,0.0259,0.253,3,0.0,1e-05,0
acc_3342,11,0.436,0,3,0,1,75,736,0.102,1,5.01,0.01,1.14,135,0.067,0.602,12,0.0,0.000224,1
acc_3343,18,0.394,0,9,1,0,95,1268,0.075,1,0.03,0.02,0.49,80,0.0005,0.601,12,0.0,0.000298,1
acc_3344,5,0.145,1,106,1,0,182,260,0.7,58,57.13,8.2,2.22,340,0.359,0.266,4,0.0,0.00012,0
acc_3345,4,0.05,1,68,0,0,144,16,9.0,35,14.62,3.3,2.24,1189,0.1244,0.309,3,0.0,3e-05,0
acc_3346,8,0.079,1,82,0,1,150,125,1.2,38,62.51,3.95,2.54,2302,0.443,0.112,3,0.0,1.3e-05,0
acc_3347,14,0.168,1,66,1,1,139,83,1.675,48,6.51,5.48,2.19,2302,0.0863,0.169,4,0.0,4.1e-05,0
acc_3348,9,0.049,1,21,0,0,984,90,10.933,39,45.37,3.2,5.16,1810,0.0494,0.151,4,0.0,1.9e-05,0
acc_3349,13,0.185,1,67,1,1,330,98,3.367,39,19.18,4.93,1.09,2512,0.0731,0.098,3,0.0,2.8e-05,0
acc_3350,7,0.086,1,76,0,0,178,98,1.816,35,0.87,1.73,0.72,1231,0.0146,0.087,4,0.0,1.6e-05,0
acc_3351,4,0.029,1,44,0,1,198,138,1.435,35,26.45,1.42,0.86,1562,0.1407,0.28,3,0.0,0.000184,0
acc_3352,7,0.121,1,143,0,1,339,490,0.692,48,64.49,1.22,2.46,261,0.1938,0.271,4,0.1667,0.000114,0
acc_3353,10,0.19,1,33,1,0,295,1060,0.278,42,16.48,2.3,0.85,500,0.0636,0.051,3,0.0,9e-06,0
acc_3354,13,0.06,1,53,1,1,1174,57,20.596,50,30.21,6.6,0.15,2394,0.0313,0.157,3,0.0,3.5e-05,0
acc_3355,10,0.131,1,90,1,0,18,307,0.059,53,29.8,8.8,0.3,1772,1.0,0.16,3,0.0,6e-06,0
acc_3356,8,0.338,0,7,0,1,10,207,0.048,3,1.34,0.61,0.45,149,0.1953,0.856,10,0.0,0.000187,1
acc_3357,9,0.546,0,12,1,1,113,2006,0.056,2,0.24,0.19,0.08,6,0.0037,0.638,11,0.0182,0.001712,1
acc_3358,6,0.095,1,38,1,0,482,244,1.975,46,82.52,20.58,0.12,2888,0.2139,0.33,3,0.0,0.000409,0
acc_3359,16,0.416,0,4,0,1,77,955,0.081,6,0.8,0.67,0.45,198,0.0191,0.58,10,0.0,0.000473,1
acc_3360,12,0.089,1,19,1,0,85,97,0.876,38,70.14,2.62,3.57,1932,0.856,0.167,3,0.0,4e-06,0
acc_3361,4,0.169,1,109,0,1,78,307,0.254,47,10.48,8.94,0.48,703,0.2491,0.243,3,0.0,1.7e-05,0
acc_3362,11,0.03,1,43,1,0,248,109,2.275,43,21.47,9.02,3.04,942,0.123,0.324,4,0.0,9e-06,0
acc_3363,10,0.169,1,28,1,1,460,92,5.0,42,67.64,4.6,0.2,2500,0.157,0.111,3,0.0,4e-06,0
acc_3364,14,0.163,1,80,0,1,253,244,1.037,42,6.19,1.09,1.94,847,0.0288,0.136,5,0.0,7.1e-05,0
acc_3365,4,0.156,1,124,0,1,388,48,8.083,44,12.06,6.9,1.48,644,0.0488,0.056,4,0.0,1.5e-05,0
acc_3366,17,0.637,0,13,1,0,4,248,0.016,0,0.13,0.35,0.06,17,0.1186,0.63,12,0.0303,0.000864,1
acc_3367,4,0.087,1,56,0,1,624,410,1.522,39,33.05,6.22,2.77,1298,0.0629,0.331,3,0.0,2.1e-05,0
acc_3368,5,0.063,1,30,1,1,543,57,9.526,53,49.18,1.96,4.37,1103,0.0942,0.18,6,0.0,0.000177,0
acc_3369,10,0.193,1,74,0,0,262,15,17.467,52,49.2,2.36,8.2,1226,0.1968,0.145,6,0.0,0.000134,0
acc_3370,12,0.172,1,10,0,1,197,141,1.397,37,62.34,2.48,4.66,1441,0.329,0.265,5,0.0,9.5e-05,0
acc_3371,9,0.759,0,3,0,1,10,481,0.021,2,4.59,0.06,0.26,65,0.4642,0.882,13,0.0128,0.000182,1
acc_3372,13,0.044,1,45,0,0,385,201,1.915,41,25.37,3.99,3.91,695,0.0763,0.117,3,0.0,4.9e-05,0
acc_3373,8,0.005,1,27,1,0,339,437,0.776,58,47.35,1.01,1.27,1986,0.1427,0.264,4,0.0,5.5e-05,0
acc_3374,13,0.73,0,0,0,1,93,805,0.116,1,0.27,0.06,1.05,101,0.0035,0.456,9,0.0,9.4e-05,1
acc_3375,13,0.19,1,140,0,0,162,171,0.947,44,51.2,1.63,2.4,320,0.3261,0.282,4,0.0,3.5e-05,0
acc_3376,12,0.142,1,118,0,1,223,166,1.343,37,34.6,3.46,2.91,2557,0.1707,0.097,5,0.0,5.4e-05,0
acc_3377,8,0.029,1,57,0,1,304,227,1.339,50,55.92,11.46,2.79,1503,0.2216,0.231,5,0.1,0.000186,0
acc_3378,7,0.13,1,111,1,1,124,19,6.526,47,24.12,4.63,1.27,923,0.2318,0.167,4,0.0,4.2e-05,0
acc_3379,13,0.049,0,34,1,1,733,167,4.389,37,16.86,13.56,4.72,1119,0.0415,0.053,3,0.0,7e-06,0
acc_3380,17,0.73,0,3,0,1,50,1611,0.031,0,5.02,0.01,0.05,129,0.1006,0.506,11,0.0182,0.000173,1
acc_3381,11,0.092,1,86,1,1,14526,74,196.297,51,22.71,7.81,1.9,1068,0.0021,0.116,4,0.0,8e-05,0
acc_3382,11,0.369,1,1,0,0,8,537,0.015,1,0.35,1.12,0.48,172,0.184,0.586,13,0.0,0.000151,1
acc_3383,13,0.008,1,31,1,0,160,110,1.455,40,25.8,6.52,2.12,1715,0.202,0.233,5,0.0,6.8e-05,0
acc_3384,6,0.03,1,127,0,0,12,248,0.048,45,120.41,0.14,1.98,698,1.0,0.228,3,0.3333,1.7e-05,0
acc_3385,13,0.13,1,66,1,1,232,73,3.178,45,29.95,1.21,0.38,2049,0.1343,0.134,3,0.0,9.4e-05,0
acc_3386,5,0.112,0,23,0,0,260,104,2.5,50,84.87,1.04,4.02,1056,0.3304,0.103,3,0.0,5.5e-05,0
acc_3387,8,0.082,1,49,1,1,70,537,0.13,43,21.66,7.38,1.69,1986,0.4149,0.122,4,0.0,7.9e-05,0
acc_3388,11,0.193,1,53,0,1,288,98,2.939,44,157.29,5.93,5.71,2290,0.5667,0.252,3,0.0,3.1e-05,0
acc_3389,8,0.094,1,112,1,0,990,208,4.76,53,37.22,3.69,0.99,1182,0.0413,0.334,3,0.0,6e-06,0
acc_3390,14,0.107,1,26,0,0,101,399,0.253,34,56.75,3.45,7.42,939,0.5961,0.279,3,0.0,1.7e-05,0
acc_3391,13,0.669,0,3,1,1,26,1990,0.013,4,0.14,0.12,0.34,24,0.0099,0.626,9,0.0278,0.000535,1
acc_3392,11,0.175,1,143,0,1,125,95,1.316,35,104.75,0.52,2.09,741,0.8421,0.254,3,0.0,1.7e-05,0
acc_3393,11,0.756,0,13,1,1,93,872,0.107,0,0.03,0.55,0.1,7,0.0062,0.706,13,0.0,0.000303,1
acc_3394,12,0.148,1,53,0,1,47,140,0.336,49,24.46,2.28,4.77,2106,0.569,0.068,3,0.0,4.4e-05,0
acc_3395,13,0.103,1,93,0,1,142,207,0.686,51,32.5,4.94,3.91,1068,0.2637,0.313,3,0.0,1.2e-05,0
acc_3396,8,0.455,1,3,0,1,78,743,0.105,2,1.15,0.06,0.15,63,0.0156,0.882,15,0.0095,0.000214,1
acc_3397,11,0.173,1,27,0,0,327,52,6.288,40,19.39,0.41,6.51,2877,0.0606,0.158,3,0.0,1.1e-05,0
acc_3398,5,0.058,1,71,0,0,74,446,0.166,44,186.02,5.68,10.24,1813,1.0,0.155,3,0.0,4e-06,0
acc_3399,15,0.711,0,7,0,1,38,947,0.04,2,1.1,0.52,0.55,195,0.0424,0.837,12,0.0,0.001097,1
acc_3400,12,0.165,1,64,0,1,240,159,1.509,56,70.92,0.98,4.31,1290,0.2996,0.3,4,0.0,2.4e-05,0
acc_3401,18,0.452,0,0,0,1,10,971,0.01,2,1.31,0.31,0.41,136,0.1619,0.581,15,0.0,0.000606,1
acc_3402,9,0.705,0,10,0,0,24,1448,0.017,1,0.06,0.16,0.17,139,0.0094,0.685,8,0.0,0.000102,1
acc_3403,4,0.018,1,118,0,1,77,226,0.341,32,12.19,1.57,0.58,2044,0.1787,0.219,3,0.0,1.2e-05,0
acc_3404,8,0.11,1,113,1,1,65,152,0.428,54,46.43,5.64,0.29,1371,0.801,0.25,4,0.0,1.5e-05,0
acc_3405,4,0.015,1,94,1,1,115,12,9.583,57,56.26,10.97,2.54,2612,0.5846,0.295,3,0.0,1e-05,0
acc_3406,11,0.11,1,92,0,0,413,1730,0.239,33,0.26,2.16,3.26,1123,0.0059,0.07,3,0.0,9e-06,0
acc_3407,19,0.325,1,10,0,0,80,1763,0.045,1,0.17,0.08,0.73,29,0.0031,0.702,11,0.0,0.000218,1
acc_3408,15,0.662,0,9,0,0,51,731,0.07,2,5.04,0.24,0.6,26,0.1035,0.473,8,0.0357,0.000135,1
acc_3409,14,0.138,1,130,0,1,906,275,3.295,45,97.03,5.12,1.84,1211,0.1128,0.212,5,0.0,4.8e-05,0
acc_3410,18,0.385,0,6,0,1,0,479,0.0,2,0.17,0.43,0.58,12,0.5964,0.456,11,0.0,0.000229,1
acc_3411,10,0.121,0,100,0,1,218,540,0.404,48,16.98,0.98,2.25,2265,0.0824,0.217,3,0.0,1.8e-05,0
acc_3412,16,0.521,1,8,0,1,61,896,0.068,1,0.35,0.01,0.28,27,0.0059,0.808,8,0.0,7.8e-05,1
acc_3413,13,0.015,1,116,1,0,275,168,1.637,34,85.52,1.04,1.28,1222,0.3148,0.066,3,0.0,2.8e-05,0
acc_3414,8,0.192,1,141,0,0,72,140,0.514,51,9.81,1.53,2.84,2566,0.1576,0.313,4,0.0,4.9e-05,0
acc_3415,13,0.103,1,78,1,1,237,679,0.349,31,30.39,0.66,0.72,984,0.131,0.097,3,0.0,3e-06,0
acc_3416,8,0.01,1,29,1,1,120,316,0.38,33,61.64,2.79,5.15,310,0.5368,0.246,3,0.0,1.6e-05,0
acc_3417,7,0.095,1,69,0,0,2596,742,3.499,53,8.78,2.2,4.22,2206,0.0042,0.112,4,0.0,8.4e-05,0
acc_3418,10,0.431,0,8,0,0,131,794,0.165,0,2.3,0.65,0.67,35,0.0225,0.67,9,0.0,0.000229,1
acc_3419,15,0.544,1,2,0,1,14,711,0.02,4,0.53,0.14,0.28,57,0.048,0.404,9,0.0,8.1e-05,1
acc_3420,12,0.039,1,43,1,1,300,504,0.595,49,36.55,2.22,3.1,1556,0.1292,0.123,3,0.0,5.7e-05,0
acc_3421,6,0.175,1,69,1,1,286,1803,0.159,49,25.98,5.34,2.03,1795,0.1095,0.055,5,0.0,0.000167,0
acc_3422,18,0.522,0,4,1,1,6,3323,0.002,5,0.36,0.1,0.24,179,0.0779,0.415,13,0.0,0.000423,1
acc_3423,14,0.727,0,1,0,0,18,466,0.039,2,4.29,0.07,0.06,108,0.2419,0.845,12,0.0455,0.000879,1
acc_3424,12,0.462,0,12,0,1,25,383,0.065,3,0.73,1.19,0.06,144,0.077,0.832,9,0.0278,0.000185,1
acc_3425,11,0.176,1,94,0,0,46,784,0.059,30,68.98,6.36,3.09,2482,1.0,0.315,3,0.0,1.3e-05,0
acc_3426,12,0.733,0,10,0,1,78,252,0.31,2,1.52,0.41,0.25,134,0.0247,0.639,13,0.0,0.000298,1
acc_3427,12,0.067,1,81,0,0,1455,116,12.543,40,45.05,1.21,0.04,2592,0.0318,0.283,3,0.0,3e-05,0
acc_3428,14,0.451,1,12,0,0,153,792,0.193,2,0.13,1.12,0.27,13,0.0082,0.715,17,0.0,0.000514,1
acc_3429,13,0.176,1,69,0,1,182,71,2.563,43,6.87,2.58,2.41,556,0.0519,0.262,5,0.0,0.000315,0
acc_3430,10,0.366,0,6,0,1,26,970,0.027,5,0.13,1.19,0.24,49,0.0507,0.891,10,0.0,0.000603,1
acc_3431,9,0.064,1,71,1,0,1765,217,8.134,49,81.8,2.78,4.2,2330,0.0479,0.334,4,0.0,5.6e-05,0
acc_3432,5,0.066,1,64,0,0,196,25,7.84,52,13.36,0.69,0.19,956,0.0717,0.308,3,0.0,1.9e-05,0
acc_3433,17,0.353,1,12,0,1,129,398,0.324,1,0.6,0.32,0.09,121,0.0071,0.678,8,0.0,6.5e-05,1
acc_3434,5,0.026,1,105,0,1,44,246,0.179,56,2.48,1.69,16.24,2034,0.0947,0.072,3,0.0,1.6e-05,0
acc_3435,7,0.062,1,95,1,1,70,81,0.864,39,25.86,3.66,0.06,666,0.4216,0.299,3,0.0,1.2e-05,0
acc_3436,10,0.732,1,6,0,1,115,1965,0.059,3,2.84,0.21,0.07,123,0.0265,0.724,10,0.0,0.000761,1
acc_3437,16,0.615,0,4,0,1,10,227,0.044,6,0.65,0.34,0.32,76,0.099,0.407,12,0.0152,0.000249,1
acc_3438,11,0.768,0,13,0,1,6,801,0.007,3,0.81,0.6,0.49,127,0.2348,0.692,17,0.0,0.000787,1
acc_3439,11,0.055,1,93,0,0,789,46,17.152,38,24.82,7.18,2.82,1078,0.0406,0.326,3,0.0,5e-06,0
acc_3440,9,0.005,1,127,0,0,50,390,0.128,56,34.91,16.14,4.62,1351,1.0,0.207,3,0.0,7.7e-05,0
acc_3441,18,0.58,0,2,0,1,6,901,0.007,1,0.57,0.05,1.27,125,0.1034,0.506,12,0.0,0.000361,1
acc_3442,6,0.041,1,42,1,0,147,34,4.324,45,4.21,8.31,1.49,2310,0.0852,0.27,7,0.0,0.000104,0
acc_3443,12,0.031,1,101,1,1,95,65,1.462,45,28.29,0.28,1.3,1616,0.3007,0.267,4,0.0,4.3e-05,0
acc_3444,13,0.067,1,108,1,1,2640,328,8.049,48,23.44,0.98,2.14,2020,0.0092,0.126,3,0.0,5e-06,0
acc_3445,14,0.461,0,2,0,1,84,1644,0.051,1,2.55,0.21,0.97,162,0.0329,0.705,11,0.0,0.000448,1
acc_3446,13,0.024,1,99,1,1,66,5,13.2,54,5.44,1.47,1.36,2260,0.1047,0.141,3,0.0,1.3e-05,0
acc_3447,8,0.157,1,143,0,0,844,205,4.117,41,16.25,0.16,5.16,731,0.0194,0.241,3,0.0,9e-06,0
acc_3448,4,0.05,1,116,1,0,153,50,3.06,52,4.31,0.16,1.22,2985,0.0292,0.174,4,0.0,0.000161,0
acc_3449,5,0.056,1,127,0,0,799,298,2.681,50,42.59,2.56,0.5,743,0.0565,0.296,4,0.0,1.1e-05,0
acc_3450,5,0.066,1,114,0,1,424,137,3.095,50,11.75,11.82,0.75,1926,0.0556,0.157,4,0.0,2.7e-05,0
acc_3451,13,0.047,1,109,1,0,263,84,3.131,34,62.57,13.78,5.92,1247,0.2903,0.153,5,0.0,3.9e-05,0
acc_3452,19,0.347,1,4,1,1,157,434,0.362,1,1.25,0.68,1.09,94,0.0123,0.516,13,0.0,0.000564,1
acc_3453,9,0.126,0,47,0,1,638,463,1.378,37,15.66,20.39,3.34,1904,0.0565,0.142,3,0.0,1.3e-05,0
acc_3454,10,0.427,1,6,0,1,19,1201,0.016,4,0.03,0.05,0.02,74,0.0041,0.778,13,0.0128,0.000334,1
acc_3455,4,0.03,1,37,1,0,3082,150,20.547,50,17.32,3.07,0.35,2240,0.0066,0.298,3,0.0,1.8e-05,0
acc_3456,6,0.075,1,94,1,1,1374,544,2.526,51,1.14,8.82,1.54,526,0.0073,0.182,3,0.0,6.2e-05,0
acc_3457,17,0.53,0,5,0,1,77,1351,0.057,1,3.78,0.18,0.54,4,0.0515,0.667,17,0.0,0.00104,1
acc_3458,7,0.08,1,57,0,1,372,1025,0.363,51,15.15,0.35,12.88,2804,0.0417,0.167,3,0.0,5e-06,0
acc_3459,11,0.156,1,59,0,0,238,131,1.817,40,39.32,0.11,0.47,540,0.1656,0.235,3,0.0,7.5e-05,0
acc_3460,10,0.022,1,97,0,0,302,162,1.864,43,8.12,7.79,3.75,2211,0.0527,0.291,4,0.0,6e-05,0
acc_3461,4,0.194,1,143,1,1,1047,22,47.591,55,32.0,3.7,3.14,1701,0.0341,0.139,4,0.0,4e-05,0
acc_3462,11,0.174,1,136,0,1,1923,50,38.46,46,21.11,7.1,7.32,1951,0.0147,0.187,4,0.0,5.9e-05,0
acc_3463,14,0.018,1,90,0,1,93,202,0.46,49,49.73,0.31,0.83,2875,0.538,0.084,3,0.0,2.3e-05,0
acc_3464,18,0.755,0,8,0,0,50,202,0.248,0,2.89,0.26,0.01,103,0.063,0.517,17,0.0,0.00054,1
acc_3465,8,0.17,1,16,1,0,187,77,2.429,49,108.6,3.98,1.59,1581,0.602,0.096,3,0.0,2e-06,0
acc_3466,19,0.333,1,7,0,1,48,353,0.136,1,0.12,0.03,0.72,141,0.0031,0.612,7,0.0,0.000354,1
acc_3467,6,0.052,1,19,1,1,313,411,0.762,46,52.7,2.49,0.04,337,0.1764,0.304,3,0.0,3e-06,0
acc_3468,12,0.075,1,64,0,1,694,447,1.553,38,59.95,1.1,0.27,2559,0.088,0.347,3,0.0,2.2e-05,0
acc_3469,10,0.702,1,4,0,0,50,564,0.089,3,0.1,0.06,0.18,160,0.0033,0.876,11,0.0,0.000231,1
acc_3470,6,0.005,1,94,0,0,899,86,10.453,42,6.15,0.19,0.58,2454,0.0071,0.266,4,0.0,3.7e-05,0
acc_3471,4,0.022,1,14,0,1,73,84,0.869,51,15.27,0.84,5.21,2025,0.2207,0.115,3,0.0,1.3e-05,0
acc_3472,7,0.118,1,148,0,0,25,444,0.056,41,45.81,13.59,0.22,2904,1.0,0.29,4,0.0,0.000187,0
acc_3473,7,0.001,1,140,0,1,64,65,0.985,44,2.79,0.55,0.71,797,0.0521,0.076,3,0.0,8e-06,0
acc_3474,10,0.155,0,19,0,0,28,131,0.214,44,45.91,11.67,2.1,510,1.0,0.32,4,0.0,2.3e-05,0
acc_3475,13,0.617,1,14,1,1,87,306,0.284,2,4.48,0.57,1.36,129,0.0581,0.814,9,0.0278,0.000339,1
acc_3476,12,0.553,1,8,0,0,29,599,0.048,2,1.32,0.45,1.45,17,0.0611,0.542,11,0.0,0.000309,1
acc_3477,14,0.169,0,121,1,1,726,223,3.256,36,2.86,7.21,5.84,227,0.0139,0.056,5,0.0,7.1e-05,0
acc_3478,10,0.08,1,130,1,1,338,142,2.38,52,48.31,2.27,3.24,955,0.1496,0.258,5,0.0,7e-05,0
acc_3479,11,0.118,1,116,1,0,86,48,1.792,44,2.45,0.74,0.68,2306,0.0371,0.068,4,0.0,3e-05,0
acc_3480,12,0.112,1,35,0,0,1262,34,37.118,49,23.48,8.8,0.48,1901,0.0256,0.194,3,0.0,2e-06,0
acc_3481,13,0.036,1,58,0,1,613,117,5.239,38,13.54,5.34,0.52,415,0.0308,0.239,3,0.0,3.5e-05,0
acc_3482,7,0.088,1,74,1,1,90,59,1.525,41,10.2,14.51,4.78,228,0.2746,0.177,3,0.0,5.3e-05,0
acc_3483,9,0.118,1,104,1,1,16,21,0.762,42,17.92,8.14,1.9,850,1.0,0.18,3,0.0,0.000106,0
acc_3484,8,0.199,1,61,0,1,198,117,1.692,41,18.27,2.45,2.19,1922,0.1046,0.223,3,0.0,6.8e-05,0
acc_3485,6,0.068,0,25,0,0,849,73,11.63,42,32.05,2.11,4.26,371,0.0402,0.243,5,0.0,5.9e-05,0
acc_3486,10,0.13,1,90,1,1,968,297,3.259,33,71.61,0.71,0.07,2031,0.0747,0.148,3,0.3333,2.6e-05,0
acc_3487,5,0.185,0,120,1,1,335,84,3.988,61,1.13,8.28,3.11,2851,0.0281,0.111,4,0.0,2.8e-05,0
acc_3488,14,0.079,1,125,0,0,719,286,2.514,52,6.22,16.96,0.51,2717,0.0322,0.326,3,0.0,4.7e-05,0
acc_3489,11,0.023,1,53,1,1,33,601,0.055,55,19.79,5.65,5.0,1742,0.7709,0.15,3,0.0,4.8e-05,0
acc_3490,9,0.161,1,106,1,1,350,75,4.667,37,44.08,2.32,7.62,1339,0.1326,0.198,3,0.0,1.3e-05,0
acc_3491,12,0.724,0,5,1,1,30,1622,0.018,3,2.02,0.54,0.1,4,0.0852,0.697,11,0.0,0.000174,1
acc_3492,9,0.169,1,113,0,0,178,28,6.357,37,105.64,5.14,2.07,1725,0.6223,0.203,3,0.0,7e-06,0
acc_3493,9,0.057,1,123,0,0,234,45,5.2,38,5.01,10.25,0.1,1319,0.0652,0.201,4,0.0,3.9e-05,0
acc_3494,6,0.002,1,67,0,1,41,641,0.064,48,43.0,0.07,5.43,2359,1.0,0.28,3,0.0,7.4e-05,0
acc_3495,11,0.082,1,35,1,0,42,33,1.273,38,50.77,3.32,3.2,2167,1.0,0.068,3,0.0,7.8e-05,0
acc_3496,12,0.015,1,145,0,0,612,310,1.974,43,10.71,7.67,0.6,2882,0.03,0.092,3,0.0,5e-06,0
acc_3497,10,0.143,1,105,0,0,176,258,0.682,49,20.83,2.79,1.42,966,0.1342,0.293,3,0.0,9.4e-05,0
acc_3498,8,0.103,1,85,1,1,1281,86,14.895,47,27.75,6.04,0.13,2053,0.0264,0.079,3,0.3333,6.9e-05,0
acc_3499,14,0.51,0,12,0,0,52,300,0.173,0,2.37,0.38,0.49,14,0.0529,0.608,12,0.0152,0.000821,1
acc_3500,5,0.175,1,94,0,0,70,276,0.254,46,118.11,7.33,0.15,1994,1.0,0.203,3,0.0,3.9e-05,0
acc_3501,10,0.147,1,26,0,1,57,15,3.8,41,17.96,1.47,9.67,973,0.341,0.152,3,0.0,2e-05,0
acc_3502,6,0.155,1,66,0,0,2908,145,20.055,57,121.45,1.07,0.58,2181,0.0421,0.253,3,0.0,7.9e-05,0
acc_3503,13,0.112,1,30,1,1,121,123,0.984,46,100.83,8.83,2.65,2284,0.9062,0.166,5,0.0,1.7e-05,0
acc_3504,10,0.161,1,28,1,0,19,209,0.091,53,65.91,3.77,7.56,2976,1.0,0.103,3,0.0,8.1e-05,0
acc_3505,13,0.106,1,22,1,1,357,81,4.407,55,28.05,3.7,3.71,2004,0.089,0.212,4,0.0,1.4e-05,0
acc_3506,4,0.112,1,121,1,0,275,53,5.189,39,37.3,2.64,0.81,1799,0.1453,0.348,3,0.0,4.2e-05,0
acc_3507,9,0.601,1,11,0,0,81,583,0.139,3,1.96,0.49,0.54,51,0.0303,0.898,10,0.0,0.000212,1
acc_3508,6,0.112,1,149,0,0,81,77,1.052,33,125.56,3.24,0.4,2485,1.0,0.159,5,0.0,1.8e-05,0
acc_3509,19,0.412,1,14,0,1,90,1447,0.062,1,0.27,0.4,0.26,154,0.0075,0.896,7,0.0,7.4e-05,1
acc_3510,9,0.397,0,5,0,1,174,2403,0.072,1,1.42,0.41,0.26,165,0.0105,0.666,9,0.0278,0.000253,1
acc_3511,13,0.086,1,88,0,0,44,113,0.389,54,33.72,0.19,2.92,1231,0.7708,0.285,5,0.0,6.5e-05,0
acc_3512,6,0.132,1,66,0,0,24,103,0.233,42,45.09,4.29,3.18,909,1.0,0.292,3,0.0,4.4e-05,0
acc_3513,11,0.015,1,130,1,1,118,340,0.347,51,8.09,2.89,1.57,1577,0.0931,0.237,4,0.0,4.2e-05,0
acc_3514,17,0.459,1,13,0,1,42,2325,0.018,2,0.18,0.37,0.69,106,0.0133,0.438,9,0.0,0.000103,1
acc_3515,12,0.697,1,1,0,0,76,1682,0.045,3,2.15,0.36,0.16,145,0.0331,0.543,11,0.0182,0.000147,1
acc_3516,8,0.78,1,14,0,1,49,616,0.08,2,3.28,0.32,0.06,65,0.0735,0.688,15,0.0,0.000269,1
acc_3517,7,0.026,1,11,0,1,449,172,2.61,37,28.21,6.73,2.93,2399,0.0778,0.096,4,0.0,9.3e-05,0
acc_3518,13,0.462,0,5,0,1,3,347,0.009,2,0.58,0.34,0.02,134,0.3071,0.844,11,0.0,0.000991,1
acc_3519,9,0.328,0,12,0,1,13,284,0.046,5,0.86,0.07,0.03,48,0.0721,0.793,12,0.0152,0.000153,1
acc_3520,4,0.019,1,40,0,0,746,45,16.578,35,43.73,5.67,2.47,1098,0.0662,0.264,3,0.0,6e-06,0
acc_3521,19,0.323,0,0,0,0,35,1236,0.028,0,2.87,0.1,0.44,76,0.0849,0.563,9,0.0,7.6e-05,1
acc_3522,14,0.617,0,10,0,1,38,838,0.045,2,1.94,0.44,0.78,98,0.0627,0.658,12,0.0,0.000318,1
acc_3523,8,0.005,1,23,1,1,537,125,4.296,37,6.8,2.48,5.19,568,0.0173,0.101,3,0.0,0.000278,0
acc_3524,8,0.688,0,12,1,1,53,2024,0.026,2,2.94,0.3,0.16,45,0.0612,0.48,17,0.0074,0.000644,1
acc_3525,4,0.029,1,20,0,1,248,156,1.59,39,25.9,7.12,1.53,645,0.1331,0.139,3,0.0,6.4e-05,0
acc_3526,5,0.165,1,51,1,0,197,161,1.224,50,70.82,4.31,4.81,765,0.3814,0.102,3,0.0,5.5e-05,0
acc_3527,14,0.067,1,58,0,1,572,477,1.199,44,31.48,6.09,0.77,2625,0.0657,0.133,3,0.0,7.9e-05,0
acc_3528,7,0.161,1,59,1,1,118,116,1.017,44,10.14,7.87,0.53,508,0.1526,0.177,4,0.0,6.9e-05,0
acc_3529,7,0.161,1,23,0,0,122,71,1.718,33,25.69,11.57,1.28,2438,0.3054,0.159,3,0.0,3.2e-05,0
acc_3530,10,0.364,0,12,1,1,75,523,0.143,1,2.49,0.38,0.05,126,0.0383,0.452,11,0.0,0.000562,1
acc_3531,6,0.155,1,15,0,0,171,773,0.221,45,64.5,2.99,8.88,2244,0.3947,0.3,3,0.0,1.6e-05,0
acc_3532,14,0.139,1,37,0,0,272,141,1.929,45,205.76,2.65,8.81,750,0.7662,0.312,4,0.0,4e-05,0
acc_3533,17,0.668,0,11,1,0,70,677,0.103,2,1.67,0.08,0.2,152,0.0249,0.769,10,0.0,0.000305,1
acc_3534,18,0.553,0,4,0,1,110,674,0.163,2,0.95,0.06,0.55,121,0.0092,0.658,13,0.0,0.000437,1
acc_3535,9,0.175,1,81,0,0,10,297,0.034,36,47.69,10.8,1.74,1364,1.0,0.145,3,0.0,2.1e-05,0
acc_3536,5,0.173,1,44,0,1,197,139,1.417,36,35.75,0.8,1.44,2387,0.1856,0.175,3,0.0,9e-06,0
acc_3537,6,0.016,1,24,1,1,869,94,9.245,52,24.68,0.07,0.99,1026,0.0285,0.065,3,0.0,0.000118,0
acc_3538,9,0.026,1,59,0,0,143,354,0.404,45,6.35,1.21,0.56,1000,0.0529,0.268,3,0.0,6e-06,0
acc_3539,8,0.087,1,56,0,0,465,202,2.302,48,28.48,5.93,3.66,949,0.074,0.176,4,0.0,0.000155,0
acc_3540,14,0.183,1,18,0,0,184,63,2.921,33,11.29,2.94,0.04,1021,0.0773,0.053,4,0.0,0.000105,0
acc_3541,8,0.185,1,71,1,0,5908,57,103.649,42,38.48,0.23,0.93,1153,0.0066,0.181,3,0.3333,2.9e-05,0
acc_3542,8,0.156,1,99,0,0,144,329,0.438,49,2.52,2.71,2.5,2798,0.0364,0.069,3,0.0,8e-06,0
acc_3543,17,0.373,0,7,0,1,8,906,0.009,2,1.4,0.22,0.04,106,0.2029,0.57,14,0.0,0.000311,1
acc_3544,18,0.768,1,11,0,1,71,1516,0.047,1,0.14,0.03,0.12,25,0.0025,0.899,8,0.0,8.3e-05,1
acc_3545,11,0.047,0,140,0,0,454,107,4.243,48,60.07,1.08,0.82,1727,0.1347,0.058,3,0.0,9.1e-05,0
acc_3546,10,0.512,1,2,0,1,43,774,0.056,2,1.09,0.12,0.81,100,0.0281,0.66,11,0.0,0.000275,1
acc_3547,14,0.165,1,137,0,0,25,99,0.253,42,14.22,6.9,4.25,2414,0.8447,0.221,3,0.0,3.7e-05,0
acc_3548,14,0.102,1,31,0,1,165,214,0.771,42,7.45,3.57,2.3,843,0.0668,0.093,4,0.0,0.000158,0
acc_3549,11,0.06,1,126,0,0,2299,525,4.379,45,70.67,4.88,1.32,1870,0.0329,0.22,4,0.0,0.000127,0
acc_3550,8,0.306,1,4,0,0,28,808,0.035,1,0.16,0.6,0.88,170,0.0272,0.567,13,0.0,0.000286,1
acc_3551,13,0.144,1,125,0,0,177,51,3.471,47,12.95,0.4,1.45,1449,0.0754,0.17,4,0.0,0.000103,0
acc_3552,17,0.444,1,13,0,1,4,1075,0.004,1,1.44,0.35,0.68,70,0.4464,0.448,12,0.0,0.001821,1
acc_3553,18,0.784,0,11,0,1,31,1657,0.019,2,3.46,0.13,0.87,142,0.116,0.566,13,0.0,0.000454,1
acc_3554,16,0.578,0,14,1,1,202,1519,0.133,3,2.02,0.47,0.35,46,0.0123,0.42,15,0.0,0.000774,1
acc_3555,13,0.013,1,40,1,0,1042,229,4.55,44,17.02,6.21,1.62,2019,0.0223,0.273,3,0.0,0.00012,0
acc_3556,8,0.14,1,97,0,0,361,61,5.918,43,26.16,0.1,5.12,1875,0.0727,0.252,3,0.0,1.2e-05,0
acc_3557,13,0.075,1,39,0,0,37,443,0.084,53,11.83,2.7,0.58,1053,0.3928,0.182,5,0.0,0.003181,0
acc_3558,11,0.549,0,14,0,1,93,773,0.12,1,0.89,0.54,0.12,153,0.0154,0.559,10,0.0,0.000694,1
acc_3559,6,0.043,1,57,1,0,3085,61,50.574,50,28.85,1.47,0.91,2140,0.0098,0.305,5,0.0,2.3e-05,0
acc_3560,10,0.057,1,128,1,0,258,920,0.28,42,60.61,6.35,5.25,976,0.2596,0.145,3,0.0,2.2e-05,0
acc_3561,7,0.117,1,103,1,1,98,924,0.106,53,12.08,3.33,0.95,810,0.1572,0.236,3,0.0,1.6e-05,0
acc_3562,12,0.098,1,80,0,1,99,39,2.538,38,69.14,1.08,0.09,2931,0.7093,0.295,3,0.0,3.8e-05,0
acc_3563,8,0.128,0,113,1,1,421,58,7.259,43,18.23,1.93,7.03,1851,0.0479,0.272,5,0.0,0.000315,0
acc_3564,12,0.01,1,74,0,1,92,58,1.586,44,59.44,1.95,0.46,2322,0.6673,0.051,3,0.0,2.8e-05,0
acc_3565,18,0.659,0,14,0,1,25,3083,0.008,1,0.5,0.29,0.62,152,0.0315,0.401,14,0.0,0.000406,1
acc_3566,8,0.189,1,60,1,1,218,33,6.606,44,4.15,11.49,2.55,1812,0.0717,0.22,4,0.1667,0.000331,0
acc_3567,12,0.01,1,101,0,1,151,316,0.478,42,160.22,7.0,2.54,2810,1.0,0.205,5,0.1,0.000188,0
acc_3568,8,0.196,1,106,1,1,25,673,0.037,52,34.37,2.55,6.7,2974,1.0,0.291,3,0.0,7e-06,0
acc_3569,5,0.105,1,36,0,0,137,37,3.703,40,6.69,10.45,1.59,2521,0.1251,0.105,3,0.0,2e-05,0
acc_3570,11,0.117,1,97,0,1,331,518,0.639,37,1.07,7.28,7.63,727,0.0252,0.111,4,0.0,2.1e-05,0
acc_3571,13,0.715,0,12,0,1,21,337,0.062,1,0.82,0.08,0.07,86,0.0432,0.871,11,0.0,0.000305,1
acc_3572,11,0.085,1,24,1,0,133,68,1.956,60,8.91,0.86,1.99,1154,0.0734,0.08,4,0.0,1.4e-05,0
acc_3573,9,0.053,1,34,0,1,271,106,2.557,53,13.14,22.72,0.2,236,0.1323,0.163,4,0.0,0.000162,0
acc_3574,10,0.135,1,96,1,1,2826,11,256.909,38,44.17,7.55,3.84,253,0.0183,0.289,3,0.0,1.8e-05,0
acc_3575,11,0.156,1,100,1,1,236,123,1.919,43,50.9,5.85,3.84,1168,0.2405,0.281,4,0.0,1.6e-05,0
acc_3576,11,0.163,1,78,0,0,478,255,1.875,41,5.79,1.85,1.05,1681,0.016,0.055,4,0.1667,3.8e-05,0
acc_3577,10,0.102,1,58,0,0,766,24,31.917,35,25.08,8.11,1.31,1714,0.0433,0.209,5,0.0,0.0001,0
acc_3578,13,0.055,1,107,1,1,646,252,2.563,34,5.28,3.92,9.22,507,0.0142,0.226,3,0.0,1e-05,0
acc_3579,16,0.457,0,6,0,1,69,1402,0.049,5,0.91,0.54,0.78,190,0.0211,0.511,15,0.0,0.000394,1
acc_3580,12,0.081,1,52,0,0,74,144,0.514,55,2.03,7.02,1.35,1227,0.1223,0.229,3,0.0,2.3e-05,0
acc_3581,7,0.12,1,103,0,0,432,49,8.816,40,74.39,2.14,1.32,1306,0.1772,0.246,5,0.0,4.9e-05,0
acc_3582,12,0.127,1,117,0,0,83,82,1.012,52,175.16,2.9,15.55,2818,1.0,0.252,3,0.0,0.000246,0
acc_3583,19,0.405,0,5,0,1,98,628,0.156,1,1.05,0.05,1.49,174,0.0113,0.663,15,0.019,0.001121,1
acc_3584,12,0.188,1,98,1,1,2575,49,52.551,47,7.5,2.3,0.87,672,0.0038,0.327,4,0.0,2.3e-05,0
acc_3585,14,0.023,1,118,0,0,20,48,0.417,52,6.79,2.95,3.49,2643,0.4869,0.316,5,0.0,0.000222,0
acc_3586,15,0.449,1,7,0,1,87,1208,0.072,3,2.9,0.13,0.05,55,0.0349,0.54,10,0.0222,0.000141,1
acc_3587,5,0.027,1,147,0,1,337,394,0.855,38,25.71,3.78,3.8,2011,0.0875,0.159,3,0.0,5e-06,0
acc_3588,9,0.021,1,121,0,0,73,299,0.244,39,143.77,2.11,1.19,280,1.0,0.132,4,0.0,1.7e-05,0
acc_3589,14,0.017,1,105,0,1,129,98,1.316,38,16.03,1.18,1.24,2333,0.1334,0.334,3,0.0,1.2e-05,0
acc_3590,9,0.367,0,3,1,0,3,1503,0.002,2,1.52,0.22,0.45,172,0.5812,0.799,12,0.0,0.000335,1
acc_3591,14,0.196,1,109,0,1,913,35,26.086,47,9.5,4.78,1.8,2059,0.0156,0.256,3,0.0,2.3e-05,0
acc_3592,10,0.011,1,34,1,0,102,141,0.723,47,6.8,3.35,1.32,2019,0.0995,0.099,5,0.0,0.000216,0
acc_3593,12,0.166,1,142,0,0,27,74,0.365,35,15.07,4.64,2.82,1151,0.7301,0.299,4,0.0,3.1e-05,0
acc_3594,13,0.182,1,114,0,0,922,58,15.897,34,33.11,0.2,0.14,1937,0.0361,0.198,3,0.0,5.3e-05,0
acc_3595,15,0.503,0,3,0,1,62,648,0.096,1,4.27,0.24,0.2,50,0.0726,0.518,8,0.0,0.000694,1
acc_3596,18,0.58,0,7,0,1,3,1387,0.002,0,2.97,0.1,0.65,169,1.0,0.423,13,0.0128,0.000483,1
acc_3597,5,0.093,0,141,0,0,403,359,1.123,51,13.61,2.35,3.22,1572,0.0396,0.153,3,0.0,7e-06,0
acc_3598,9,0.378,0,11,0,0,78,879,0.089,0,3.8,0.39,0.17,185,0.0537,0.422,10,0.0222,0.000187,1
acc_3599,10,0.001,1,48,0,1,224,24,9.333,35,55.1,0.28,6.42,723,0.2472,0.141,4,0.0,7.2e-05,0
acc_3600,8,0.18,1,48,0,0,1534,36,42.611,34,4.09,4.15,0.34,2507,0.0054,0.283,3,0.0,3.7e-05,0
acc_3601,12,0.772,0,10,1,1,65,1011,0.064,1,1.63,0.62,0.3,29,0.0347,0.434,13,0.0,0.000224,1
acc_3602,9,0.004,1,94,1,0,460,158,2.911,52,32.07,0.2,1.81,188,0.0701,0.261,4,0.0,4.4e-05,0
acc_3603,8,0.199,1,31,0,1,154,16,9.625,51,46.61,0.63,5.59,1403,0.3067,0.087,3,0.0,8e-06,0
acc_3604,6,0.164,1,149,1,1,65,226,0.288,55,25.79,8.26,0.02,2101,0.5238,0.093,4,0.0,9e-06,0
acc_3605,8,0.014,1,95,0,1,61,183,0.333,48,65.36,3.55,1.7,429,1.0,0.185,4,0.0,9.8e-05,0
acc_3606,4,0.177,1,11,0,0,93,89,1.045,38,16.86,2.14,5.91,2702,0.2043,0.056,3,0.0,2.3e-05,0
acc_3607,8,0.034,1,27,0,1,756,127,5.953,48,2.18,3.95,0.18,1856,0.0081,0.112,3,0.0,2.1e-05,0
acc_3608,6,0.075,1,91,1,1,289,160,1.806,39,25.46,3.32,3.63,348,0.0996,0.24,5,0.0,6.3e-05,0
acc_3609,8,0.107,0,139,1,1,3577,92,38.88,49,12.84,0.49,3.44,2603,0.0037,0.169,5,0.0,5.2e-05,0
acc_3610,17,0.415,0,4,0,1,108,369,0.293,4,2.11,0.18,0.82,79,0.0212,0.513,11,0.0182,0.000209,1
acc_3611,8,0.069,1,104,0,0,763,334,2.284,52,15.16,0.02,2.13,303,0.0199,0.172,4,0.0,8.2e-05,0
acc_3612,14,0.19,1,135,0,0,603,91,6.626,46,47.85,1.71,0.61,526,0.0822,0.196,3,0.0,3.6e-05,0
acc_3613,15,0.72,1,1,0,0,2,329,0.006,5,0.1,0.36,0.02,193,0.2281,0.74,12,0.0,0.000503,1
acc_3614,14,0.023,1,55,1,0,710,212,3.349,51,6.16,0.85,2.38,975,0.0099,0.129,3,0.0,6.2e-05,0
acc_3615,8,0.094,1,100,1,1,106,489,0.217,46,22.12,5.93,8.09,735,0.2646,0.208,3,0.0,1.2e-05,0
acc_3616,12,0.122,1,54,0,1,610,219,2.785,50,14.97,0.64,4.24,2802,0.0256,0.087,5,0.0,3e-05,0
acc_3617,12,0.654,0,7,0,0,16,1900,0.008,2,0.17,0.4,0.2,33,0.036,0.521,13,0.0256,0.000401,1
acc_3618,18,0.323,1,4,0,1,49,222,0.221,2,0.88,0.81,0.16,166,0.0344,0.645,7,0.0,5.5e-05,1
acc_3619,18,0.353,0,3,0,0,9,2384,0.004,2,0.66,0.48,1.02,108,0.1266,0.761,14,0.011,0.000394,1
acc_3620,14,0.099,1,82,1,1,113,355,0.318,36,14.99,5.22,0.21,2504,0.1788,0.189,4,0.0,1.8e-05,0
acc_3621,19,0.394,1,14,0,1,1,240,0.004,0,1.3,0.18,0.03,122,1.0,0.626,15,0.0095,0.000547,1
acc_3622,11,0.059,1,64,0,1,98,20,4.9,40,15.84,4.72,0.47,715,0.2098,0.112,3,0.0,9e-06,0
acc_3623,10,0.147,1,106,0,0,808,697,1.159,48,49.87,16.3,9.0,1998,0.0819,0.129,3,0.0,2e-05,0
acc_3624,12,0.086,1,24,0,1,351,257,1.366,53,13.43,3.59,3.57,2874,0.0485,0.167,3,0.0,1.5e-05,0
acc_3625,18,0.524,0,2,0,0,9,1679,0.005,2,1.34,0.43,1.04,43,0.1969,0.597,13,0.0128,0.000434,1
acc_3626,11,0.013,1,45,0,0,476,233,2.043,51,9.06,1.78,3.63,2533,0.0228,0.325,3,0.0,3e-05,0
acc_3627,10,0.013,1,74,1,0,418,110,3.8,46,56.77,4.16,0.63,972,0.1458,0.333,5,0.0,0.000137,0
acc_3628,13,0.04,1,14,0,1,250,173,1.445,44,136.57,3.92,0.39,2982,0.562,0.196,4,0.0,8.9e-05,0
acc_3629,10,0.032,1,44,0,0,665,140,4.75,34,44.0,1.39,4.35,1551,0.0683,0.186,4,0.0,4.1e-05,0
acc_3630,11,0.56,0,12,0,1,60,444,0.135,0,1.95,0.08,0.02,35,0.0338,0.787,12,0.0152,0.000395,1
acc_3631,7,0.142,1,52,0,1,249,206,1.209,51,1.3,7.19,8.67,2506,0.0341,0.169,3,0.0,3.7e-05,0
acc_3632,12,0.199,1,102,1,1,229,97,2.361,37,0.45,8.26,8.48,2787,0.038,0.266,3,0.0,6.6e-05,0
acc_3633,5,0.191,1,130,0,1,34,864,0.039,38,68.06,0.23,0.51,1144,1.0,0.094,3,0.0,1.6e-05,0
acc_3634,19,0.643,1,4,0,1,19,336,0.057,1,0.75,0.44,0.37,120,0.0625,0.754,11,0.0182,0.000306,1
acc_3635,9,0.124,1,11,0,0,335,86,3.895,56,33.81,0.51,5.27,1819,0.1024,0.231,3,0.0,3.5e-05,0
acc_3636,11,0.51,0,4,0,0,32,577,0.055,1,0.82,0.53,0.26,55,0.042,0.604,16,0.0,0.000376,1
acc_3637,10,0.073,1,14,1,0,81,802,0.101,47,75.53,0.07,3.11,279,0.9333,0.219,3,0.0,1.3e-05,0
acc_3638,6,0.012,1,68,0,1,144,198,0.727,44,68.68,17.84,0.05,760,0.6008,0.327,3,0.0,3.7e-05,0
acc_3639,14,0.571,0,10,0,1,12,901,0.013,1,0.63,0.28,0.72,66,0.0758,0.48,14,0.0,0.000525,1
acc_3640,18,0.384,0,13,0,0,5,241,0.021,2,0.18,0.31,0.7,126,0.0971,0.698,10,0.0,0.000387,1
acc_3641,14,0.323,0,9,0,1,163,1309,0.125,3,3.39,0.19,0.47,22,0.0219,0.598,8,0.0,0.000256,1
acc_3642,11,0.557,1,4,0,0,6,1561,0.004,2,2.2,1.24,0.03,98,0.5735,0.563,10,0.0,0.000208,1
acc_3643,10,0.341,0,0,0,1,1,262,0.004,1,2.98,0.44,0.62,109,1.0,0.641,12,0.0,0.000224,1
acc_3644,11,0.43,0,14,0,1,31,210,0.148,1,1.67,0.1,2.38,40,0.0572,0.654,14,0.0,0.001661,1
acc_3645,14,0.049,1,42,0,1,5073,310,16.365,53,74.02,9.05,5.36,2784,0.0164,0.143,3,0.0,1.1e-05,0
acc_3646,18,0.438,0,11,0,1,155,659,0.235,1,0.54,0.84,1.55,15,0.0089,0.452,7,0.0,0.000295,1
acc_3647,5,0.159,1,119,0,1,17,87,0.195,47,13.96,6.56,1.49,2686,1.0,0.1,3,0.0,7e-06,0
acc_3648,15,0.317,0,2,0,1,8,755,0.011,1,0.94,0.32,0.73,38,0.1576,0.531,12,0.0,0.000961,1
acc_3649,12,0.174,1,50,0,0,286,202,1.416,44,3.4,6.07,0.26,2363,0.0331,0.099,6,0.0,9.6e-05,0
acc_3650,12,0.166,1,91,0,0,255,43,5.93,51,15.44,1.89,1.37,2567,0.068,0.297,4,0.0,7.1e-05,0
acc_3651,7,0.054,1,113,1,1,95,156,0.609,49,46.7,0.15,2.57,341,0.4932,0.251,3,0.0,1.7e-05,0
acc_3652,11,0.163,1,44,0,0,229,29,7.897,46,127.11,6.97,3.01,361,0.5855,0.079,3,0.0,4.7e-05,0
acc_3653,12,0.771,0,3,0,1,184,242,0.76,2,0.43,0.77,0.83,17,0.0065,0.633,10,0.0,0.000328,1
acc_3654,11,0.065,1,115,1,0,117,110,1.064,51,3.52,2.18,2.16,1901,0.0487,0.165,4,0.0,0.000317,0
acc_3655,12,0.018,1,43,0,1,1149,105,10.943,34,56.54,7.69,1.51,2869,0.0559,0.34,3,0.0,1.2e-05,0
acc_3656,9,0.426,0,13,0,1,62,334,0.186,0,3.34,0.09,1.04,93,0.0554,0.803,16,0.0083,0.000322,1
acc_3657,16,0.668,1,10,1,1,4,2339,0.002,1,2.44,0.26,1.17,166,0.6744,0.421,10,0.0,0.000112,1
acc_3658,9,0.063,1,147,0,0,162,123,1.317,44,0.09,7.76,3.44,381,0.0485,0.172,3,0.0,1.1e-05,0
acc_3659,16,0.77,0,9,1,1,33,991,0.033,2,0.13,0.48,0.1,100,0.0188,0.579,13,0.0256,0.000294,1
acc_3660,8,0.009,1,145,0,1,313,65,4.815,53,35.26,2.87,1.21,1198,0.1218,0.198,3,0.0,5.4e-05,0
acc_3661,13,0.659,1,3,0,1,14,5634,0.002,2,0.26,0.96,0.2,11,0.087,0.6,11,0.0,0.000603,1
acc_3662,16,0.778,1,5,1,1,63,706,0.089,5,0.92,0.13,1.36,23,0.0166,0.626,9,0.0,0.0001,1
acc_3663,7,0.125,1,124,1,1,22,501,0.044,33,5.76,0.24,2.3,1314,0.2727,0.301,3,0.0,2.9e-05,0
acc_3664,7,0.062,1,80,1,0,39,260,0.15,53,92.38,0.25,1.02,736,1.0,0.256,4,0.0,4e-05,0
acc_3665,19,0.589,0,5,0,0,24,578,0.042,3,1.19,0.65,0.51,84,0.0769,0.887,11,0.0182,0.000276,1
acc_3666,4,0.121,1,19,0,1,169,121,1.397,47,12.84,3.09,3.13,377,0.0942,0.156,3,0.0,1.2e-05,0
acc_3667,12,0.015,1,46,0,1,781,540,1.446,35,50.43,0.9,1.28,1174,0.0657,0.316,3,0.0,1.4e-05,0
acc_3668,11,0.729,0,13,0,1,31,1002,0.031,1,1.56,0.28,0.53,52,0.0597,0.861,14,0.0,0.00032,1
acc_3669,6,0.099,1,125,0,1,310,71,4.366,43,60.29,3.12,1.09,2411,0.2045,0.304,3,0.0,8.8e-05,0
acc_3670,10,0.081,1,93,0,1,317,78,4.064,49,50.34,2.84,0.91,761,0.1678,0.349,3,0.0,8e-06,0
acc_3671,12,0.0,1,31,0,0,133,1615,0.082,43,72.18,0.29,2.36,2176,0.5449,0.33,3,0.0,8e-06,0
acc_3672,10,0.67,0,12,0,1,3,821,0.004,2,0.43,0.12,0.73,150,0.1837,0.596,7,0.0,0.000585,1
acc_3673,6,0.179,1,37,1,1,121,147,0.823,52,22.16,1.02,3.53,2361,0.1916,0.212,3,0.0,0.000121,0
acc_3674,13,0.477,0,14,0,1,56,502,0.112,2,1.55,0.49,0.8,60,0.0365,0.609,13,0.0,0.000426,1
acc_3675,9,0.185,1,84,0,0,553,132,4.189,41,25.79,1.6,3.58,1656,0.0495,0.261,3,0.0,1.5e-05,0
acc_3676,11,0.042,1,123,0,1,923,64,14.422,53,2.47,3.65,2.9,2227,0.0066,0.187,3,0.0,0.000117,0
acc_3677,7,0.044,1,109,1,0,189,163,1.16,51,44.65,2.73,4.85,1927,0.2507,0.142,3,0.0,2.8e-05,0
acc_3678,16,0.672,0,6,0,0,32,252,0.127,1,1.25,0.52,0.22,78,0.0551,0.598,8,0.0,0.000485,1
acc_3679,14,0.405,1,11,0,1,109,631,0.173,2,0.3,0.07,0.03,182,0.0034,0.574,9,0.0,8.7e-05,1
acc_3680,11,0.157,1,99,0,1,161,105,1.533,35,6.16,3.05,4.37,2833,0.0572,0.177,3,0.0,4e-06,0
acc_3681,8,0.442,1,2,0,1,24,837,0.029,2,3.48,1.35,0.12,45,0.2013,0.673,4,0.0,4.4e-05,1
acc_3682,9,0.121,1,96,0,0,138,68,2.029,60,17.9,5.92,3.55,2299,0.1727,0.082,3,0.0,5.5e-05,0
acc_3683,6,0.026,1,111,1,0,244,135,1.807,39,11.68,0.52,0.14,2300,0.05,0.313,4,0.0,7.5e-05,0
acc_3684,18,0.633,1,8,0,0,67,366,0.183,3,3.81,0.1,0.41,106,0.0582,0.516,13,0.0,0.000518,1
acc_3685,9,0.004,1,132,1,0,67,426,0.157,50,14.24,0.01,1.09,411,0.2127,0.168,3,0.0,5e-06,0
acc_3686,12,0.058,0,70,0,1,918,377,2.435,49,47.78,3.16,1.91,1726,0.0555,0.175,4,0.0,1.5e-05,0
acc_3687,11,0.646,1,11,0,1,23,2354,0.01,1,0.43,0.03,0.16,7,0.02,0.607,12,0.0,0.000581,1
acc_3688,5,0.072,0,46,0,0,696,90,7.733,50,13.15,2.65,0.91,620,0.0227,0.135,3,0.0,1.8e-05,0
acc_3689,8,0.008,1,136,0,1,1379,357,3.863,43,18.85,0.78,2.14,1554,0.0142,0.091,3,0.0,5e-06,0
acc_3690,10,0.133,1,24,1,0,172,50,3.44,74,24.54,4.43,4.93,2703,0.1684,0.072,3,0.0,1.4e-05,0
acc_3691,7,0.016,1,135,0,0,294,200,1.47,49,57.06,9.63,1.37,1237,0.2268,0.274,3,0.0,0.000121,0
acc_3692,18,0.569,1,4,1,0,11,2050,0.005,4,1.12,0.58,0.34,112,0.1553,0.778,13,0.0,0.000568,1
acc_3693,13,0.094,1,51,0,1,914,36,25.389,41,163.7,0.78,0.63,1808,0.18,0.241,3,0.3333,1.7e-05,0
acc_3694,10,0.196,1,136,0,1,297,603,0.493,46,23.17,2.6,2.98,886,0.0868,0.327,3,0.0,1.6e-05,0
acc_3695,10,0.491,0,4,0,1,14,3461,0.004,1,1.1,0.13,1.07,17,0.0879,0.832,4,0.0,0.000178,1
acc_3696,11,0.04,1,100,0,1,264,280,0.943,47,13.34,9.23,0.01,639,0.0855,0.165,3,0.0,2e-05,0
acc_3697,10,0.074,1,130,1,1,760,177,4.294,31,8.36,0.52,0.02,1479,0.0117,0.129,6,0.0,0.00013,0
acc_3698,15,0.542,0,2,1,1,4,1103,0.004,1,0.59,0.08,0.74,10,0.169,0.73,15,0.0095,0.000524,1
acc_3699,7,0.157,1,148,1,0,27,158,0.171,33,46.1,0.96,4.21,2631,1.0,0.132,3,0.0,7e-06,0
acc_3700,17,0.786,1,0,0,1,146,2137,0.068,2,0.63,0.54,0.52,59,0.008,0.88,8,0.0,0.000105,1
acc_3701,12,0.195,1,16,1,1,482,363,1.328,46,9.12,2.7,9.07,2578,0.0245,0.24,3,0.3333,6e-06,0
acc_3702,8,0.038,1,149,0,1,62,790,0.078,33,0.28,5.31,8.72,838,0.0901,0.073,3,0.0,7e-06,0
acc_3703,12,0.138,1,87,0,1,220,375,0.587,50,13.95,0.5,3.53,768,0.0657,0.253,3,0.0,6e-06,0
acc_3704,12,0.065,1,36,0,1,936,125,7.488,35,12.35,0.68,0.56,953,0.0139,0.121,4,0.0,5.9e-05,0
acc_3705,10,0.143,1,139,1,0,358,1095,0.327,39,18.19,0.06,6.6,2247,0.051,0.278,4,0.0,1.9e-05,0
acc_3706,9,0.732,0,5,1,1,21,335,0.063,2,0.14,0.15,0.96,122,0.0135,0.766,15,0.019,0.0002,1
acc_3707,17,0.455,0,5,0,1,6,657,0.009,6,4.35,0.03,0.02,33,0.7299,0.735,11,0.0182,0.000427,1
acc_3708,8,0.035,1,28,0,1,1998,127,15.732,51,35.61,12.19,7.92,1670,0.0239,0.258,4,0.0,1.1e-05,0
acc_3709,8,0.09,1,24,0,0,220,113,1.947,38,18.12,0.86,0.19,1313,0.0863,0.217,3,0.0,3e-05,0
acc_3710,13,0.159,1,24,0,1,461,198,2.328,37,0.71,6.98,1.37,1361,0.0167,0.242,4,0.0,3.6e-05,0
acc_3711,15,0.443,1,5,0,1,32,738,0.043,2,0.64,0.08,0.03,90,0.0223,0.664,10,0.0,0.00044,1
acc_3712,8,0.1,1,145,0,1,484,197,2.457,34,117.06,5.09,2.11,2101,0.2524,0.073,3,0.0,6.7e-05,0
acc_3713,13,0.46,0,12,0,1,25,282,0.089,4,0.89,0.04,0.62,186,0.0372,0.556,10,0.0,0.000102,1
acc_3714,9,0.773,0,0,0,1,64,962,0.067,2,1.35,0.54,0.2,81,0.0296,0.742,14,0.033,0.001223,1
acc_3715,12,0.767,0,1,0,1,106,241,0.44,1,3.11,0.14,1.21,35,0.0307,0.512,8,0.0357,0.00015,1
acc_3716,5,0.054,1,65,0,0,103,58,1.776,51,4.54,2.84,6.01,1897,0.0716,0.3,4,0.0,0.000461,0
acc_3717,10,0.146,1,80,0,1,496,39,12.718,56,20.69,0.61,11.83,2285,0.0429,0.248,3,0.0,1.6e-05,0
acc_3718,11,0.028,1,147,0,1,663,318,2.085,49,13.24,2.98,0.59,2226,0.0245,0.227,3,0.0,1.9e-05,0
acc_3719,5,0.034,1,50,1,0,88,348,0.253,49,12.26,0.39,1.8,1794,0.1438,0.158,4,0.1667,0.000101,0
acc_3720,14,0.422,1,7,0,1,58,1155,0.05,3,3.76,0.16,0.05,175,0.0676,0.885,12,0.0152,0.000561,1
acc_3721,11,0.666,0,3,0,1,36,1282,0.028,2,0.77,0.36,0.42,22,0.0313,0.873,14,0.011,0.000484,1
acc_3722,11,0.738,1,10,0,1,107,1139,0.094,1,1.41,0.34,0.82,194,0.0163,0.632,10,0.0,0.000225,1
acc_3723,14,0.073,1,123,1,1,88,34,2.588,43,6.13,0.64,2.21,1602,0.077,0.293,4,0.1667,0.000101,0
acc_3724,5,0.196,1,58,0,0,212,110,1.927,51,15.5,2.29,6.26,926,0.0839,0.343,6,0.0,7.6e-05,0
acc_3725,16,0.427,1,7,0,0,59,419,0.141,4,1.78,0.14,0.29,121,0.0326,0.876,10,0.0222,0.00099,1
acc_3726,6,0.032,1,12,0,0,91,139,0.655,37,81.6,14.24,0.93,864,1.0,0.089,3,0.0,2.5e-05,0
acc_3727,5,0.031,1,131,0,1,28,109,0.257,55,35.98,0.25,8.77,1939,1.0,0.254,3,0.0,1e-05,0
acc_3728,12,0.084,1,84,1,1,314,158,1.987,46,43.76,3.59,1.72,2068,0.1508,0.275,4,0.0,0.000128,0
acc_3729,4,0.089,1,87,1,0,133,140,0.95,34,13.76,1.68,1.8,874,0.1161,0.262,5,0.0,6.2e-05,0
acc_3730,8,0.115,0,83,0,0,95,65,1.462,38,27.81,2.64,1.17,1598,0.3206,0.312,5,0.0,5.1e-05,0
acc_3731,15,0.728,0,2,0,0,1,630,0.002,5,0.92,0.06,0.8,139,0.9757,0.718,11,0.0,0.000781,1
acc_3732,14,0.124,1,32,0,1,148,433,0.342,39,36.16,8.96,0.02,301,0.3049,0.268,4,0.0,8.4e-05,0
acc_3733,7,0.152,1,58,1,1,65,153,0.425,40,17.08,2.4,0.57,322,0.2997,0.312,3,0.0,1.1e-05,0
acc_3734,10,0.615,1,4,0,1,33,2415,0.014,2,4.31,0.12,0.55,52,0.1344,0.556,12,0.0,0.00023,1
acc_3735,11,0.03,1,78,0,0,209,14,14.929,43,0.58,6.76,1.21,1088,0.0351,0.063,3,0.0,3.9e-05,0
acc_3736,14,0.105,1,80,0,0,455,527,0.863,40,90.62,4.05,4.94,856,0.2081,0.21,4,0.0,1.6e-05,0
acc_3737,6,0.011,1,102,1,0,62,111,0.559,36,26.46,3.67,3.95,2302,0.486,0.109,3,0.0,3e-06,0
acc_3738,6,0.019,1,146,0,1,135,41,3.293,40,28.87,3.96,4.7,414,0.2432,0.264,5,0.0,4.5e-05,0
acc_3739,8,0.13,1,87,0,0,220,98,2.245,38,15.26,1.21,1.34,2565,0.0749,0.228,3,0.0,0.000143,0
acc_3740,10,0.114,1,95,1,0,68,64,1.062,46,69.26,0.12,0.85,1091,1.0,0.249,6,0.0,0.000448,0
acc_3741,13,0.013,1,32,1,0,280,165,1.697,46,8.19,0.96,1.24,1057,0.0327,0.117,3,0.0,6e-06,0
acc_3742,7,0.065,1,110,0,0,157,518,0.303,53,42.08,1.21,0.32,1049,0.2757,0.053,3,0.0,5.2e-05,0
acc_3743,17,0.399,1,11,1,1,51,614,0.083,1,1.14,0.27,0.1,171,0.0275,0.75,8,0.0,0.000232,1
acc_3744,19,0.711,0,10,0,0,103,301,0.342,2,0.41,0.61,0.98,113,0.0099,0.563,19,0.0058,0.000785,1
acc_3745,12,0.174,1,98,1,1,221,72,3.069,43,83.91,3.22,4.94,2705,0.3942,0.062,3,0.0,1.3e-05,0
acc_3746,9,0.705,0,5,0,1,61,1010,0.06,2,3.95,0.2,0.1,190,0.0679,0.559,10,0.0,0.000192,1
acc_3747,11,0.689,0,8,0,0,31,1043,0.03,2,0.64,0.07,1.07,54,0.0229,0.408,12,0.0,0.000447,1
acc_3748,5,0.081,1,94,0,0,362,467,0.775,42,5.21,4.39,4.47,2086,0.0265,0.182,3,0.0,2e-05,0
acc_3749,7,0.019,1,85,1,0,138,261,0.529,39,37.96,4.69,0.07,1672,0.3091,0.271,3,0.0,1.4e-05,0
acc_3750,9,0.178,1,43,1,1,54,239,0.226,45,15.55,0.68,1.37,2424,0.3005,0.196,4,0.0,5.2e-05,0
acc_3751,7,0.032,1,116,0,1,526,42,12.524,39,22.93,1.92,3.08,902,0.0473,0.281,3,0.0,0.000177,0
acc_3752,10,0.141,1,48,0,0,2537,171,14.836,42,48.61,16.57,2.37,1866,0.0257,0.242,3,0.0,7e-06,0
acc_3753,5,0.005,1,137,0,0,118,246,0.48,47,44.39,6.11,13.98,336,0.428,0.326,4,0.0,3.4e-05,0
acc_3754,10,0.056,0,67,0,0,364,349,1.043,49,100.36,1.88,1.43,1639,0.2809,0.245,3,0.0,1.1e-05,0
acc_3755,11,0.107,1,110,0,1,259,183,1.415,49,70.5,0.07,0.82,1761,0.2725,0.09,4,0.0,7.8e-05,0
acc_3756,13,0.126,1,67,0,1,161,53,3.038,54,58.3,9.54,2.12,1138,0.4213,0.124,5,0.0,4.5e-05,0
acc_3757,5,0.113,1,47,0,1,651,74,8.797,38,12.26,3.45,1.36,456,0.0241,0.202,3,0.0,1.8e-05,0
acc_3758,12,0.133,1,36,1,0,39,101,0.386,39,13.7,2.16,3.46,452,0.4065,0.161,3,0.0,6e-06,0
acc_3759,17,0.561,0,12,0,0,103,1407,0.073,0,0.77,0.23,0.03,194,0.0097,0.772,15,0.019,0.000318,1
acc_3760,12,0.061,1,122,1,1,110,126,0.873,50,62.2,1.79,4.85,2779,0.5817,0.293,4,0.0,0.000163,0
acc_3761,13,0.176,1,64,1,0,424,85,4.988,45,41.45,0.88,10.61,2208,0.0998,0.232,5,0.0,2.4e-05,0
acc_3762,17,0.547,1,10,0,0,29,203,0.143,2,1.61,0.19,0.2,89,0.0622,0.898,7,0.0,0.000604,1
acc_3763,11,0.478,0,12,0,1,2,563,0.004,3,2.16,0.29,0.68,8,1.0,0.832,8,0.0,0.000129,1
acc_3764,9,0.112,1,26,1,0,673,121,5.562,50,2.07,3.0,0.39,1877,0.0075,0.241,4,0.0,3.7e-05,0
acc_3765,4,0.148,1,101,0,0,456,13,35.077,38,15.17,2.57,1.25,1470,0.0389,0.314,4,0.0,2.5e-05,0
acc_3766,12,0.173,1,113,0,0,568,105,5.41,42,61.54,1.04,0.14,435,0.1102,0.107,3,0.0,1e-05,0
acc_3767,10,0.144,1,44,1,0,347,76,4.566,45,16.77,5.56,3.44,393,0.0644,0.058,3,0.0,3e-05,0
acc_3768,10,0.185,0,105,0,1,1842,99,18.606,50,33.25,1.79,2.37,1167,0.019,0.156,3,0.0,1.5e-05,0
acc_3769,11,0.156,1,56,0,1,343,59,5.814,46,11.87,7.14,8.72,2845,0.0554,0.323,3,0.0,2.9e-05,0
acc_3770,9,0.073,1,138,0,0,220,230,0.957,39,43.09,3.45,4.97,1093,0.2115,0.18,3,0.0,3.4e-05,0
acc_3771,8,0.026,1,138,0,1,493,181,2.724,41,65.54,15.37,0.09,473,0.1641,0.249,4,0.0,4.9e-05,0
acc_3772,12,0.489,1,4,0,0,43,1444,0.03,2,0.25,0.48,0.38,40,0.017,0.473,14,0.011,0.000556,1
acc_3773,17,0.749,1,13,0,1,132,386,0.342,1,4.17,0.27,0.32,118,0.0336,0.757,15,0.0,0.000443,1
acc_3774,5,0.039,1,82,0,0,46,121,0.38,38,5.53,2.27,2.95,333,0.1697,0.166,4,0.0,4.9e-05,0
acc_3775,16,0.535,0,4,0,1,9,1452,0.006,1,5.63,0.16,0.52,95,0.6434,0.695,9,0.0,7.6e-05,1
acc_3776,5,0.109,1,33,1,1,625,60,10.417,49,77.95,0.66,9.42,2731,0.1258,0.348,3,0.0,5.2e-05,0
acc_3777,11,0.018,1,57,1,1,84,30,2.8,51,41.98,10.03,1.56,1066,0.6192,0.193,3,0.0,3e-06,0
acc_3778,10,0.192,1,144,1,0,117,106,1.104,43,47.97,10.53,0.64,2916,0.5,0.335,3,0.0,2.1e-05,0
acc_3779,11,0.037,1,118,0,1,301,906,0.332,44,36.34,1.76,1.87,2089,0.1266,0.21,3,0.0,6e-06,0
acc_3780,7,0.078,1,120,0,0,146,260,0.562,45,8.49,4.87,0.25,2772,0.0915,0.332,4,0.0,0.000141,0
acc_3781,13,0.643,0,5,0,1,60,494,0.121,4,1.54,0.18,0.15,135,0.0287,0.778,16,0.0083,0.000522,1
acc_3782,10,0.048,1,48,0,0,225,39,5.769,43,17.56,1.45,1.58,415,0.0845,0.249,3,0.0,1.8e-05,0
acc_3783,8,0.322,0,5,1,1,155,264,0.587,1,4.33,0.49,0.09,80,0.0311,0.875,8,0.0,0.000116,1
acc_3784,8,0.095,1,135,0,1,44,47,0.936,41,12.91,0.06,1.36,2864,0.2946,0.323,5,0.0,4.4e-05,0
acc_3785,4,0.021,1,99,0,0,78,22,3.545,43,58.48,2.15,3.1,1029,0.7773,0.086,3,0.0,3.4e-05,0
acc_3786,12,0.099,1,18,0,0,139,64,2.172,44,49.32,0.86,0.4,1675,0.361,0.326,3,0.0,1.6e-05,0
acc_3787,10,0.034,1,11,1,1,919,147,6.252,48,1.56,5.7,0.89,722,0.0079,0.27,3,0.0,1.9e-05,0
acc_3788,13,0.15,1,34,1,1,587,234,2.509,49,8.96,3.33,0.66,1219,0.0209,0.239,3,0.0,9e-06,0
acc_3789,13,0.055,1,118,1,0,211,200,1.055,50,14.33,3.72,0.11,683,0.0855,0.325,3,0.0,5e-06,0
acc_3790,10,0.066,1,33,0,1,250,228,1.096,46,65.98,3.41,4.26,813,0.2776,0.167,3,0.0,1.1e-05,0
acc_3791,6,0.034,1,148,1,0,187,184,1.016,53,19.29,0.14,0.41,1813,0.1039,0.321,3,0.0,8e-06,0
acc_3792,7,0.191,1,106,1,0,51,267,0.191,36,36.92,0.25,4.45,1366,0.7287,0.261,3,0.0,0.000107,0
acc_3793,17,0.305,0,9,0,1,97,865,0.112,1,1.57,1.19,2.39,181,0.0285,0.581,10,0.0,0.000448,1
acc_3794,11,0.023,1,117,0,1,1505,10,150.5,55,109.6,4.66,5.13,638,0.0759,0.284,3,0.0,1.6e-05,0
acc_3795,11,0.02,1,119,1,0,408,1395,0.292,55,31.78,1.5,5.96,2054,0.0816,0.088,3,0.0,2e-06,0
acc_3796,8,0.153,1,60,1,1,74,38,1.947,45,67.18,5.5,11.74,855,0.9821,0.284,3,0.0,5e-06,0
acc_3797,5,0.138,1,116,1,1,137,220,0.623,37,45.5,9.4,6.73,536,0.4007,0.309,3,0.0,2.8e-05,0
acc_3798,13,0.168,1,116,1,0,208,240,0.867,40,2.95,0.54,10.57,816,0.0168,0.101,3,0.0,1.9e-05,0
acc_3799,15,0.537,1,6,0,1,181,205,0.883,5,1.19,0.17,0.6,172,0.0075,0.657,16,0.0,0.000551,1
acc_3800,13,0.795,1,10,1,1,15,1435,0.01,1,1.01,0.02,0.77,57,0.0693,0.666,10,0.0,0.000211,1
acc_3801,13,0.152,1,147,0,1,114,18,6.333,36,16.52,4.0,1.67,2858,0.18,0.168,3,0.0,4.2e-05,0
acc_3802,11,0.111,1,85,0,1,193,58,3.328,48,9.56,1.99,2.99,967,0.0599,0.316,4,0.0,3.5e-05,0
acc_3803,12,0.052,1,55,0,1,63,1647,0.038,46,85.92,9.06,0.39,1212,1.0,0.067,3,0.0,5.7e-05,0
acc_3804,15,0.616,1,9,1,1,31,822,0.038,2,3.94,0.34,0.62,16,0.138,0.454,13,0.0,0.000286,1
acc_3805,14,0.648,1,7,1,1,64,217,0.295,3,1.26,0.03,0.37,3,0.0201,0.419,7,0.0,0.000334,1
acc_3806,14,0.147,1,41,1,0,45,110,0.409,51,7.23,5.18,5.1,1298,0.2758,0.164,5,0.0,6.3e-05,0
acc_3807,4,0.13,1,99,0,0,380,125,3.04,52,0.17,4.63,0.79,1812,0.0126,0.196,6,0.0,0.000208,0
acc_3808,14,0.113,1,23,1,1,140,1327,0.106,49,1.83,0.45,3.47,2954,0.0163,0.134,3,0.0,9e-06,0
acc_3809,14,0.671,0,11,0,1,70,1471,0.048,0,0.79,0.03,1.73,35,0.0117,0.41,9,0.0,0.00038,1
acc_3810,6,0.168,1,110,0,0,52,53,0.981,49,12.05,3.38,0.22,374,0.2968,0.255,3,0.0,5.9e-05,0
acc_3811,4,0.056,1,97,0,0,23,82,0.28,37,27.12,0.39,4.97,751,1.0,0.15,3,0.0,1.4e-05,0
acc_3812,10,0.091,1,124,1,0,215,201,1.07,46,57.84,0.17,3.57,1710,0.2698,0.273,3,0.0,2.1e-05,0
acc_3813,12,0.142,1,127,0,0,123,118,1.042,43,8.35,5.62,2.26,869,0.1136,0.23,5,0.0,0.000231,0
acc_3814,16,0.557,0,0,1,0,44,228,0.193,0,6.67,0.68,0.04,113,0.167,0.842,8,0.0,0.00014,1
acc_3815,14,0.757,0,7,0,0,14,564,0.025,1,0.1,0.16,0.04,107,0.0191,0.576,3,0.0,1.2e-05,1
acc_3816,9,0.405,0,7,0,1,43,2443,0.018,1,7.99,0.17,0.28,158,0.1899,0.772,11,0.0,0.000396,1
acc_3817,11,0.03,1,19,0,1,513,598,0.858,48,3.58,3.13,2.85,193,0.0131,0.249,3,0.0,1.4e-05,0
acc_3818,10,0.199,1,30,1,1,366,699,0.524,42,15.52,1.56,0.24,1165,0.0467,0.094,5,0.0,0.000677,0
acc_3819,12,0.178,1,129,0,0,105,76,1.382,52,13.06,1.16,0.72,1170,0.1354,0.121,3,0.0,5e-06,0
acc_3820,8,0.423,1,8,0,0,24,1831,0.013,1,0.98,1.09,0.37,186,0.0859,0.446,9,0.0,0.000224,1
acc_3821,5,0.129,1,75,0,0,630,338,1.864,45,21.79,0.15,1.38,969,0.0348,0.176,4,0.0,1.8e-05,0
acc_3822,9,0.192,1,67,0,0,53,477,0.111,42,17.78,1.02,0.58,758,0.3546,0.275,3,0.0,1.8e-05,0
acc_3823,14,0.359,1,2,1,1,70,1303,0.054,1,2.7,0.04,0.17,58,0.0392,0.689,11,0.0,0.000135,1
acc_3824,8,0.093,1,77,1,0,562,78,7.205,46,29.84,0.54,1.29,2603,0.0541,0.125,4,0.1667,9.6e-05,0
acc_3825,7,0.101,1,11,1,1,2889,91,31.747,51,36.7,4.72,0.65,1735,0.0143,0.101,3,0.0,5e-05,0
acc_3826,13,0.379,0,11,0,0,43,2971,0.014,2,0.87,1.66,0.85,119,0.0588,0.63,16,0.0,0.00106,1
acc_3827,12,0.017,1,16,0,0,98,131,0.748,48,50.96,8.09,10.6,532,0.6026,0.125,3,0.0,2.7e-05,0
acc_3828,7,0.082,1,32,0,0,57,150,0.38,49,8.36,16.45,0.02,2752,0.4353,0.092,5,0.0,0.000275,0
acc_3829,11,0.098,1,75,0,1,123,108,1.139,44,1.23,3.93,1.21,215,0.042,0.175,3,0.0,3.7e-05,0
acc_3830,13,0.357,0,12,0,1,22,1633,0.013,2,0.34,0.37,0.89,175,0.0319,0.801,14,0.011,0.000602,1
acc_3831,13,0.041,1,50,1,0,19,128,0.148,43,34.97,1.41,2.97,196,1.0,0.317,3,0.0,4.8e-05,0
acc_3832,9,0.071,1,124,0,0,7,117,0.06,44,123.46,6.5,4.0,2590,1.0,0.101,3,0.0,2.2e-05,0
acc_3833,14,0.012,1,107,0,0,162,235,0.689,40,30.31,19.41,9.38,1445,0.3069,0.239,5,0.0,0.000143,0
acc_3834,13,0.151,1,144,1,0,695,79,8.797,39,55.87,3.72,3.01,410,0.0857,0.27,4,0.0,1.3e-05,0
acc_3835,11,0.183,1,142,1,0,23,334,0.069,45,65.42,0.13,0.54,336,1.0,0.34,4,0.0,4.5e-05,0
acc_3836,4,0.066,0,87,0,1,31,186,0.167,50,67.39,12.32,4.13,2653,1.0,0.075,3,0.0,3.2e-05,0
acc_3837,12,0.67,0,5,0,1,88,1125,0.078,3,0.95,1.16,0.3,187,0.024,0.489,8,0.0,0.000102,1
acc_3838,7,0.148,1,55,1,0,828,35,23.657,44,32.11,4.94,3.95,2751,0.0447,0.158,3,0.0,2.4e-05,0
acc_3839,8,0.02,1,43,0,1,244,81,3.012,47,3.65,6.1,1.63,1631,0.04,0.245,3,0.0,2.1e-05,0
acc_3840,9,0.125,1,138,0,0,60,957,0.063,33,79.59,1.29,5.11,1044,1.0,0.064,3,0.0,9e-06,0
acc_3841,9,0.171,1,68,0,1,643,988,0.651,58,59.24,2.22,3.46,1039,0.0956,0.328,4,0.0,1.4e-05,0
acc_3842,8,0.708,0,10,0,1,76,1308,0.058,4,1.45,0.27,1.62,6,0.0226,0.603,12,0.0,0.000361,1
acc_3843,11,0.571,0,11,0,1,21,629,0.033,3,1.89,0.66,0.12,183,0.1215,0.686,13,0.0,0.001053,1
acc_3844,9,0.533,0,1,0,0,19,1189,0.016,4,0.39,0.71,0.37,11,0.0579,0.864,12,0.0,0.000266,1
acc_3845,7,0.098,1,83,0,0,364,155,2.348,50,10.43,2.18,1.26,905,0.0346,0.203,3,0.0,1.8e-05,0
acc_3846,10,0.02,1,31,0,0,240,75,3.2,47,35.04,2.69,0.76,2740,0.1572,0.073,4,0.0,4e-06,0
acc_3847,9,0.12,1,29,0,1,1579,92,17.163,37,25.8,5.88,2.91,209,0.0201,0.312,4,0.0,7.5e-05,0
acc_3848,4,0.106,1,122,0,0,406,73,5.562,47,173.67,4.26,3.64,1645,0.4382,0.163,3,0.0,3.9e-05,0
acc_3849,13,0.026,1,114,0,1,23,197,0.117,57,11.21,8.7,1.97,303,0.8654,0.305,3,0.0,5e-06,0
acc_3850,11,0.03,1,46,0,0,689,94,7.33,63,32.12,6.68,5.2,1083,0.0563,0.214,3,0.0,2.5e-05,0
acc_3851,8,0.676,1,13,0,1,6,427,0.014,4,0.81,0.12,0.02,23,0.1541,0.554,15,0.0095,0.00041,1
acc_3852,13,0.199,1,78,1,0,5088,234,21.744,58,5.11,1.26,1.55,1006,0.0013,0.082,3,0.0,1.8e-05,0
acc_3853,7,0.094,1,19,1,0,1153,226,5.102,44,4.13,1.56,0.78,732,0.0049,0.215,4,0.0,5.8e-05,0
acc_3854,5,0.078,1,65,1,1,49,557,0.088,47,47.97,1.47,6.35,967,1.0,0.222,4,0.0,3.8e-05,0
acc_3855,10,0.027,1,17,0,1,108,15,7.2,45,85.45,9.57,0.06,2779,0.8797,0.204,5,0.0,7.2e-05,0
acc_3856,14,0.173,1,147,0,0,1887,251,7.518,55,5.42,2.07,0.51,752,0.004,0.051,3,0.0,2.1e-05,0
acc_3857,13,0.149,1,109,0,1,185,216,0.856,33,23.95,4.57,3.52,797,0.1542,0.183,4,0.0,7.5e-05,0
acc_3858,9,0.127,1,93,0,0,309,259,1.193,43,20.78,4.3,1.07,2218,0.0812,0.123,3,0.0,5.8e-05,0
acc_3859,12,0.606,1,9,0,1,1,321,0.003,4,0.25,0.17,0.41,162,0.4193,0.582,15,0.0095,0.000432,1
acc_3860,19,0.692,0,9,0,0,88,610,0.144,4,0.6,0.03,0.14,28,0.0072,0.602,13,0.0128,0.000189,1
acc_3861,9,0.038,1,146,0,1,85,250,0.34,40,6.97,6.5,3.21,2961,0.1585,0.285,3,0.0,0.001015,0
acc_3862,11,0.02,1,74,0,1,69,31,2.226,46,30.54,0.93,0.28,1621,0.4561,0.178,3,0.0,1.8e-05,0
acc_3863,14,0.183,1,136,0,0,696,87,8.0,46,148.48,3.15,7.3,228,0.2179,0.257,3,0.0,2.4e-05,0
acc_3864,14,0.084,1,29,0,0,248,44,5.636,44,43.24,7.79,6.46,1344,0.2057,0.132,3,0.0,2.5e-05,0
acc_3865,13,0.413,1,7,0,0,48,261,0.184,2,1.34,0.46,0.13,9,0.0374,0.639,10,0.0667,0.000347,1
acc_3866,12,0.106,1,106,0,0,1176,601,1.957,44,33.21,0.62,2.97,1851,0.0288,0.229,4,0.0,3.5e-05,0
acc_3867,13,0.041,1,142,1,0,172,379,0.454,50,69.15,2.24,0.7,2181,0.4151,0.233,3,0.0,7e-06,0
acc_3868,7,0.067,1,37,1,0,529,121,4.372,51,4.11,0.82,3.37,1103,0.0093,0.066,3,0.0,2.4e-05,0
acc_3869,12,0.003,1,96,1,0,99,32,3.094,46,47.19,0.03,0.05,2168,0.477,0.315,3,0.0,2e-05,0
acc_3870,10,0.185,1,11,1,1,79,275,0.287,42,14.38,12.43,4.93,2403,0.3393,0.212,3,0.0,4.1e-05,0
acc_3871,13,0.607,0,7,0,1,118,1119,0.105,2,1.84,0.21,0.01,50,0.0174,0.497,10,0.0,0.000255,1
acc_3872,13,0.078,1,136,1,1,612,68,9.0,47,11.52,0.32,4.61,1424,0.0193,0.203,3,0.0,1.5e-05,0
acc_3873,9,0.059,1,141,1,0,65,219,0.297,40,34.48,0.36,0.92,2272,0.536,0.131,3,0.0,1.4e-05,0
acc_3874,9,0.121,1,84,0,0,520,204,2.549,50,25.72,8.09,11.12,1645,0.065,0.076,3,0.0,5e-05,0
acc_3875,13,0.191,1,139,1,0,344,81,4.247,46,92.22,2.07,1.55,1908,0.2741,0.161,3,0.3333,5e-05,0
acc_3876,11,0.734,0,6,0,0,14,2398,0.006,4,0.79,0.25,0.06,18,0.0738,0.806,11,0.0182,0.000616,1
acc_3877,6,0.022,1,123,1,1,80,287,0.279,33,48.61,3.17,8.05,314,0.6471,0.154,3,0.0,1.2e-05,0
acc_3878,14,0.187,1,87,1,0,385,440,0.875,53,13.91,9.1,6.3,1677,0.0598,0.337,3,0.0,7e-06,0
acc_3879,5,0.018,1,26,0,0,865,256,3.379,45,9.15,1.66,3.45,2898,0.0125,0.313,3,0.0,0.000709,0
acc_3880,16,0.356,0,9,1,1,20,1484,0.013,2,0.49,0.0,3.38,162,0.0245,0.668,15,0.0,0.000664,1
acc_3881,12,0.683,0,6,0,1,25,488,0.051,2,0.16,0.37,0.02,158,0.0214,0.834,10,0.0,0.000171,1
acc_3882,8,0.093,1,51,0,0,81,350,0.231,52,0.65,3.37,0.65,573,0.0496,0.208,3,0.0,1.4e-05,0
acc_3883,11,0.395,0,1,0,1,0,915,0.0,2,0.11,0.06,1.02,12,0.173,0.847,13,0.0,0.000507,1
acc_3884,7,0.143,1,27,0,1,167,336,0.497,44,4.12,0.76,11.56,419,0.0292,0.29,3,0.0,5.4e-05,0
acc_3885,14,0.169,1,10,1,1,652,130,5.015,42,67.64,9.91,8.95,2765,0.1189,0.276,3,0.0,6.5e-05,0
acc_3886,8,0.1,1,135,0,0,89,198,0.449,46,18.29,0.18,6.54,2918,0.2076,0.066,3,0.0,1.2e-05,0
acc_3887,7,0.12,1,137,1,1,10363,249,41.618,47,63.74,6.11,3.38,1552,0.0067,0.109,4,0.0,3.4e-05,0
acc_3888,14,0.396,0,0,0,1,95,1716,0.055,1,3.17,0.46,0.13,83,0.0383,0.688,14,0.0,0.001389,1
acc_3889,11,0.094,1,108,0,0,68,596,0.114,48,56.8,1.16,1.08,1230,0.8523,0.161,3,0.0,1e-05,0
acc_3890,14,0.168,1,77,1,1,1344,71,18.93,53,0.86,1.28,3.37,2408,0.0016,0.278,3,0.0,0.000172,0
acc_3891,8,0.044,1,67,0,1,250,97,2.577,51,39.02,2.01,0.21,1497,0.1641,0.114,3,0.0,4.7e-05,0
acc_3892,14,0.154,1,59,0,0,136,111,1.225,42,0.25,8.73,5.72,766,0.066,0.292,4,0.0,7.1e-05,0
acc_3893,4,0.193,1,142,0,1,305,66,4.621,63,20.38,1.94,4.67,2217,0.0732,0.151,3,0.0,2.2e-05,0
acc_3894,8,0.141,0,87,1,1,96,55,1.745,40,21.96,7.75,0.32,2135,0.3095,0.199,4,0.0,0.000107,0
acc_3895,14,0.507,0,13,0,1,14,619,0.023,3,6.06,0.2,0.26,190,0.4477,0.841,12,0.0303,0.000611,1
acc_3896,13,0.59,0,10,0,1,135,449,0.301,0,0.45,0.3,0.16,169,0.0055,0.575,11,0.0,0.000378,1
acc_3897,9,0.334,1,7,0,0,34,1391,0.024,1,3.19,0.09,0.87,152,0.0967,0.56,15,0.0,0.000535,1
acc_3898,5,0.122,1,102,0,0,113,242,0.467,48,3.22,0.75,0.6,2298,0.0351,0.257,3,0.0,2.4e-05,0
acc_3899,5,0.063,1,22,0,0,506,43,11.767,47,74.77,4.61,3.59,1307,0.1569,0.338,3,0.0,4.4e-05,0
acc_3900,14,0.106,1,147,0,1,303,85,3.565,41,2.17,5.36,4.37,1051,0.0248,0.279,3,0.0,3.4e-05,0
acc_3901,11,0.155,1,62,0,1,78,522,0.149,36,7.99,3.82,7.0,2809,0.1513,0.05,3,0.0,1.8e-05,0
acc_3902,12,0.142,1,71,0,1,462,105,4.4,50,4.99,2.57,0.97,2467,0.0164,0.22,3,0.0,5.5e-05,0
acc_3903,5,0.013,1,140,0,1,108,374,0.289,48,19.7,11.15,1.18,721,0.2857,0.19,3,0.0,3.5e-05,0
acc_3904,12,0.079,1,119,1,1,345,100,3.45,35,198.41,0.28,0.07,2810,0.5759,0.335,4,0.0,4e-05,0
acc_3905,15,0.694,0,7,0,0,2,855,0.002,2,1.39,0.28,0.13,48,0.8307,0.821,14,0.011,0.000238,1
acc_3906,14,0.198,1,11,0,0,137,850,0.161,41,0.33,6.73,2.91,1562,0.0515,0.322,3,0.0,1.7e-05,0
acc_3907,9,0.386,1,3,0,1,13,884,0.015,1,0.55,0.18,0.09,93,0.0563,0.567,10,0.0,0.000227,1
acc_3908,13,0.331,0,7,0,1,72,419,0.172,2,4.94,0.55,1.13,189,0.0763,0.453,15,0.0,0.000879,1
acc_3909,13,0.111,1,56,1,1,548,65,8.431,50,85.16,14.03,5.11,1077,0.181,0.341,3,0.0,4e-06,0
acc_3910,13,0.067,1,43,0,0,2023,136,14.875,47,28.23,3.86,3.44,2877,0.0159,0.094,3,0.0,1.8e-05,0
acc_3911,5,0.1,1,14,0,1,117,1130,0.104,43,82.52,1.54,1.57,476,0.7185,0.108,3,0.0,4.8e-05,0
acc_3912,12,0.01,1,73,1,1,1009,178,5.669,44,1.75,2.0,0.25,2180,0.0037,0.153,3,0.0,3.5e-05,0
acc_3913,5,0.016,1,79,0,1,497,129,3.853,55,18.11,4.03,0.05,2867,0.0445,0.146,3,0.0,4.5e-05,0
acc_3914,12,0.08,1,137,1,0,124,109,1.138,33,6.21,4.16,7.15,1533,0.0836,0.154,5,0.0,9.5e-05,0
acc_3915,13,0.593,1,2,0,1,30,232,0.129,2,0.21,0.1,0.01,150,0.0103,0.473,11,0.0,0.000708,1
acc_3916,14,0.047,1,116,1,0,489,168,2.911,45,12.62,5.01,0.31,1727,0.0361,0.19,3,0.0,7.7e-05,0
acc_3917,8,0.06,1,122,0,1,369,90,4.1,48,28.52,4.1,3.95,1799,0.0884,0.283,4,0.0,3.7e-05,0
acc_3918,16,0.45,0,10,0,1,78,1036,0.075,2,2.21,0.19,0.11,73,0.0307,0.882,9,0.0,0.000224,1
acc_3919,12,0.013,1,67,0,0,4982,252,19.77,41,76.63,0.6,0.16,2686,0.0155,0.259,3,0.0,1.5e-05,0
acc_3920,14,0.101,1,19,0,1,73,856,0.085,54,48.04,10.58,4.01,243,0.803,0.191,5,0.0,0.00019,0
acc_3921,5,0.192,1,53,0,1,247,277,0.892,41,2.69,3.34,1.43,537,0.0244,0.082,3,0.0,1.6e-05,0
acc_3922,11,0.002,1,141,0,0,665,41,16.22,43,20.89,4.63,4.63,2739,0.0384,0.283,3,0.0,2.1e-05,0
acc_3923,4,0.008,0,58,0,1,643,345,1.864,50,161.0,7.82,2.13,266,0.2626,0.272,3,0.0,9.9e-05,0
acc_3924,9,0.428,0,3,0,1,18,371,0.049,1,1.42,0.35,1.43,18,0.0981,0.804,11,0.0,0.000163,1
acc_3925,17,0.497,1,10,0,0,79,522,0.151,2,0.72,0.09,0.03,175,0.0102,0.581,9,0.0278,9.1e-05,1
acc_3926,10,0.182,1,30,1,0,485,132,3.674,63,26.53,6.88,5.18,730,0.0689,0.236,4,0.0,8.9e-05,0
acc_3927,18,0.502,1,4,0,0,92,2514,0.037,1,6.23,0.53,0.06,75,0.0735,0.429,13,0.0128,0.000152,1
acc_3928,14,0.027,1,81,1,0,61,154,0.396,46,21.71,1.31,0.1,1846,0.3773,0.311,3,0.0,3e-06,0
acc_3929,19,0.728,0,4,0,1,25,2216,0.011,2,1.71,0.41,0.15,34,0.0848,0.65,10,0.0222,0.000208,1
acc_3930,12,0.13,1,119,0,1,153,77,1.987,43,22.12,0.69,2.13,1238,0.1491,0.295,5,0.0,0.000135,0
acc_3931,5,0.118,1,94,1,1,264,377,0.7,56,3.09,2.99,5.25,218,0.023,0.341,3,0.0,0.000106,0
acc_3932,14,0.142,1,106,1,1,267,68,3.926,41,15.28,1.14,10.3,823,0.0615,0.149,3,0.0,4e-06,0
acc_3933,4,0.048,1,12,0,1,81,278,0.291,50,6.72,2.41,6.27,336,0.1126,0.057,3,0.0,6.5e-05,0
acc_3934,5,0.043,1,49,0,1,1723,306,5.631,54,19.41,1.59,0.26,1648,0.0122,0.32,4,0.0,4e-05,0
acc_3935,8,0.147,1,84,0,0,894,57,15.684,35,103.52,2.42,1.82,2409,0.1185,0.329,4,0.0,3.5e-05,0
acc_3936,15,0.524,0,9,0,1,71,1030,0.069,0,5.19,0.17,0.42,47,0.0755,0.475,7,0.0,4.2e-05,1
acc_3937,15,0.478,1,14,0,1,113,837,0.135,2,1.44,0.23,0.72,98,0.0148,0.446,8,0.0357,3.7e-05,1
acc_3938,9,0.158,1,83,1,1,2692,220,12.236,42,37.36,6.46,2.08,1485,0.0163,0.326,3,0.0,5.5e-05,0
acc_3939,9,0.18,1,61,0,0,151,513,0.294,51,7.54,7.6,2.72,1777,0.1003,0.322,3,0.0,2.1e-05,0
acc_3940,11,0.631,1,13,0,1,29,2452,0.012,1,1.16,1.58,0.26,199,0.0946,0.485,6,0.0,4e-05,1
acc_3941,17,0.603,1,5,0,1,75,2178,0.034,0,1.2,0.02,0.91,194,0.0162,0.443,11,0.0,0.000493,1
acc_3942,9,0.06,1,56,0,1,1424,69,20.638,54,76.64,0.94,6.95,2964,0.0545,0.302,3,0.0,3.5e-05,0
acc_3943,16,0.632,0,11,1,1,24,1528,0.016,0,1.2,0.38,0.94,54,0.0656,0.49,12,0.0152,0.000223,1
acc_3944,4,0.061,1,21,0,0,9,292,0.031,36,41.35,5.18,4.35,765,1.0,0.348,3,0.0,2.6e-05,0
acc_3945,19,0.388,1,7,0,0,42,1415,0.03,2,4.15,0.09,0.48,120,0.1009,0.763,11,0.0,0.000136,1
acc_3946,16,0.477,0,9,0,1,95,2971,0.032,2,0.3,0.26,1.33,35,0.0059,0.741,9,0.0,7.9e-05,1
acc_3947,9,0.188,1,114,0,0,58,329,0.176,46,51.45,1.26,0.28,2592,0.9087,0.13,5,0.0,3.3e-05,0
acc_3948,17,0.32,0,6,0,1,28,551,0.051,4,3.96,0.25,0.46,35,0.1504,0.428,12,0.0,0.000305,1
acc_3949,4,0.04,1,128,1,0,1237,42,29.452,49,20.39,1.18,2.85,205,0.0174,0.24,3,0.0,3.3e-05,0
acc_3950,5,0.004,1,45,0,1,1464,162,9.037,51,24.04,0.11,2.22,1445,0.0165,0.063,3,0.0,2.4e-05,0
acc_3951,12,0.087,1,11,1,0,1056,667,1.583,52,73.63,7.81,3.32,180,0.0771,0.34,5,0.0,2.4e-05,0
acc_3952,15,0.552,1,6,0,1,149,2005,0.074,0,0.53,0.1,0.24,126,0.0042,0.84,10,0.0,0.000173,1
acc_3953,9,0.143,1,113,0,0,300,408,0.735,45,28.21,7.81,0.33,2242,0.12,0.21,3,0.0,0.000141,0
acc_3954,11,0.413,0,14,0,1,35,469,0.075,1,0.43,0.18,0.12,101,0.0173,0.826,12,0.0,0.000572,1
acc_3955,13,0.147,1,45,1,0,38,155,0.245,42,3.65,0.18,1.64,1094,0.1007,0.348,3,0.0,1.5e-05,0
acc_3956,10,0.193,1,28,0,0,526,148,3.554,47,61.34,10.58,3.6,1101,0.1367,0.163,3,0.0,4e-06,0
acc_3957,11,0.015,1,80,0,0,257,228,1.127,46,43.15,10.77,1.96,436,0.2098,0.349,4,0.0,0.000105,0
acc_3958,12,0.622,0,9,0,0,15,4822,0.003,2,4.03,0.46,0.43,96,0.2993,0.401,10,0.0,0.000928,1
acc_3959,7,0.059,1,53,0,0,278,139,2.0,49,53.74,4.73,4.11,1686,0.2103,0.306,3,0.0,9e-06,0
acc_3960,10,0.151,1,42,0,1,348,325,1.071,45,18.16,3.55,10.47,2145,0.0624,0.104,3,0.3333,9e-06,0
acc_3961,12,0.052,1,97,0,1,137,70,1.957,61,88.69,16.59,1.34,1467,0.7685,0.08,4,0.0,1.5e-05,0
acc_3962,6,0.062,0,147,0,1,890,81,10.988,50,28.78,3.75,0.95,2612,0.0366,0.062,3,0.0,1e-05,0
acc_3963,5,0.063,1,117,1,0,3,114,0.026,44,76.13,2.94,10.94,1277,1.0,0.078,3,0.0,2e-05,0
acc_3964,9,0.167,1,70,0,0,172,46,3.739,40,113.48,4.7,4.96,1101,0.6871,0.18,3,0.0,5e-06,0
acc_3965,14,0.012,1,34,0,0,67,249,0.269,49,16.0,2.51,0.3,647,0.2763,0.274,3,0.0,5.2e-05,0
acc_3966,4,0.033,1,90,1,1,25,114,0.219,41,11.42,0.29,0.75,875,0.4681,0.22,4,0.0,6.2e-05,0
acc_3967,9,0.057,1,131,0,1,229,1637,0.14,28,1.09,0.65,0.24,1635,0.0076,0.115,3,0.0,1.7e-05,0
acc_3968,8,0.552,0,10,0,1,64,1120,0.057,2,0.4,0.31,0.23,172,0.0111,0.742,10,0.0,0.000802,1
acc_3969,14,0.176,1,143,0,0,125,333,0.375,57,10.84,5.36,4.48,710,0.1296,0.321,4,0.0,2.2e-05,0
acc_3970,4,0.034,1,66,0,0,945,468,2.019,44,19.93,11.03,2.78,2007,0.0328,0.078,3,0.0,1.1e-05,0
acc_3971,7,0.188,1,11,1,1,417,368,1.133,38,25.09,1.78,0.85,788,0.0644,0.139,5,0.0,3.8e-05,0
acc_3972,4,0.017,1,39,1,0,162,52,3.115,47,7.83,1.15,7.98,2153,0.0554,0.2,3,0.0,2.3e-05,0
acc_3973,7,0.139,1,105,0,1,824,151,5.457,30,8.66,5.45,1.88,1474,0.0171,0.114,3,0.0,5e-06,0
acc_3974,5,0.119,1,133,1,1,1431,475,3.013,43,42.45,12.02,3.87,727,0.0381,0.216,3,0.0,7.2e-05,0
acc_3975,17,0.334,0,11,0,1,54,207,0.261,0,0.04,0.01,0.05,108,0.001,0.485,13,0.0,0.000172,1
acc_3976,13,0.369,0,11,0,1,1,1601,0.001,3,0.7,0.23,0.58,190,0.9356,0.678,13,0.0256,0.000419,1
acc_3977,8,0.155,1,45,1,1,140,77,1.818,39,5.93,1.22,0.61,2751,0.0511,0.195,3,0.0,1.6e-05,0
acc_3978,14,0.123,1,136,0,1,72,201,0.358,45,50.71,4.73,1.39,2675,0.77,0.206,3,0.0,4e-06,0
acc_3979,5,0.075,1,58,1,1,124,608,0.204,46,41.77,1.13,0.5,2254,0.346,0.276,5,0.0,3.4e-05,0
acc_3980,9,0.423,1,7,1,0,102,2198,0.046,2,4.02,0.26,0.47,65,0.042,0.897,9,0.0,0.000146,1
acc_3981,5,0.027,1,91,0,1,1062,63,16.857,41,56.76,0.23,1.21,653,0.0537,0.222,3,0.0,4.7e-05,0
acc_3982,11,0.013,1,88,0,0,283,131,2.16,41,24.3,8.4,0.99,1624,0.1156,0.171,5,0.0,0.000125,0
acc_3983,11,0.152,1,56,0,1,616,129,4.775,43,14.72,2.17,0.58,376,0.0274,0.337,3,0.0,6e-06,0
acc_3984,10,0.108,1,16,0,1,485,138,3.514,45,24.77,4.42,1.46,1083,0.0602,0.161,3,0.0,2.5e-05,0
acc_3985,14,0.135,1,113,0,1,427,20,21.35,38,20.1,4.38,0.51,1120,0.0573,0.112,4,0.0,5.7e-05,0
acc_3986,4,0.146,1,57,1,1,298,292,1.021,36,7.88,1.7,2.14,951,0.0321,0.223,3,0.0,3.5e-05,0
acc_3987,6,0.065,1,51,1,1,300,28,10.714,42,5.45,1.39,3.5,511,0.0228,0.276,3,0.0,1.3e-05,0
acc_3988,12,0.044,1,67,0,1,474,25,18.96,36,7.36,0.75,0.07,2834,0.0171,0.088,3,0.0,4.5e-05,0
acc_3989,8,0.411,0,6,0,0,71,3070,0.023,1,1.77,0.91,0.3,123,0.0378,0.889,13,0.0,0.00026,1
acc_3990,19,0.517,1,4,0,1,154,1403,0.11,1,1.22,0.31,0.2,194,0.0099,0.795,14,0.0,0.000339,1
acc_3991,12,0.176,0,57,0,1,311,258,1.205,47,1.47,1.25,5.65,2252,0.0087,0.204,3,0.0,3.5e-05,0
acc_3992,7,0.013,1,41,1,1,156,562,0.278,58,16.49,0.8,0.77,1704,0.1109,0.193,3,0.0,5e-06,0
acc_3993,16,0.453,0,11,0,1,6,1428,0.004,1,0.21,0.07,0.22,50,0.0454,0.503,8,0.0,0.000101,1
acc_3994,9,0.19,1,55,1,0,161,131,1.229,59,19.34,4.1,1.86,1834,0.1456,0.272,3,0.0,0.000122,0
acc_3995,7,0.013,1,95,0,0,1967,90,21.856,36,3.05,3.83,1.93,1375,0.0035,0.071,3,0.0,7e-06,0
acc_3996,6,0.089,1,71,0,1,1711,132,12.962,38,7.16,18.64,5.76,1621,0.0151,0.318,3,0.0,5e-06,0
acc_3997,4,0.049,1,141,0,1,331,42,7.881,49,53.0,2.26,0.53,988,0.1669,0.106,3,0.0,5.6e-05,0
acc_3998,9,0.122,1,142,1,0,133,405,0.328,39,68.07,12.92,1.64,2280,0.609,0.159,4,0.0,0.000135,0
acc_3999,16,0.334,1,1,0,1,22,359,0.061,4,3.31,0.24,0.22,59,0.1613,0.666,11,0.0,0.000319,1
acc_4000,7,0.12,1,40,0,1,124,554,0.224,40,12.99,2.85,1.11,541,0.1278,0.065,4,0.0,7.8e-05,0
acc_4001,12,0.036,1,144,0,1,129,59,2.186,40,205.43,3.79,2.55,2944,1.0,0.149,3,0.0,1.5e-05,0
acc_4002,10,0.032,1,109,0,0,361,113,3.195,36,33.89,5.19,0.89,1550,0.1082,0.238,3,0.0,4e-06,0
acc_4003,15,0.662,1,7,0,1,94,332,0.283,0,3.49,0.24,0.88,191,0.0397,0.51,18,0.0,0.002001,1
acc_4004,8,0.603,0,4,0,1,11,686,0.016,5,1.07,0.17,3.37,147,0.1126,0.437,11,0.0,0.000335,1
acc_4005,8,0.14,1,71,0,1,41,198,0.207,41,16.4,1.06,1.96,2283,0.426,0.094,3,0.0,7e-06,0
acc_4006,11,0.713,0,1,0,0,12,289,0.042,1,2.45,0.4,0.23,112,0.2379,0.598,17,0.0,0.000971,1
acc_4007,4,0.194,1,103,0,1,289,60,4.817,41,67.03,6.5,4.98,1962,0.2544,0.31,4,0.0,7.8e-05,0
acc_4008,9,0.187,1,95,1,0,575,73,7.877,48,105.3,4.41,1.69,2889,0.1908,0.152,4,0.0,2e-05,0
acc_4009,8,0.614,1,8,0,1,48,2059,0.023,2,4.45,0.18,0.1,136,0.0964,0.751,12,0.0,0.000496,1
acc_4010,5,0.185,1,106,0,0,4410,509,8.664,44,11.76,1.94,1.89,2061,0.0031,0.291,5,0.0,3.4e-05,0
acc_4011,18,0.682,1,11,1,1,30,1180,0.025,1,2.6,1.1,0.66,123,0.1235,0.419,7,0.0,2.7e-05,1
acc_4012,12,0.183,1,110,0,1,365,398,0.917,43,21.89,6.92,1.99,262,0.0789,0.198,4,0.0,3.8e-05,0
acc_4013,11,0.053,1,120,1,0,258,384,0.672,53,71.0,3.59,2.51,2307,0.2891,0.055,4,0.0,3.9e-05,0
acc_4014,9,0.116,1,69,1,1,637,477,1.335,44,63.95,0.6,2.21,380,0.1013,0.055,3,0.0,2.3e-05,0
acc_4015,4,0.068,1,16,0,0,540,114,4.737,49,26.91,0.58,3.28,490,0.0509,0.332,3,0.0,1.2e-05,0
acc_4016,12,0.783,1,0,0,1,40,342,0.117,4,0.57,0.19,0.24,176,0.0188,0.496,11,0.0,0.000393,1
acc_4017,13,0.017,1,57,0,0,780,43,18.14,46,20.44,0.28,5.73,2787,0.0266,0.191,3,0.0,1.3e-05,0
acc_4018,17,0.376,1,0,0,0,1,956,0.001,2,7.86,0.39,0.05,89,1.0,0.675,10,0.0,0.000123,1
acc_4019,4,0.148,1,149,1,0,139,144,0.965,44,93.61,3.05,0.8,1025,0.6954,0.17,4,0.0,0.000138,0
acc_4020,7,0.09,1,71,0,0,747,141,5.298,33,39.5,1.39,5.53,723,0.0547,0.319,3,0.0,6e-06,0
acc_4021,14,0.072,1,146,0,1,985,96,10.26,48,9.08,4.0,4.63,613,0.0133,0.106,4,0.0,2.1e-05,0
acc_4022,5,0.082,1,70,0,0,608,33,18.424,50,43.77,3.48,5.42,2209,0.0777,0.25,3,0.0,1.4e-05,0
acc_4023,12,0.115,1,109,0,1,424,228,1.86,54,94.0,0.94,8.29,1763,0.2239,0.271,4,0.0,1.9e-05,0
acc_4024,19,0.676,1,2,0,1,9,272,0.033,1,0.29,0.91,0.12,36,0.1329,0.809,11,0.0,0.000203,1
acc_4025,14,0.483,0,12,1,1,133,498,0.267,1,1.25,0.08,0.05,56,0.01,0.858,12,0.0,0.000426,1
acc_4026,9,0.183,1,138,0,0,342,157,2.178,45,64.71,1.63,0.59,1061,0.194,0.146,3,0.0,4e-06,0
acc_4027,4,0.116,1,22,1,1,4463,84,53.131,33,14.14,0.22,2.36,1390,0.0032,0.304,3,0.0,0.000215,0
acc_4028,13,0.103,1,18,0,1,205,299,0.686,60,0.5,2.72,5.66,1038,0.0157,0.304,3,0.0,7e-06,0
acc_4029,19,0.573,0,11,1,0,114,1080,0.106,2,0.91,0.65,0.31,188,0.0137,0.521,12,0.0,0.000151,1
acc_4030,10,0.017,1,149,0,0,47,104,0.452,53,68.01,3.57,0.18,1270,1.0,0.062,3,0.0,8e-06,0
acc_4031,14,0.079,1,116,0,0,57,174,0.328,48,109.14,3.0,2.28,2166,1.0,0.258,3,0.0,3e-05,0
acc_4032,8,0.005,1,119,0,0,240,76,3.158,54,58.57,7.19,1.71,1145,0.274,0.16,3,0.0,3.2e-05,0
acc_4033,9,0.609,0,0,0,1,7,878,0.008,2,0.58,0.09,1.0,181,0.0951,0.462,10,0.0,0.000497,1
acc_4034,6,0.021,1,133,0,0,111,102,1.088,34,44.39,3.98,2.44,2625,0.4358,0.211,3,0.0,9.3e-05,0
acc_4035,17,0.751,1,5,0,0,39,468,0.083,1,0.08,1.11,0.99,32,0.0306,0.434,15,0.0,0.00037,1
acc_4036,7,0.049,1,11,0,0,1967,292,6.736,48,64.81,7.57,1.55,212,0.0368,0.197,3,0.3333,7e-05,0
acc_4037,19,0.479,1,9,0,0,50,319,0.157,1,0.12,0.28,0.31,133,0.0081,0.87,13,0.0,0.000282,1
acc_4038,8,0.073,1,87,1,0,412,100,4.12,35,43.74,1.64,5.59,1850,0.1101,0.148,3,0.0,3e-05,0
acc_4039,17,0.3,0,7,0,1,15,1873,0.008,2,4.06,0.07,0.22,108,0.2754,0.534,8,0.0,0.00015,1
acc_4040,14,0.131,1,139,0,1,83,87,0.954,44,17.26,9.78,0.85,453,0.3258,0.19,5,0.0,4.6e-05,0
acc_4041,9,0.394,1,4,0,1,83,302,0.275,3,3.41,0.24,1.28,116,0.044,0.607,8,0.0,0.000112,1
acc_4042,15,0.348,1,2,0,0,70,2118,0.033,3,13.04,0.02,0.01,117,0.1865,0.733,12,0.0,0.001857,1
acc_4043,9,0.122,1,85,0,1,18,298,0.06,62,9.24,6.51,1.13,1036,0.8749,0.06,3,0.0,2.3e-05,0
acc_4044,16,0.565,0,3,0,1,41,314,0.131,0,4.51,0.34,0.25,93,0.1184,0.844,11,0.0,0.000624,1
acc_4045,14,0.627,0,1,0,1,14,501,0.028,3,4.86,0.11,0.14,43,0.3551,0.585,12,0.0152,0.00017,1
acc_4046,14,0.609,0,14,0,1,70,204,0.343,1,0.15,0.4,0.79,115,0.0079,0.664,16,0.0083,0.000436,1
acc_4047,6,0.118,1,45,1,0,79,2000,0.04,49,16.74,1.23,1.04,2227,0.2274,0.226,3,0.0,9e-06,0
acc_4048,10,0.095,1,18,0,0,159,103,1.544,44,18.23,3.95,0.08,1987,0.1395,0.275,3,0.0,1.6e-05,0
acc_4049,13,0.057,1,115,0,1,8,50,0.16,41,33.17,3.3,4.06,1080,1.0,0.301,4,0.0,2.4e-05,0
acc_4050,13,0.038,1,107,0,1,516,376,1.372,46,4.44,0.52,5.19,401,0.0096,0.118,4,0.1667,7.6e-05,0
acc_4051,7,0.163,1,60,0,1,47,140,0.336,48,102.91,1.97,1.48,1928,1.0,0.322,3,0.0,1.4e-05,0
acc_4052,15,0.445,0,9,0,0,69,340,0.203,1,9.29,0.27,0.75,117,0.1386,0.485,8,0.0,0.000119,1
acc_4053,17,0.389,1,3,0,1,90,683,0.132,2,1.52,0.16,0.31,172,0.0187,0.863,13,0.0128,0.000235,1
acc_4054,18,0.4,0,6,0,1,61,995,0.061,4,0.34,0.5,0.18,58,0.0139,0.576,14,0.011,0.001237,1
acc_4055,11,0.475,0,1,0,1,25,2466,0.01,0,0.98,0.01,0.2,133,0.0395,0.511,9,0.0,0.000161,1
acc_4056,10,0.052,1,61,1,0,87,71,1.225,60,15.01,0.65,2.19,957,0.1799,0.264,3,0.0,0.000134,0
acc_4057,12,0.079,1,100,0,1,55,178,0.309,52,7.3,0.58,2.4,2845,0.1433,0.07,3,0.0,1.9e-05,0
acc_4058,9,0.157,1,61,0,0,302,190,1.589,44,40.55,2.57,0.2,517,0.1428,0.167,4,0.0,1.7e-05,0
acc_4059,10,0.023,1,143,1,1,53,317,0.167,57,30.03,2.24,1.0,1134,0.6088,0.146,5,0.0,5e-05,0
acc_4060,9,0.171,0,97,1,1,1344,118,11.39,45,11.52,0.81,2.53,2091,0.0092,0.325,3,0.0,2e-05,0
acc_4061,15,0.32,1,8,0,1,60,1952,0.031,5,0.03,0.06,0.07,95,0.0015,0.635,8,0.0,0.000104,1
acc_4062,8,0.044,1,128,1,0,1185,116,10.216,44,182.12,5.16,0.04,2081,0.158,0.133,3,0.0,4.4e-05,0
acc_4063,9,0.456,1,12,0,1,97,559,0.174,0,3.02,0.32,0.31,127,0.0345,0.825,10,0.0,0.000322,1
acc_4064,6,0.188,1,94,1,1,2172,218,9.963,42,131.45,0.51,5.54,350,0.0608,0.121,3,0.0,3.1e-05,0
acc_4065,7,0.116,1,28,0,0,156,37,4.216,35,24.55,1.64,0.51,737,0.1679,0.118,3,0.0,1.6e-05,0
acc_4066,5,0.08,1,18,1,1,102,135,0.756,47,23.08,1.53,2.02,241,0.2412,0.112,3,0.0,4.7e-05,0
acc_4067,19,0.5,0,6,0,1,73,344,0.212,0,1.26,0.13,0.75,57,0.019,0.866,15,0.019,0.000618,1
acc_4068,14,0.482,0,7,0,0,78,667,0.117,4,0.69,0.07,0.7,159,0.0097,0.604,12,0.0152,0.000707,1
acc_4069,11,0.068,1,26,0,1,2963,424,6.988,41,92.33,1.4,5.1,571,0.0316,0.18,4,0.0,0.0001,0
acc_4070,13,0.371,0,13,0,1,45,1166,0.039,2,1.1,0.14,0.04,101,0.0275,0.589,10,0.0,0.0005,1
acc_4071,4,0.171,1,38,0,0,705,237,2.975,51,10.58,18.07,0.27,1279,0.0406,0.212,4,0.0,2.1e-05,0
acc_4072,7,0.099,1,106,0,1,130,191,0.681,45,138.2,2.3,0.66,1006,1.0,0.295,4,0.0,2.2e-05,0
acc_4073,11,0.057,1,34,0,0,220,40,5.5,43,4.02,0.21,0.27,515,0.0192,0.228,3,0.0,2.5e-05,0
acc_4074,6,0.006,1,133,1,1,73,128,0.57,54,77.15,2.31,0.81,1597,1.0,0.256,3,0.0,1.1e-05,0
acc_4075,13,0.154,1,65,1,1,428,56,7.643,55,5.51,1.9,15.51,2492,0.0173,0.147,4,0.0,9.2e-05,0
acc_4076,12,0.075,1,129,1,1,143,86,1.663,42,2.19,9.37,0.13,848,0.0808,0.265,3,0.0,2.6e-05,0
acc_4077,11,0.017,1,128,1,0,961,215,4.47,39,17.9,31.55,0.29,441,0.0514,0.118,3,0.3333,3.1e-05,0
acc_4078,12,0.638,0,10,0,1,22,1640,0.013,1,6.58,0.3,0.45,121,0.3126,0.75,13,0.0,0.0002,1
acc_4079,10,0.037,1,106,1,1,287,189,1.519,38,71.68,13.17,2.92,2095,0.2956,0.294,3,0.0,3.2e-05,0
acc_4080,12,0.059,1,62,0,0,278,148,1.878,49,78.26,9.02,0.47,183,0.314,0.057,3,0.0,4e-06,0
acc_4081,8,0.18,1,93,1,0,55,63,0.873,46,26.02,1.21,2.68,1614,0.495,0.166,3,0.0,8.5e-05,0
acc_4082,12,0.595,1,3,0,1,0,2399,0.0,0,4.6,0.08,1.24,167,1.0,0.555,11,0.0,0.000268,1
acc_4083,13,0.006,1,37,0,1,59,781,0.076,51,74.27,0.43,2.98,2963,1.0,0.062,3,0.0,8e-06,0
acc_4084,8,0.047,1,34,0,0,693,123,5.634,50,4.52,15.94,0.72,379,0.0295,0.347,3,0.0,2.3e-05,0
acc_4085,8,0.152,1,98,1,0,815,173,4.711,49,52.92,0.09,5.64,1857,0.065,0.299,3,0.0,1.1e-05,0
acc_4086,16,0.763,0,13,0,1,20,480,0.042,0,1.56,0.05,0.42,100,0.0805,0.65,9,0.0,0.000103,1
acc_4087,6,0.031,1,40,0,0,1472,669,2.2,34,23.87,1.82,1.16,1084,0.0175,0.137,3,0.0,1.1e-05,0
acc_4088,13,0.155,1,130,1,1,192,28,6.857,46,28.66,1.17,2.38,2894,0.1553,0.111,4,0.0,4.2e-05,0
acc_4089,12,0.113,1,52,0,0,593,891,0.666,44,24.46,0.43,0.46,1084,0.042,0.091,3,0.0,1.9e-05,0
acc_4090,12,0.138,1,110,0,0,921,423,2.177,47,16.82,12.03,4.84,1680,0.0313,0.283,3,0.0,4.7e-05,0
acc_4091,17,0.789,0,13,0,1,3,927,0.003,3,1.29,0.35,0.41,55,0.5478,0.654,10,0.0,9.5e-05,1
acc_4092,14,0.049,0,54,0,0,24,1013,0.024,45,23.14,10.09,2.34,1210,1.0,0.208,3,0.0,3e-06,0
acc_4093,18,0.714,0,9,0,1,3,575,0.005,4,0.09,0.47,1.1,26,0.1849,0.596,14,0.011,0.000262,1
acc_4094,11,0.048,1,35,0,0,335,508,0.659,50,54.33,8.14,7.56,1224,0.1865,0.257,3,0.0,1.6e-05,0
acc_4095,9,0.01,1,19,0,1,73,250,0.292,42,33.76,3.75,3.18,1613,0.5139,0.051,4,0.0,1.9e-05,0
acc_4096,5,0.137,1,122,0,1,699,149,4.691,47,12.62,1.86,9.68,2288,0.0207,0.33,3,0.0,4.7e-05,0
acc_4097,12,0.024,1,116,1,0,255,31,8.226,40,39.64,3.18,4.92,2634,0.1679,0.125,3,0.0,6.6e-05,0
acc_4098,13,0.084,1,18,0,0,156,485,0.322,48,1.05,1.52,0.4,2152,0.0165,0.133,6,0.0,7.2e-05,0
acc_4099,14,0.075,1,136,0,1,11,188,0.059,53,29.38,2.5,4.48,720,1.0,0.272,3,0.0,1.2e-05,0
acc_4100,4,0.153,1,132,1,0,30,91,0.33,41,71.35,0.26,0.68,1198,1.0,0.064,3,0.0,1.4e-05,0
acc_4101,6,0.176,1,65,1,0,71,266,0.267,48,26.63,0.67,1.42,1513,0.3845,0.08,3,0.0,9.8e-05,0
acc_4102,14,0.404,0,8,0,0,5,2297,0.002,0,0.21,0.08,0.05,96,0.0572,0.509,8,0.0,0.000202,1
acc_4103,10,0.155,0,114,0,1,565,76,7.434,44,128.03,0.23,0.4,2138,0.227,0.34,3,0.0,1.2e-05,0
acc_4104,8,0.188,1,82,0,0,672,871,0.772,45,40.17,6.88,8.06,2215,0.07,0.182,3,0.0,4.2e-05,0
acc_4105,13,0.043,1,116,0,0,254,220,1.155,44,13.36,10.68,0.43,222,0.0947,0.124,3,0.0,2.8e-05,0
acc_4106,9,0.013,1,94,0,1,21,318,0.066,43,23.8,5.6,1.58,2509,1.0,0.193,3,0.0,1.3e-05,0
acc_4107,4,0.132,1,94,1,0,366,113,3.239,50,3.92,4.45,1.58,1633,0.0229,0.285,3,0.0,4.3e-05,0
acc_4108,5,0.084,1,99,0,1,127,226,0.562,55,19.24,3.0,1.13,1870,0.1751,0.111,3,0.0,9e-06,0
acc_4109,12,0.143,1,91,1,1,38,85,0.447,40,45.4,4.25,1.04,2288,1.0,0.216,3,0.0,1.8e-05,0
acc_4110,10,0.059,1,65,0,1,433,470,0.921,59,48.05,1.77,0.56,1635,0.115,0.281,3,0.0,3.4e-05,0
acc_4111,10,0.196,1,100,0,1,1006,51,19.725,37,43.15,7.78,3.49,2391,0.0506,0.285,3,0.0,8e-06,0
acc_4112,10,0.155,1,53,0,1,101,117,0.863,41,14.51,0.55,1.74,1874,0.149,0.078,3,0.0,5.7e-05,0
acc_4113,14,0.582,0,11,1,1,7,268,0.026,5,0.67,0.08,0.04,171,0.1072,0.834,12,0.0,0.000362,1
acc_4114,12,0.078,1,79,0,1,56,112,0.5,46,21.55,1.4,0.68,2527,0.4097,0.306,3,0.0,1.4e-05,0
acc_4115,8,0.092,1,41,1,0,606,141,4.298,36,12.44,8.04,0.17,1481,0.0338,0.136,4,0.0,7.7e-05,0
acc_4116,13,0.442,1,12,0,1,75,1349,0.056,1,7.6,0.4,0.23,16,0.1066,0.428,12,0.0,0.000143,1
acc_4117,10,0.005,1,121,0,1,41,70,0.586,43,20.05,0.39,1.83,793,0.4985,0.159,4,0.0,4e-05,0
acc_4118,8,0.088,1,123,0,0,103,242,0.426,44,41.82,2.26,4.67,1817,0.428,0.085,3,0.0,3e-05,0
acc_4119,5,0.179,1,51,1,1,566,22,25.727,42,2.69,0.26,1.75,1547,0.0052,0.213,3,0.0,6e-06,0
acc_4120,5,0.053,1,25,0,0,1310,218,6.009,36,12.22,0.29,4.71,2891,0.0096,0.171,3,0.0,9e-06,0
acc_4121,15,0.653,0,11,0,1,11,280,0.039,5,4.01,0.18,0.09,80,0.381,0.57,8,0.0,0.000219,1
acc_4122,12,0.115,1,78,1,0,1027,220,4.668,51,2.13,14.54,3.9,1835,0.0162,0.344,3,0.0,0.000295,0
acc_4123,11,0.714,0,6,0,1,183,517,0.354,1,3.33,0.05,1.11,68,0.0185,0.741,16,0.0,0.000375,1
acc_4124,14,0.102,1,63,0,0,46,93,0.495,46,18.19,0.91,0.64,422,0.4152,0.303,3,0.0,7e-06,0
acc_4125,4,0.134,1,77,0,1,72,94,0.766,56,50.21,0.43,3.46,2967,0.7033,0.266,4,0.0,0.000766,0
acc_4126,8,0.038,1,93,1,1,195,51,3.824,36,46.86,11.77,0.87,2360,0.3007,0.331,5,0.0,0.000144,0
acc_4127,13,0.019,1,25,0,0,325,188,1.729,48,13.4,5.3,0.86,1015,0.0575,0.195,3,0.0,0.000144,0
acc_4128,11,0.053,1,116,1,1,110,64,1.719,48,21.26,10.21,2.56,1923,0.2861,0.056,3,0.0,2.5e-05,0
acc_4129,13,0.363,1,7,0,0,92,930,0.099,3,3.83,0.33,0.19,52,0.0453,0.412,15,0.0095,0.000769,1
acc_4130,4,0.025,1,48,0,0,982,118,8.322,51,5.72,5.18,2.7,1868,0.0111,0.103,5,0.0,1.1e-05,0
acc_4131,9,0.716,1,6,0,1,19,969,0.02,2,1.67,0.12,1.07,188,0.0942,0.868,16,0.0417,0.000558,1
acc_4132,13,0.762,0,8,1,1,82,632,0.13,2,1.44,0.17,0.11,57,0.0197,0.81,13,0.0128,0.000614,1
acc_4133,12,0.124,1,32,0,0,1420,134,10.597,50,113.62,1.35,3.67,2382,0.081,0.08,3,0.0,1.1e-05,0
acc_4134,9,0.114,1,113,0,0,235,303,0.776,35,53.12,9.26,3.67,865,0.2654,0.338,3,0.0,2.8e-05,0
acc_4135,8,0.077,1,146,1,0,20,25,0.8,73,59.26,0.41,0.25,326,1.0,0.26,3,0.0,8e-06,0
acc_4136,14,0.029,1,132,1,1,961,828,1.161,44,4.01,1.81,11.21,1877,0.0061,0.249,4,0.0,0.00012,0
acc_4137,4,0.116,1,44,0,0,74,146,0.507,47,6.01,10.06,0.82,1479,0.2172,0.269,3,0.0,1.4e-05,0
acc_4138,9,0.09,1,134,0,1,17,261,0.065,41,8.42,5.0,2.82,1697,0.7894,0.337,5,0.0,6.4e-05,0
acc_4139,5,0.054,1,145,0,1,365,47,7.766,49,42.48,7.26,0.03,2273,0.1363,0.334,3,0.0,1.6e-05,0
acc_4140,12,0.722,0,0,0,1,112,1479,0.076,3,4.15,0.25,0.98,107,0.0393,0.579,11,0.0,0.000373,1
acc_4141,12,0.01,1,78,0,0,142,345,0.412,55,83.33,2.23,4.41,2972,0.6025,0.318,3,0.0,2.8e-05,0
acc_4142,11,0.12,1,55,1,0,453,43,10.535,41,15.39,0.45,2.43,2920,0.035,0.175,3,0.0,1.2e-05,0
acc_4143,12,0.316,0,13,0,0,60,1321,0.045,2,1.81,0.2,0.82,141,0.0334,0.61,14,0.0,0.001221,1
acc_4144,8,0.112,1,112,0,1,83,156,0.532,38,73.28,6.35,2.34,181,0.9593,0.094,3,0.0,7e-06,0
acc_4145,14,0.11,1,26,1,0,137,149,0.919,55,46.76,2.2,0.61,1586,0.3574,0.136,3,0.0,3.1e-05,0
acc_4146,9,0.082,1,59,0,0,783,609,1.286,58,40.54,0.14,2.29,2693,0.052,0.202,3,0.0,3.9e-05,0
acc_4147,9,0.023,1,140,1,0,1174,209,5.617,41,29.3,16.69,6.31,1331,0.0392,0.128,3,0.0,5.9e-05,0
acc_4148,9,0.089,1,104,1,1,2779,78,35.628,49,51.57,1.35,0.96,286,0.019,0.334,3,0.0,6e-06,0
acc_4149,4,0.022,0,43,0,1,372,70,5.314,47,29.01,0.01,7.55,2691,0.078,0.339,3,0.0,5.3e-05,0
acc_4150,10,0.156,1,143,0,0,638,103,6.194,37,130.09,1.14,3.64,2843,0.2057,0.276,3,0.0,1.9e-05,0
acc_4151,8,0.002,1,15,0,0,521,307,1.697,46,86.37,4.03,1.01,1354,0.1735,0.235,3,0.0,1.6e-05,0
acc_4152,5,0.025,1,69,0,1,265,88,3.011,39,51.98,6.63,3.77,1216,0.2212,0.332,3,0.0,5.7e-05,0
acc_4153,11,0.072,1,117,1,1,1384,14,98.857,32,19.84,3.78,1.42,886,0.0171,0.228,3,0.0,2.5e-05,0
acc_4154,8,0.027,1,52,1,0,753,28,26.893,41,184.51,27.04,2.79,1186,0.281,0.308,3,0.0,5.8e-05,0
acc_4155,5,0.123,1,83,0,1,187,305,0.613,46,30.15,0.06,2.3,944,0.1616,0.327,3,0.0,2.5e-05,0
acc_4156,14,0.091,1,34,1,0,58,36,1.611,45,59.65,5.91,4.37,1679,1.0,0.278,4,0.0,0.000151,0
acc_4157,14,0.639,1,1,0,0,119,823,0.145,2,3.91,0.32,0.57,122,0.0355,0.737,8,0.0,0.00015,1
acc_4158,9,0.198,1,52,1,1,140,171,0.819,50,22.54,2.1,1.26,427,0.176,0.277,4,0.0,2.7e-05,0
acc_4159,9,0.454,0,1,0,0,28,1187,0.024,2,0.2,0.33,0.47,44,0.0192,0.876,12,0.0303,0.000218,1
acc_4160,5,0.164,1,59,0,0,129,518,0.249,49,17.57,0.53,1.22,1036,0.1403,0.285,3,0.0,6e-06,0
acc_4161,8,0.028,1,86,0,1,534,27,19.778,32,13.77,1.79,0.53,2842,0.0292,0.312,3,0.0,8e-06,0
acc_4162,13,0.592,0,14,0,1,13,1895,0.007,0,0.84,0.19,0.04,69,0.0787,0.68,9,0.0278,0.00031,1
acc_4163,12,0.611,0,0,1,0,5,926,0.005,1,2.57,0.04,0.43,19,0.5215,0.541,17,0.0,0.000486,1
acc_4164,14,0.403,1,10,0,1,1,821,0.001,1,0.06,0.5,0.16,28,0.5569,0.598,15,0.0095,0.00084,1
acc_4165,15,0.348,1,4,1,0,10,2517,0.004,1,1.11,0.39,0.23,101,0.1494,0.475,10,0.0222,0.000583,1
acc_4166,8,0.015,1,61,1,0,18,98,0.184,37,116.03,4.29,1.31,1018,1.0,0.112,4,0.0,0.000143,0
acc_4167,15,0.512,1,12,0,0,38,1741,0.022,1,2.16,0.44,0.17,166,0.0686,0.409,13,0.0,0.000493,1
acc_4168,13,0.057,1,118,0,1,149,143,1.042,43,3.74,0.04,0.14,1451,0.0253,0.329,3,0.0,2.4e-05,0
acc_4169,10,0.123,1,116,0,0,3938,90,43.756,32,3.31,1.8,1.91,1436,0.0013,0.25,5,0.0,6.5e-05,0
acc_4170,14,0.037,1,105,0,0,118,221,0.534,53,45.05,8.61,6.55,797,0.4548,0.327,3,0.0,2.8e-05,0
acc_4171,6,0.092,1,34,0,0,596,130,4.585,50,32.69,9.52,5.34,376,0.0708,0.325,4,0.0,0.000125,0
acc_4172,6,0.089,1,17,0,0,105,37,2.838,51,26.98,0.63,2.55,2614,0.2629,0.205,3,0.0,1.4e-05,0
acc_4173,12,0.001,1,60,1,1,227,24,9.458,47,5.86,6.57,1.6,679,0.0548,0.3,3,0.0,2.7e-05,0
acc_4174,9,0.011,1,106,0,0,88,125,0.704,51,32.01,4.85,0.64,2195,0.4189,0.16,3,0.0,8e-06,0
acc_4175,5,0.199,1,34,1,1,206,387,0.532,48,13.23,4.01,1.73,276,0.0837,0.086,3,0.0,1.3e-05,0
acc_4176,4,0.06,1,69,0,1,123,314,0.392,35,9.71,1.09,0.05,629,0.0877,0.094,4,0.0,8.1e-05,0
acc_4177,12,0.003,1,34,1,1,531,224,2.371,41,80.09,3.17,3.46,1711,0.1568,0.087,3,0.0,0.000141,0
acc_4178,12,0.574,0,1,0,1,77,480,0.16,1,1.57,0.61,0.92,20,0.0283,0.819,14,0.011,0.000904,1
acc_4179,13,0.08,1,130,0,1,99,203,0.488,42,47.15,2.17,0.8,911,0.4981,0.063,3,0.0,8e-06,0
acc_4180,5,0.084,1,126,0,1,3947,154,25.63,40,2.97,0.86,1.98,2838,0.001,0.203,3,0.0,5.7e-05,0
acc_4181,16,0.315,1,1,0,1,3,517,0.006,2,0.47,0.52,0.33,129,0.3314,0.84,11,0.0182,0.000229,1
acc_4182,5,0.053,1,15,1,0,63,64,0.984,43,38.83,0.85,2.44,1895,0.6299,0.319,3,0.0,6e-06,0
acc_4183,10,0.07,1,59,1,0,43,73,0.589,48,39.27,7.5,2.89,1077,1.0,0.263,4,0.0,0.000174,0
acc_4184,8,0.177,1,83,1,0,342,494,0.692,51,33.44,1.38,5.92,864,0.1018,0.199,4,0.0,1.9e-05,0
acc_4185,9,0.662,0,2,0,1,23,738,0.031,1,1.5,0.12,0.53,145,0.0703,0.459,11,0.0,0.000217,1
acc_4186,10,0.021,1,134,1,0,228,32,7.125,40,20.31,1.26,1.03,2052,0.0946,0.238,3,0.0,2e-05,0
acc_4187,7,0.166,0,106,1,1,66,206,0.32,35,2.61,2.17,3.73,2744,0.0724,0.144,3,0.0,0.000165,0
acc_4188,4,0.105,1,70,1,0,57,187,0.305,38,7.8,5.53,1.55,2529,0.2338,0.113,5,0.0,4.6e-05,0
acc_4189,6,0.11,1,132,0,1,1120,32,35.0,53,2.51,0.86,6.2,1460,0.003,0.172,3,0.0,6e-06,0
acc_4190,18,0.312,0,5,0,0,56,270,0.207,0,2.29,0.36,0.11,98,0.0472,0.688,12,0.0152,0.000197,1
acc_4191,4,0.062,1,131,0,1,29,13,2.231,41,39.41,0.7,2.5,1900,1.0,0.329,3,0.0,3.3e-05,0
acc_4192,12,0.109,1,144,1,0,524,487,1.076,50,48.05,1.33,3.38,2477,0.0942,0.187,3,0.0,1.1e-05,0
acc_4193,16,0.507,0,4,0,1,40,859,0.047,2,1.88,0.43,0.72,26,0.058,0.511,10,0.0,0.000546,1
acc_4194,12,0.138,1,43,0,1,814,31,26.258,50,16.59,2.25,5.46,2549,0.0232,0.197,3,0.0,3e-06,0
acc_4195,15,0.443,0,7,1,1,234,1651,0.142,1,0.37,0.08,0.35,89,0.0019,0.665,10,0.0222,0.000237,1
acc_4196,7,0.0,0,101,1,0,247,605,0.408,58,8.18,5.03,17.61,385,0.0535,0.305,3,0.0,2.9e-05,0
acc_4197,13,0.604,1,4,0,0,23,2023,0.011,2,1.75,0.03,0.13,142,0.0773,0.504,10,0.0,0.000389,1
acc_4198,4,0.186,1,127,1,0,777,88,8.83,33,4.2,3.04,6.96,799,0.0093,0.074,3,0.0,1.7e-05,0
acc_4199,7,0.04,0,63,1,0,141,101,1.396,40,30.65,0.53,2.28,749,0.2212,0.248,3,0.0,1.4e-05,0
acc_4200,9,0.163,1,96,1,0,610,65,9.385,43,1.88,3.09,2.85,1059,0.0082,0.315,3,0.0,5.5e-05,0
acc_4201,6,0.002,1,39,1,1,376,110,3.418,48,6.58,0.63,1.15,315,0.0192,0.088,3,0.0,6e-06,0
acc_4202,7,0.134,1,35,0,0,498,248,2.008,41,17.53,0.18,1.67,2874,0.0356,0.14,4,0.0,0.000114,0
acc_4203,14,0.182,1,113,1,0,82,91,0.901,42,12.94,3.28,7.56,747,0.1978,0.085,3,0.0,8e-06,0
acc_4204,9,0.173,1,26,0,0,906,27,33.556,44,51.66,0.61,3.37,2021,0.0577,0.104,3,0.0,2.2e-05,0
acc_4205,11,0.171,1,46,0,1,526,81,6.494,32,35.14,4.3,3.6,1834,0.075,0.327,3,0.0,2e-06,0
acc_4206,13,0.514,0,11,0,1,141,546,0.258,0,0.73,0.37,1.43,94,0.0078,0.779,6,0.0,3.1e-05,1
acc_4207,7,0.131,1,38,0,1,314,246,1.276,48,11.54,7.92,1.35,1691,0.062,0.323,3,0.0,1.4e-05,0
acc_4208,6,0.085,1,47,1,0,342,620,0.552,46,81.78,2.85,0.91,2588,0.2474,0.123,3,0.0,2.4e-05,0
acc_4209,9,0.109,1,147,0,1,777,114,6.816,46,11.67,0.47,0.85,2926,0.0156,0.263,3,0.0,8.5e-05,0
acc_4210,12,0.091,1,20,0,0,734,687,1.068,59,8.45,4.27,10.73,1109,0.0173,0.138,3,0.0,2.2e-05,0
acc_4211,12,0.174,1,19,1,0,333,340,0.979,45,4.43,1.12,1.21,2368,0.0167,0.224,3,0.0,2.9e-05,0
acc_4212,16,0.353,0,4,1,1,153,362,0.423,0,0.44,0.03,0.66,132,0.0031,0.795,11,0.0,0.000227,1
acc_4213,13,0.134,1,96,0,0,55,257,0.214,45,33.1,0.41,2.1,1957,0.6094,0.326,3,0.0,3.2e-05,0
acc_4214,7,0.088,1,14,0,1,33,25,1.32,36,135.58,1.17,1.13,480,1.0,0.31,4,0.0,8.4e-05,0
acc_4215,6,0.132,1,45,1,1,367,231,1.589,40,14.31,9.67,5.22,834,0.0653,0.249,4,0.0,2.8e-05,0
acc_4216,9,0.1,1,89,0,0,3002,34,88.294,37,23.12,7.25,1.08,1039,0.0101,0.058,4,0.0,1.5e-05,0
acc_4217,11,0.031,1,133,0,1,80,96,0.833,41,20.25,5.35,8.26,2218,0.32,0.14,5,0.0,0.000206,0
acc_4218,12,0.15,1,96,1,0,1483,46,32.239,38,58.8,7.81,3.68,2037,0.0449,0.245,3,0.0,2e-05,0
acc_4219,12,0.055,1,123,0,0,221,162,1.364,47,106.75,3.67,0.95,2642,0.4997,0.274,3,0.0,1.9e-05,0
acc_4220,14,0.193,1,87,0,1,388,39,9.949,45,19.43,4.85,0.33,1510,0.0626,0.207,3,0.0,9e-06,0
acc_4221,15,0.689,0,14,0,1,21,554,0.038,1,3.75,0.64,0.02,36,0.2091,0.682,10,0.0222,0.000157,1
acc_4222,11,0.704,1,1,0,1,185,331,0.559,3,1.98,0.05,1.47,105,0.011,0.41,13,0.0128,0.000728,1
acc_4223,8,0.069,1,19,0,0,398,428,0.93,48,52.5,0.66,1.54,1936,0.1336,0.158,3,0.0,1.3e-05,0
acc_4224,14,0.016,1,76,1,0,661,45,14.689,30,14.95,0.69,0.6,1060,0.0237,0.266,4,0.0,1.9e-05,0
acc_4225,5,0.1,1,124,0,1,59,271,0.218,43,37.65,0.43,7.62,2712,0.6455,0.342,3,0.0,0.000108,0
acc_4226,8,0.18,0,101,1,0,170,214,0.794,46,27.95,1.82,1.35,182,0.1751,0.238,3,0.0,4.1e-05,0
acc_4227,11,0.081,1,108,0,1,2037,105,19.4,46,14.39,4.07,0.25,1094,0.0091,0.306,4,0.0,6.2e-05,0
acc_4228,11,0.709,0,1,0,0,63,219,0.288,1,5.63,0.02,0.43,105,0.0896,0.846,8,0.0,0.000153,1
acc_4229,9,0.191,1,27,1,1,497,218,2.28,52,58.61,1.5,6.05,2506,0.121,0.319,3,0.0,8e-06,0
acc_4230,14,0.139,1,100,1,0,277,104,2.663,47,53.87,7.0,1.21,2492,0.2198,0.282,3,0.0,3.7e-05,0
acc_4231,15,0.471,1,5,0,1,30,278,0.108,2,0.0,0.6,0.66,166,0.0201,0.769,14,0.0,0.00149,1
acc_4232,10,0.002,1,133,1,0,1660,595,2.79,46,97.66,1.67,1.83,1501,0.0598,0.303,4,0.0,0.000169,0
acc_4233,13,0.072,1,60,0,0,289,49,5.898,41,20.81,5.52,0.98,2706,0.0911,0.05,3,0.0,3.4e-05,0
acc_4234,13,0.077,1,128,1,1,114,121,0.942,42,7.16,0.21,1.47,2404,0.0647,0.273,3,0.0,1.6e-05,0
acc_4235,6,0.156,1,68,0,1,275,194,1.418,33,25.63,0.3,3.39,1049,0.0943,0.055,3,0.0,1.9e-05,0
acc_4236,10,0.1,1,125,0,0,211,75,2.813,44,5.31,0.97,4.8,2866,0.0297,0.167,4,0.0,4e-05,0
acc_4237,13,0.17,1,145,1,0,165,33,5.0,44,20.29,6.74,4.17,2906,0.1639,0.181,4,0.0,2.8e-05,0
acc_4238,4,0.045,1,125,1,1,102,33,3.091,44,16.98,3.99,0.12,272,0.2056,0.052,3,0.0,2.9e-05,0
acc_4239,16,0.518,1,4,0,1,6,920,0.007,3,1.81,0.52,0.63,35,0.3877,0.876,13,0.0,0.000573,1
acc_4240,13,0.765,0,6,0,1,10,1107,0.009,1,1.68,0.01,0.05,141,0.1691,0.533,9,0.0,0.000312,1
acc_4241,14,0.06,1,88,0,1,414,489,0.847,47,10.69,23.6,0.91,1776,0.0828,0.221,3,0.0,0.000136,0
acc_4242,10,0.644,0,10,1,1,128,535,0.239,1,4.51,0.09,1.49,65,0.0359,0.8,12,0.0152,0.000118,1
acc_4243,8,0.034,1,143,1,0,104,65,1.6,50,8.01,13.48,0.28,2349,0.2066,0.302,3,0.0,2.3e-05,0
acc_4244,13,0.676,0,11,0,1,5,676,0.007,4,2.6,0.06,1.41,142,0.5318,0.858,10,0.0,0.000429,1
acc_4245,13,0.125,1,126,0,1,85,45,1.889,39,6.38,0.93,2.58,2205,0.086,0.09,3,0.0,5.3e-05,0
acc_4246,4,0.153,1,137,0,0,12,417,0.029,33,4.25,9.13,0.46,1521,1.0,0.178,5,0.0,4.4e-05,0
acc_4247,17,0.593,0,8,0,1,22,266,0.083,2,3.96,0.04,0.14,82,0.1819,0.68,11,0.0,0.000852,1
acc_4248,19,0.707,1,1,0,0,100,602,0.166,2,3.45,0.1,0.92,196,0.0355,0.815,10,0.0,0.000196,1
acc_4249,13,0.518,1,5,1,1,35,1564,0.022,7,0.72,0.06,0.57,165,0.0225,0.681,15,0.0095,0.001015,1
acc_4250,5,0.01,1,13,0,1,65,488,0.133,41,27.33,4.19,2.88,1475,0.4849,0.059,3,0.0,0.000163,0
acc_4251,18,0.454,1,1,0,0,38,579,0.066,0,0.27,0.31,1.58,133,0.0154,0.647,13,0.0,0.00062,1
acc_4252,12,0.441,0,12,0,1,90,1802,0.05,0,1.44,0.46,0.1,118,0.0211,0.54,10,0.0222,0.00018,1
acc_4253,18,0.588,1,2,0,0,26,720,0.036,3,0.43,0.52,0.11,54,0.0364,0.429,12,0.0152,0.000332,1
acc_4254,4,0.065,1,70,1,0,269,39,6.897,60,112.12,0.84,0.03,495,0.4199,0.075,3,0.0,3.3e-05,0
acc_4255,18,0.596,0,6,0,1,28,514,0.054,0,0.07,0.06,0.3,163,0.0046,0.795,9,0.0,0.001007,1
acc_4256,11,0.164,1,41,0,0,167,379,0.441,42,21.01,1.01,5.59,1419,0.1319,0.073,3,0.0,1.9e-05,0
acc_4257,14,0.324,0,9,0,1,20,496,0.04,1,0.46,0.07,0.03,28,0.0268,0.853,12,0.0152,0.000434,1
acc_4258,8,0.614,1,3,0,1,18,619,0.029,1,7.61,0.36,0.11,45,0.4432,0.709,10,0.0,0.00035,1
acc_4259,5,0.12,1,26,0,0,196,126,1.556,37,26.66,2.54,3.66,611,0.1489,0.297,3,0.0,3.8e-05,0
acc_4260,14,0.1,1,52,0,1,168,95,1.768,41,3.14,2.01,1.39,624,0.0307,0.157,3,0.0,7.5e-05,0
acc_4261,12,0.197,1,138,0,1,4452,925,4.813,58,47.57,7.81,0.29,1100,0.0124,0.124,3,0.0,2.8e-05,0
acc_4262,5,0.003,1,99,0,0,270,103,2.621,49,2.99,11.31,3.75,2181,0.053,0.086,4,0.0,6.3e-05,0
acc_4263,6,0.022,1,66,0,1,126,921,0.137,39,22.47,12.32,2.52,731,0.2761,0.211,4,0.0,0.000168,0
acc_4264,13,0.029,1,46,0,0,186,107,1.738,46,26.7,5.48,3.11,2230,0.173,0.114,3,0.0,1e-05,0
acc_4265,10,0.168,1,135,0,0,96,131,0.733,39,26.92,9.07,3.65,2018,0.3749,0.083,3,0.0,5.6e-05,0
acc_4266,4,0.133,1,87,1,0,77,384,0.201,47,21.46,4.51,1.77,506,0.3373,0.296,3,0.0,1.2e-05,0
acc_4267,4,0.157,1,138,1,1,105,83,1.265,40,22.8,1.15,1.84,202,0.2281,0.215,4,0.0,3e-05,0
acc_4268,9,0.052,1,81,0,0,92,53,1.736,48,14.13,1.66,1.8,2416,0.1717,0.339,3,0.0,2e-05,0
acc_4269,8,0.142,1,25,0,0,96,153,0.627,31,22.92,2.82,1.15,1242,0.2681,0.105,3,0.0,2.8e-05,0
acc_4270,16,0.593,1,0,0,0,62,1279,0.048,1,0.65,0.48,0.11,93,0.0184,0.839,13,0.0,0.000308,1
acc_4271,7,0.057,1,71,0,0,987,258,3.826,39,34.53,6.81,5.39,226,0.0419,0.289,3,0.0,5.2e-05,0
acc_4272,12,0.074,1,144,1,0,4715,1666,2.83,48,36.02,0.61,6.72,581,0.0078,0.349,4,0.0,0.000156,0
acc_4273,6,0.068,1,83,1,1,43,185,0.232,53,7.12,6.82,2.07,2914,0.3243,0.193,3,0.0,6e-06,0
acc_4274,11,0.155,1,28,1,0,34,36,0.944,41,37.33,7.41,7.49,1447,1.0,0.272,3,0.0,2.2e-05,0
acc_4275,11,0.1,1,14,1,0,220,172,1.279,34,74.03,2.38,0.32,1759,0.3473,0.141,5,0.0,3.6e-05,0
acc_4276,5,0.088,1,17,1,1,28,51,0.549,42,13.58,0.89,1.03,2859,0.5169,0.274,3,0.0,2.5e-05,0
acc_4277,4,0.185,1,126,0,0,101,121,0.835,47,83.74,6.56,6.94,2163,0.894,0.156,3,0.0,1.6e-05,0
acc_4278,14,0.119,1,64,0,0,5923,368,16.095,40,33.0,0.77,3.83,2604,0.0057,0.3,3,0.0,4.4e-05,0
acc_4279,13,0.121,1,59,1,0,602,216,2.787,42,13.54,5.31,8.55,1969,0.0313,0.238,3,0.0,4e-05,0
acc_4280,8,0.092,1,117,1,1,107,112,0.955,45,69.82,2.21,3.43,395,0.6731,0.128,4,0.0,4.5e-05,0
acc_4281,4,0.038,1,114,0,0,1259,1415,0.89,46,5.36,0.08,0.14,2088,0.0043,0.075,5,0.0,6.7e-05,0
acc_4282,7,0.08,1,42,1,0,1193,74,16.122,59,17.09,0.09,2.11,1349,0.0144,0.064,3,0.0,4.1e-05,0
acc_4283,13,0.152,1,66,1,0,277,67,4.134,45,46.72,6.38,0.48,2794,0.1917,0.235,3,0.0,2e-06,0
acc_4284,8,0.094,1,129,0,0,51,839,0.061,50,134.28,10.28,2.71,2288,1.0,0.151,4,0.0,1.2e-05,0
acc_4285,11,0.753,1,14,0,0,39,1103,0.035,2,1.35,0.27,0.28,144,0.0413,0.781,8,0.0,5.9e-05,1
acc_4286,13,0.166,1,124,0,1,95,180,0.528,36,67.07,3.23,7.56,714,0.74,0.239,3,0.0,5e-06,0
acc_4287,18,0.578,1,11,0,1,11,212,0.052,2,5.46,0.02,0.4,36,0.4982,0.469,10,0.0,8.8e-05,1
acc_4288,15,0.352,0,14,0,0,124,521,0.238,1,1.29,0.44,0.37,37,0.014,0.452,13,0.0128,0.003367,1
acc_4289,4,0.137,1,60,1,0,795,128,6.211,36,28.77,4.81,2.25,1470,0.0422,0.158,5,0.0,3.9e-05,0
acc_4290,14,0.152,1,69,0,0,51,368,0.139,38,33.78,3.86,2.45,543,0.738,0.185,3,0.0,5e-06,0
acc_4291,6,0.008,1,101,0,1,53,168,0.315,46,15.38,3.74,1.59,1317,0.3608,0.225,4,0.0,0.000106,0
acc_4292,11,0.363,0,14,0,0,19,703,0.027,1,5.16,0.84,0.51,189,0.3163,0.73,12,0.0303,0.000463,1
acc_4293,11,0.708,0,13,0,1,12,317,0.038,1,5.64,0.57,0.05,30,0.5174,0.523,9,0.0,6.6e-05,1
acc_4294,11,0.1,1,128,0,0,65,312,0.208,45,1.01,6.16,1.45,1791,0.1103,0.119,3,0.0,7e-06,0
acc_4295,13,0.162,0,19,0,0,23,98,0.235,41,22.69,4.52,5.45,2185,1.0,0.095,3,0.0,1.8e-05,0
acc_4296,10,0.163,1,47,1,1,92,85,1.082,38,17.22,2.41,0.19,324,0.2134,0.309,3,0.0,3.1e-05,0
acc_4297,11,0.152,1,17,1,0,128,339,0.378,48,25.9,6.61,0.6,715,0.254,0.237,3,0.0,2.8e-05,0
acc_4298,6,0.18,1,25,0,1,58,42,1.381,43,28.52,7.79,1.67,2739,0.626,0.087,3,0.0,3.2e-05,0
acc_4299,14,0.18,1,32,1,1,893,108,8.269,43,22.95,2.55,14.03,2467,0.0286,0.337,4,0.0,0.000151,0
acc_4300,9,0.028,1,45,1,1,236,387,0.61,48,36.3,0.11,1.39,889,0.1543,0.27,3,0.0,5.4e-05,0
acc_4301,8,0.135,1,143,0,0,243,291,0.835,47,17.73,4.38,4.36,959,0.091,0.227,3,0.0,2e-06,0
acc_4302,14,0.195,1,42,1,0,78,145,0.538,49,26.45,0.55,17.8,2102,0.3462,0.221,3,0.3333,5.9e-05,0
acc_4303,17,0.606,1,12,0,1,17,888,0.019,3,1.17,0.06,1.04,148,0.0721,0.541,9,0.0,8.7e-05,1
acc_4304,11,0.083,1,77,0,1,864,31,27.871,54,56.4,3.81,2.87,2961,0.0697,0.298,3,0.0,5.5e-05,0
acc_4305,18,0.688,0,10,0,0,108,673,0.16,4,2.79,0.09,0.74,18,0.0267,0.621,17,0.0074,0.000555,1
acc_4306,9,0.025,1,103,1,0,994,227,4.379,48,164.76,1.76,1.44,1067,0.1675,0.332,3,0.0,6e-06,0
acc_4307,10,0.054,1,67,0,1,7207,115,62.67,46,31.12,4.74,0.48,1547,0.005,0.266,3,0.0,1.6e-05,0
acc_4308,13,0.068,1,140,1,0,325,285,1.14,42,108.44,6.05,0.02,1856,0.3523,0.088,3,0.0,5.3e-05,0
acc_4309,10,0.547,0,0,0,1,21,1219,0.017,4,1.42,0.19,0.31,79,0.0766,0.578,6,0.0,4.3e-05,1
acc_4310,11,0.744,0,13,1,0,7,2489,0.003,1,4.06,0.1,0.18,29,0.5939,0.738,14,0.011,0.000374,1
acc_4311,12,0.598,0,6,0,1,74,1681,0.044,1,1.71,0.21,0.04,130,0.0259,0.476,8,0.0,0.000121,1
acc_4312,14,0.509,0,1,0,0,50,252,0.198,0,2.01,0.26,0.2,160,0.0453,0.742,12,0.0152,0.000726,1
acc_4313,13,0.015,1,132,1,1,588,167,3.521,42,60.05,0.63,0.47,602,0.1032,0.218,3,0.0,1.7e-05,0
acc_4314,9,0.409,0,1,0,1,56,1250,0.045,2,1.74,0.57,0.49,120,0.0413,0.835,13,0.0128,0.000356,1
acc_4315,10,0.148,1,135,0,0,394,337,1.169,47,75.31,1.42,0.76,1397,0.1947,0.323,3,0.0,2.1e-05,0
acc_4316,5,0.06,1,48,0,0,164,191,0.859,55,22.99,4.32,8.11,2076,0.1665,0.131,3,0.0,4e-06,0
acc_4317,10,0.052,1,134,1,0,29,192,0.151,53,36.97,1.1,5.08,881,1.0,0.119,3,0.0,2.8e-05,0
acc_4318,9,0.17,1,42,0,0,163,520,0.313,36,77.95,2.51,2.48,2996,0.4936,0.066,3,0.0,2e-05,0
acc_4319,10,0.034,1,57,1,0,76,293,0.259,28,63.61,0.34,1.27,1153,0.8415,0.254,3,0.3333,1.3e-05,0
acc_4320,9,0.071,1,141,1,1,4460,89,50.112,41,30.07,2.28,2.62,2881,0.0073,0.269,3,0.0,1e-05,0
acc_4321,12,0.158,0,21,1,1,37,472,0.078,38,31.93,4.02,0.56,2714,0.9717,0.217,3,0.0,1.7e-05,0
acc_4322,12,0.192,1,68,0,0,2361,56,42.161,43,3.72,4.22,1.36,2252,0.0034,0.207,3,0.0,1.4e-05,0
acc_4323,11,0.094,1,69,0,1,44,272,0.162,38,25.79,8.68,5.12,1868,0.7834,0.11,3,0.0,6.7e-05,0
acc_4324,14,0.03,1,14,0,1,202,10,20.2,39,63.15,1.05,6.37,2876,0.3178,0.173,4,0.0,5.7e-05,0
acc_4325,5,0.051,1,56,1,1,630,234,2.692,46,31.95,3.13,0.71,404,0.0557,0.335,3,0.0,1.3e-05,0
acc_4326,9,0.101,1,135,1,1,168,746,0.225,50,38.02,0.03,0.15,1206,0.2265,0.314,3,0.0,4e-06,0
acc_4327,10,0.096,1,47,0,0,127,45,2.822,35,18.3,7.33,5.24,1396,0.2018,0.191,3,0.0,6e-06,0
acc_4328,12,0.499,0,6,0,1,59,2204,0.027,2,7.76,0.36,0.59,3,0.1377,0.618,15,0.0,0.00027,1
acc_4329,7,0.125,1,31,0,0,443,168,2.637,52,25.11,2.28,1.5,376,0.0618,0.096,3,0.0,1.2e-05,0
acc_4330,4,0.044,1,119,0,1,724,780,0.928,41,4.93,0.26,3.61,1682,0.0072,0.193,3,0.0,3.9e-05,0
acc_4331,8,0.032,1,27,0,0,311,580,0.536,39,36.64,0.02,13.24,2263,0.1179,0.303,4,0.0,3.8e-05,0
acc_4332,4,0.094,1,21,1,0,179,168,1.065,51,53.29,1.86,7.07,2881,0.3081,0.135,3,0.0,1.2e-05,0
acc_4333,14,0.361,0,10,0,0,110,583,0.189,2,1.8,0.03,0.82,183,0.0167,0.511,11,0.0,0.000732,1
acc_4334,10,0.01,1,91,1,0,48,215,0.223,40,41.79,2.29,1.7,2073,0.9182,0.226,4,0.0,0.000126,0
acc_4335,12,0.303,0,14,0,1,4,998,0.004,0,4.73,0.64,0.17,1,1.0,0.832,13,0.0128,0.000291,1
acc_4336,11,0.169,1,142,0,1,214,85,2.518,46,26.43,10.42,1.76,695,0.1722,0.159,3,0.0,4.5e-05,0
acc_4337,12,0.048,1,140,1,1,1684,113,14.903,44,1.69,8.03,1.63,640,0.0058,0.335,3,0.0,1e-05,0
acc_4338,8,0.166,1,85,1,1,254,38,6.684,52,32.83,4.73,1.6,239,0.1479,0.301,3,0.0,2.7e-05,0
acc_4339,10,0.577,1,12,0,1,9,952,0.009,3,0.49,0.55,0.32,172,0.1151,0.633,7,0.0,4.4e-05,1
acc_4340,6,0.189,1,12,0,1,2270,410,5.537,46,13.24,3.62,0.94,1452,0.0074,0.194,3,0.0,4.1e-05,0
acc_4341,6,0.127,1,146,0,0,34,513,0.066,54,133.5,0.06,0.82,2607,1.0,0.127,3,0.0,2.4e-05,0
acc_4342,8,0.707,1,5,0,1,114,1172,0.097,2,0.35,0.01,0.03,54,0.0032,0.407,9,0.0,0.000106,1
acc_4343,5,0.005,1,98,0,1,170,78,2.179,42,5.17,3.96,0.03,2670,0.0537,0.164,3,0.0,2.1e-05,0
acc_4344,16,0.734,0,11,0,1,8,523,0.015,2,3.5,0.86,1.53,5,0.5454,0.801,11,0.0,0.000121,1
acc_4345,10,0.145,1,149,0,1,611,70,8.729,38,84.95,9.22,1.28,2210,0.1541,0.258,3,0.0,1.5e-05,0
acc_4346,12,0.192,1,127,1,0,134,100,1.34,37,13.86,11.46,1.42,2224,0.1889,0.087,4,0.0,2.4e-05,0
acc_4347,9,0.031,1,70,1,1,613,99,6.192,33,9.29,5.21,0.58,1195,0.0237,0.29,3,0.0,2.2e-05,0
acc_4348,8,0.162,1,10,1,0,205,2544,0.081,53,37.36,4.84,2.39,1332,0.2059,0.154,3,0.0,2.9e-05,0
acc_4349,9,0.138,1,84,1,1,193,53,3.642,29,53.85,3.24,1.84,436,0.2958,0.328,3,0.0,1.3e-05,0
acc_4350,12,0.061,1,64,0,1,131,371,0.353,49,8.81,5.94,6.7,1289,0.1126,0.345,3,0.0,1.9e-05,0
acc_4351,4,0.042,1,57,0,0,377,652,0.578,53,8.81,2.24,1.98,1268,0.0293,0.253,3,0.0,8e-06,0
acc_4352,7,0.087,1,140,0,1,107,325,0.329,44,127.16,0.73,3.05,2875,1.0,0.244,3,0.0,1.7e-05,0
acc_4353,8,0.162,1,55,0,1,607,311,1.952,49,57.66,7.28,1.3,1083,0.107,0.335,3,0.0,2.2e-05,0
acc_4354,9,0.136,1,113,0,1,394,85,4.635,43,13.67,0.64,0.72,2075,0.0363,0.211,3,0.0,2e-06,0
acc_4355,9,0.034,1,57,1,1,114,262,0.435,42,3.91,0.76,9.39,520,0.041,0.197,3,0.0,0.000104,0
acc_4356,13,0.152,1,56,0,1,568,456,1.246,56,6.42,3.17,0.82,757,0.0169,0.16,3,0.0,2.4e-05,0
acc_4357,15,0.638,0,12,1,0,11,234,0.047,2,2.01,0.04,0.7,167,0.186,0.616,13,0.0128,0.000333,1
acc_4358,11,0.166,1,104,1,0,1050,224,4.688,46,2.65,2.37,0.34,1772,0.0048,0.2,3,0.0,2.9e-05,0
acc_4359,12,0.036,1,71,0,0,61,100,0.61,53,31.75,8.86,1.56,2237,0.6658,0.129,3,0.0,1.6e-05,0
acc_4360,14,0.059,1,106,0,1,183,25,7.32,37,12.72,2.05,2.33,2373,0.0807,0.056,3,0.0,1.6e-05,0
acc_4361,11,0.024,1,56,1,0,302,97,3.113,42,108.32,0.06,0.96,1457,0.3589,0.285,3,0.0,6e-06,0
acc_4362,11,0.068,1,100,0,0,173,188,0.92,56,15.19,1.99,1.0,2904,0.0993,0.125,3,0.0,1.9e-05,0
acc_4363,8,0.037,1,123,1,0,546,282,1.936,40,6.37,5.59,5.63,2960,0.0219,0.099,3,0.0,1.6e-05,0
acc_4364,18,0.408,1,13,0,1,52,1162,0.045,1,0.05,0.26,1.69,195,0.0061,0.821,12,0.0,0.001099,1
acc_4365,14,0.087,1,83,1,1,711,211,3.37,42,41.79,3.57,7.0,1389,0.0638,0.276,3,0.0,1.3e-05,0
acc_4366,4,0.169,1,87,0,0,126,196,0.643,54,15.27,1.03,1.47,2592,0.1294,0.059,5,0.0,6.7e-05,0
acc_4367,16,0.618,0,8,0,1,22,520,0.042,3,2.07,0.09,0.4,57,0.0981,0.625,6,0.0,3.8e-05,1
acc_4368,9,0.74,0,11,0,1,39,392,0.099,1,0.99,0.36,0.24,199,0.0346,0.881,8,0.0357,0.000101,1
acc_4369,9,0.068,1,149,0,1,661,510,1.296,45,43.76,0.16,2.32,364,0.0664,0.286,5,0.0,0.000259,0
acc_4370,12,0.173,1,121,1,0,1446,888,1.628,39,4.44,0.26,2.0,1938,0.0033,0.238,5,0.0,0.000406,0
acc_4371,6,0.023,1,32,1,0,524,315,1.663,54,24.84,1.03,5.4,2105,0.0494,0.224,3,0.0,5e-06,0
acc_4372,9,0.407,1,7,0,1,78,895,0.087,1,5.72,0.61,0.03,168,0.0811,0.857,12,0.0152,0.000471,1
acc_4373,8,0.084,1,78,0,0,990,227,4.361,54,103.76,0.99,7.06,2242,0.1058,0.115,3,0.0,1.7e-05,0
acc_4374,5,0.04,1,130,0,0,309,90,3.433,49,36.9,0.24,0.1,478,0.1202,0.056,3,0.0,7e-06,0
acc_4375,5,0.168,1,84,1,0,1644,172,9.558,49,44.7,0.52,0.32,396,0.0275,0.103,3,0.0,7e-06,0
acc_4376,4,0.065,1,60,0,0,171,130,1.315,44,17.04,1.28,0.84,1304,0.1071,0.327,3,0.0,9e-06,0
acc_4377,12,0.064,1,147,1,1,564,112,5.036,48,7.99,2.05,10.26,1071,0.0178,0.178,3,0.0,8e-06,0
acc_4378,13,0.478,1,4,0,1,137,240,0.571,1,4.16,0.13,0.42,48,0.0313,0.668,13,0.0128,0.000402,1
acc_4379,13,0.591,0,8,0,1,77,450,0.171,2,1.07,0.28,0.19,73,0.0175,0.565,10,0.0222,7.9e-05,1
acc_4380,14,0.564,0,4,0,1,65,238,0.273,1,0.52,0.1,0.63,157,0.0096,0.423,15,0.0095,0.000406,1
acc_4381,13,0.192,1,50,0,0,703,147,4.782,43,27.42,0.98,0.33,1067,0.0404,0.28,4,0.0,4.2e-05,0
acc_4382,9,0.138,1,143,1,1,601,699,0.86,44,3.76,12.02,2.72,2844,0.0263,0.344,3,0.0,2.7e-05,0
acc_4383,5,0.016,1,90,1,0,129,720,0.179,43,42.84,0.77,1.87,1402,0.338,0.06,3,0.0,0.000151,0
acc_4384,9,0.416,0,14,0,1,87,331,0.263,2,5.57,0.08,0.8,30,0.0649,0.778,8,0.0,0.000236,1
acc_4385,7,0.007,1,20,0,1,203,18,11.278,51,57.26,2.17,1.02,1598,0.2928,0.158,3,0.0,9e-06,0
acc_4386,17,0.318,0,3,1,1,3,626,0.005,2,2.02,0.18,0.73,69,0.7347,0.74,12,0.0,0.000158,1
acc_4387,18,0.713,0,12,0,1,43,229,0.188,1,6.73,0.13,0.35,102,0.1595,0.674,13,0.0,0.000341,1
acc_4388,11,0.192,1,135,1,0,733,548,1.338,41,31.2,7.25,0.4,282,0.0525,0.272,3,0.0,8.8e-05,0
acc_4389,10,0.155,1,105,0,1,608,193,3.15,53,23.33,2.09,17.58,2498,0.0418,0.255,3,0.3333,2.3e-05,0
acc_4390,8,0.058,0,42,1,0,142,1185,0.12,40,110.88,0.58,4.37,2955,0.7849,0.196,3,0.0,2.8e-05,0
acc_4391,10,0.192,1,27,1,1,5598,32,174.938,50,0.81,0.15,5.79,942,0.0002,0.064,4,0.0,3.5e-05,0
acc_4392,14,0.466,0,12,0,0,98,516,0.19,1,0.91,0.0,0.09,117,0.0093,0.531,12,0.0,0.00054,1
acc_4393,12,0.031,1,89,0,0,17,474,0.036,40,31.13,2.76,0.82,872,1.0,0.243,3,0.0,0.000211,0
acc_4394,10,0.017,1,80,1,0,37,623,0.059,38,14.67,8.06,10.12,396,0.6143,0.166,3,0.0,5.9e-05,0
acc_4395,10,0.171,1,141,0,0,484,307,1.577,38,23.24,5.41,9.88,942,0.0592,0.164,4,0.0,6.9e-05,0
acc_4396,13,0.048,1,81,0,0,497,182,2.731,45,64.36,6.33,0.55,1022,0.1422,0.28,3,0.0,2.4e-05,0
acc_4397,11,0.069,1,124,1,1,170,37,4.595,44,24.4,0.31,6.12,2941,0.1453,0.309,4,0.0,9.6e-05,0
acc_4398,10,0.137,1,143,1,0,204,234,0.872,52,1.75,5.29,1.29,2289,0.0345,0.053,3,0.0,0.000287,0
acc_4399,13,0.064,1,37,1,0,60,174,0.345,30,37.54,1.29,1.77,1124,0.6471,0.102,3,0.0,9e-06,0
acc_4400,7,0.131,1,71,1,0,199,35,5.686,43,28.47,1.72,0.62,1392,0.1517,0.332,3,0.0,3.2e-05,0
acc_4401,6,0.008,1,103,1,1,104,59,1.763,44,75.26,2.7,1.18,1520,0.7496,0.344,3,0.0,7e-06,0
acc_4402,18,0.524,0,4,0,1,94,878,0.107,3,1.52,0.01,0.02,113,0.0163,0.687,17,0.0074,0.001339,1
acc_4403,19,0.369,0,10,0,1,60,1965,0.031,0,0.95,0.0,0.23,114,0.0159,0.618,12,0.0,0.000188,1
acc_4404,13,0.071,1,114,0,1,123,57,2.158,45,19.39,0.3,13.48,975,0.1601,0.298,3,0.0,2e-05,0
acc_4405,8,0.101,1,13,0,1,146,153,0.954,46,26.25,6.98,2.32,988,0.2276,0.347,3,0.0,4.4e-05,0
acc_4406,7,0.186,1,12,1,0,115,175,0.657,44,25.54,2.78,1.62,440,0.2463,0.279,3,0.0,2.1e-05,0
acc_4407,8,0.035,0,145,0,0,145,560,0.259,39,24.69,0.25,0.4,1641,0.172,0.067,3,0.0,1.1e-05,0
acc_4408,11,0.053,1,61,0,1,745,67,11.119,52,18.44,1.53,0.1,971,0.0268,0.157,3,0.0,8.6e-05,0
acc_4409,12,0.043,1,100,0,0,103,68,1.515,35,36.43,11.32,3.49,1435,0.4636,0.126,3,0.0,1.1e-05,0
acc_4410,11,0.571,1,2,1,1,32,1631,0.02,1,4.27,0.23,0.68,103,0.1406,0.732,12,0.0152,0.000263,1
acc_4411,5,0.058,1,125,1,1,503,51,9.863,38,5.39,5.93,7.36,2733,0.0225,0.302,3,0.0,3.1e-05,0
acc_4412,8,0.048,1,144,0,0,313,340,0.921,57,73.23,1.8,13.1,1740,0.2397,0.133,5,0.0,7.1e-05,0
acc_4413,10,0.179,1,140,0,1,38,457,0.083,39,41.66,10.55,0.61,1494,1.0,0.29,3,0.0,1.7e-05,0
acc_4414,12,0.002,1,116,0,1,46,39,1.179,39,16.65,5.79,1.15,2640,0.4877,0.15,3,0.0,1.4e-05,0
acc_4415,11,0.303,0,8,0,1,41,1115,0.037,6,2.17,0.11,1.03,135,0.0557,0.492,10,0.0,0.000165,1
acc_4416,13,0.123,1,62,0,0,449,105,4.276,51,61.41,0.83,11.6,2708,0.1386,0.222,3,0.0,2.4e-05,0
acc_4417,19,0.447,0,6,0,1,4,2957,0.001,3,0.18,0.09,0.22,95,0.0669,0.474,6,0.0,1.9e-05,1
acc_4418,6,0.118,1,21,0,0,84,109,0.771,51,19.94,6.8,0.55,1026,0.3184,0.168,4,0.0,9.3e-05,0
acc_4419,7,0.056,1,33,0,0,31,254,0.122,47,73.0,2.84,1.09,186,1.0,0.29,3,0.0,4.6e-05,0
acc_4420,16,0.668,1,1,0,1,49,984,0.05,4,0.5,0.25,0.7,49,0.0152,0.759,9,0.0278,0.000129,1
acc_4421,7,0.159,1,111,0,1,50,212,0.236,49,6.99,0.72,3.06,515,0.1542,0.24,3,0.0,1e-05,0
acc_4422,13,0.154,1,61,0,0,377,56,6.732,40,8.06,1.12,0.77,687,0.0243,0.089,3,0.0,1.8e-05,0
acc_4423,8,0.009,1,81,0,1,205,180,1.139,49,36.71,7.1,3.36,1798,0.2137,0.322,3,0.0,3.9e-05,0
acc_4424,18,0.432,1,14,1,1,40,729,0.055,3,1.34,0.14,0.02,76,0.0369,0.8,12,0.0152,0.000285,1
acc_4425,4,0.184,1,115,0,0,333,31,10.742,52,88.69,2.02,10.46,2631,0.2724,0.16,3,0.3333,1.7e-05,0
acc_4426,8,0.173,1,142,0,0,227,171,1.327,56,3.49,0.49,2.84,2991,0.0175,0.278,4,0.0,6e-05,0
acc_4427,10,0.154,1,64,0,0,2555,466,5.483,40,27.91,7.35,0.67,2746,0.0138,0.193,3,0.0,1.4e-05,0
acc_4428,8,0.017,0,149,0,1,390,159,2.453,56,30.05,0.39,8.49,826,0.078,0.318,3,0.3333,3.8e-05,0
acc_4429,6,0.094,1,96,0,0,3442,162,21.247,58,30.62,7.98,6.68,2180,0.0112,0.129,3,0.0,4.1e-05,0
acc_4430,19,0.446,0,0,0,1,62,338,0.183,5,0.09,0.41,1.54,187,0.0079,0.673,11,0.0364,0.000403,1
acc_4431,8,0.107,1,80,1,1,147,712,0.206,43,96.81,7.19,0.58,2990,0.7075,0.224,3,0.0,9e-06,0
acc_4432,5,0.181,0,88,0,0,605,126,4.802,55,4.79,1.96,7.95,1324,0.0112,0.306,3,0.0,6e-06,0
acc_4433,14,0.102,1,138,1,0,186,188,0.989,38,22.38,0.56,7.44,1507,0.1233,0.213,3,0.0,2e-06,0
acc_4434,13,0.497,0,11,0,1,25,1288,0.019,1,0.94,0.65,0.61,139,0.0637,0.628,10,0.0,8.9e-05,1
acc_4435,10,0.415,0,10,0,1,11,416,0.026,3,2.93,0.27,0.21,53,0.2907,0.597,10,0.0,7.3e-05,1
acc_4436,8,0.199,0,96,0,0,299,210,1.424,46,67.75,0.03,1.68,1198,0.2267,0.327,3,0.0,5.6e-05,0
acc_4437,8,0.645,1,0,0,0,53,388,0.137,3,0.1,0.28,0.21,20,0.0073,0.849,11,0.0,0.000624,1
acc_4438,9,0.03,1,21,1,1,37,189,0.196,34,50.17,10.84,4.02,2403,1.0,0.323,3,0.0,4e-06,0
acc_4439,7,0.166,1,74,0,1,104,72,1.444,39,2.96,8.7,3.92,2036,0.1121,0.086,3,0.0,7.3e-05,0
acc_4440,8,0.362,0,0,0,1,2,204,0.01,4,2.66,0.82,0.14,11,1.0,0.544,12,0.0,0.000874,1
acc_4441,12,0.324,0,9,0,0,45,1984,0.023,1,16.9,0.52,0.6,92,0.3873,0.677,11,0.0,0.000387,1
acc_4442,8,0.185,1,14,1,1,137,102,1.343,35,146.11,6.67,0.05,1784,1.0,0.17,3,0.0,7.8e-05,0
acc_4443,11,0.062,1,121,0,0,144,293,0.491,47,7.77,0.12,5.83,2775,0.0548,0.245,3,0.3333,1.2e-05,0
acc_4444,7,0.153,0,18,1,0,21,77,0.273,41,9.59,3.17,0.87,577,0.6073,0.122,3,0.0,8e-06,0
acc_4445,15,0.741,1,13,0,1,85,324,0.262,0,0.33,0.26,0.5,51,0.007,0.803,13,0.0128,0.000431,1
acc_4446,13,0.058,1,96,0,1,1721,174,9.891,57,3.9,0.53,0.65,1786,0.0026,0.333,3,0.0,3.8e-05,0
acc_4447,8,0.082,1,139,1,0,164,132,1.242,36,6.9,0.63,0.91,2129,0.0459,0.31,5,0.0,4.9e-05,0
acc_4448,14,0.133,1,113,0,0,697,14,49.786,43,7.95,4.92,2.82,532,0.0185,0.346,3,0.0,2.3e-05,0
acc_4449,17,0.357,0,8,1,1,18,209,0.086,1,1.72,0.06,0.14,57,0.0989,0.807,12,0.0,0.000192,1
acc_4450,14,0.098,1,92,0,1,218,387,0.563,37,1.76,2.79,3.15,188,0.0209,0.321,3,0.0,1.7e-05,0
acc_4451,12,0.46,0,0,0,1,24,556,0.043,2,0.24,0.23,0.03,66,0.0197,0.717,14,0.011,0.000379,1
acc_4452,9,0.056,1,68,1,0,55,50,1.1,38,4.79,8.22,1.28,303,0.2365,0.104,3,0.0,7e-06,0
acc_4453,13,0.056,1,104,1,0,13,298,0.044,39,2.76,0.82,5.69,549,0.2756,0.156,3,0.0,8e-06,0
acc_4454,9,0.115,1,138,0,1,1046,186,5.624,30,53.27,1.94,1.38,1406,0.0528,0.185,3,0.0,2.4e-05,0
acc_4455,12,0.166,1,42,1,1,134,356,0.376,38,6.32,0.67,3.01,1477,0.0521,0.305,3,0.0,2.9e-05,0
acc_4456,4,0.196,1,77,0,0,753,197,3.822,37,146.73,6.81,2.22,252,0.2039,0.17,3,0.0,1.7e-05,0
acc_4457,6,0.171,1,87,0,1,1829,1020,1.793,42,50.01,1.29,1.29,2566,0.0281,0.116,3,0.0,1.8e-05,0
acc_4458,5,0.159,1,20,0,0,113,62,1.823,36,63.32,8.43,8.13,953,0.6349,0.326,3,0.0,7.3e-05,0
acc_4459,13,0.023,1,112,0,0,843,259,3.255,46,5.48,0.43,3.22,1334,0.007,0.072,3,0.0,0.000174,0
acc_4460,19,0.572,0,7,0,0,24,504,0.048,0,1.0,0.48,0.26,29,0.0616,0.546,10,0.0,0.000125,1
acc_4461,17,0.453,0,6,1,1,4,268,0.015,2,0.55,0.15,0.69,87,0.1734,0.522,14,0.022,0.000239,1
acc_4462,15,0.676,0,12,0,1,15,2300,0.007,2,0.43,0.08,0.32,153,0.0339,0.803,11,0.0,0.000393,1
acc_4463,8,0.076,1,144,0,1,7,107,0.065,37,43.52,3.06,1.33,1913,1.0,0.081,4,0.0,4.9e-05,0
acc_4464,12,0.007,1,20,0,1,247,239,1.033,41,16.95,0.54,5.12,767,0.0708,0.308,3,0.0,2e-05,0
acc_4465,11,0.435,0,9,0,1,30,635,0.047,3,0.46,0.09,0.21,130,0.0181,0.422,11,0.0,0.000367,1
acc_4466,11,0.364,0,1,0,1,66,469,0.141,3,5.28,0.12,0.71,112,0.0819,0.831,12,0.0,0.000678,1
acc_4467,7,0.172,1,33,0,0,279,185,1.508,47,44.92,3.04,0.73,2089,0.1719,0.165,3,0.0,5e-06,0
acc_4468,12,0.141,1,36,1,1,832,35,23.771,55,41.05,9.83,3.34,2928,0.0612,0.33,3,0.0,5e-06,0
acc_4469,7,0.038,1,54,0,1,338,153,2.209,44,92.86,0.2,1.19,277,0.2753,0.076,3,0.0,2.4e-05,0
acc_4470,12,0.091,1,126,1,0,253,259,0.977,53,13.17,9.37,0.37,1178,0.0891,0.25,3,0.0,3e-05,0
acc_4471,11,0.659,0,6,0,1,51,414,0.123,4,0.21,0.4,0.71,86,0.0119,0.682,14,0.011,0.00026,1
acc_4472,12,0.688,1,3,1,1,0,617,0.0,4,10.22,0.12,0.52,187,1.0,0.451,10,0.0,0.000159,1
acc_4473,16,0.491,1,13,1,1,11,1668,0.007,3,5.81,0.02,0.51,31,0.5295,0.549,12,0.0,0.000539,1
acc_4474,13,0.186,1,102,0,1,481,32,15.031,51,12.81,1.06,0.58,2961,0.0288,0.328,3,0.0,1.4e-05,0
acc_4475,4,0.069,1,15,0,0,156,550,0.284,58,4.69,1.13,3.08,2908,0.0373,0.234,3,0.0,2e-06,0
acc_4476,4,0.035,1,124,0,0,1396,474,2.945,39,20.84,0.61,5.03,496,0.0154,0.141,3,0.0,8e-06,0
acc_4477,6,0.009,1,71,0,1,266,95,2.8,50,1.13,9.24,1.37,928,0.039,0.191,3,0.0,7e-06,0
acc_4478,13,0.132,1,113,0,0,1753,97,18.072,49,5.57,2.53,1.69,712,0.0046,0.254,3,0.0,8e-06,0
acc_4479,7,0.084,1,16,1,0,77,508,0.152,45,58.98,7.39,0.31,1171,0.862,0.222,3,0.0,9e-06,0
acc_4480,13,0.194,1,11,1,0,103,159,0.648,43,45.65,8.91,0.57,2437,0.5298,0.307,3,0.0,9.1e-05,0
acc_4481,14,0.586,1,10,0,0,149,1228,0.121,0,0.5,0.3,0.17,84,0.0054,0.501,9,0.0278,0.000401,1
acc_4482,5,0.13,1,148,0,0,11,1118,0.01,55,22.93,10.45,1.93,1819,1.0,0.148,4,0.0,3.9e-05,0
acc_4483,10,0.195,1,103,0,1,273,570,0.479,31,24.46,5.34,4.47,560,0.1091,0.17,3,0.0,2e-05,0
acc_4484,6,0.123,1,148,1,0,512,59,8.678,36,20.57,0.61,1.02,1918,0.0414,0.115,3,0.0,2.2e-05,0
acc_4485,13,0.028,1,49,0,0,497,50,9.94,51,30.12,0.0,0.98,2366,0.0606,0.158,3,0.0,6.7e-05,0
acc_4486,13,0.147,1,82,1,0,686,341,2.012,41,9.79,3.34,1.44,1911,0.0191,0.293,3,0.0,6e-06,0
acc_4487,9,0.199,1,110,0,1,618,61,10.131,48,72.58,0.34,1.56,1811,0.118,0.054,3,0.0,6e-06,0
acc_4488,6,0.07,1,49,0,1,518,35,14.8,50,53.27,3.4,0.1,2531,0.1094,0.244,4,0.0,0.002026,0
acc_4489,13,0.721,0,10,0,1,6,883,0.007,4,2.96,0.13,0.07,152,0.515,0.621,15,0.0,0.000264,1
acc_4490,14,0.515,1,12,0,1,22,517,0.043,3,0.62,0.07,0.18,78,0.0311,0.63,18,0.0131,0.000402,1
acc_4491,10,0.171,1,138,0,0,1807,116,15.578,49,44.5,1.73,3.99,2932,0.0256,0.11,3,0.0,1.2e-05,0
acc_4492,8,0.355,0,0,0,1,3,749,0.004,2,0.71,0.06,0.03,76,0.2583,0.854,7,0.0,0.000154,1
acc_4493,11,0.123,1,128,1,1,61,47,1.298,44,9.58,6.11,0.68,2010,0.2572,0.29,3,0.0,4.7e-05,0
acc_4494,8,0.748,0,10,0,1,8,1639,0.005,3,1.63,0.25,0.99,106,0.2343,0.862,12,0.0,0.000309,1
acc_4495,14,0.07,1,133,0,0,176,500,0.352,41,3.29,12.9,15.99,202,0.092,0.328,3,0.0,1.9e-05,0
acc_4496,12,0.162,1,67,0,1,813,42,19.357,48,23.59,2.44,2.21,2315,0.032,0.288,3,0.0,2.3e-05,0
acc_4497,8,0.637,1,8,0,1,35,383,0.091,2,2.84,0.84,0.16,107,0.1052,0.473,11,0.0,0.000411,1
acc_4498,8,0.058,1,107,1,0,129,102,1.265,52,106.04,4.17,1.25,615,0.8544,0.346,3,0.0,1.7e-05,0
acc_4499,4,0.058,0,14,1,1,215,157,1.369,49,9.64,3.78,0.05,1140,0.0624,0.062,3,0.0,5.3e-05,0
acc_4500,10,0.179,1,110,0,1,1719,200,8.595,61,44.78,2.28,4.59,2483,0.0274,0.2,3,0.0,1.3e-05,0
acc_4501,7,0.034,1,28,0,1,3468,145,23.917,35,73.3,1.52,6.31,1396,0.0216,0.32,3,0.0,5.3e-05,0
acc_4502,12,0.402,1,0,1,1,36,298,0.121,2,1.72,0.35,0.52,177,0.0574,0.61,9,0.0,0.000103,1
acc_4503,9,0.064,1,46,1,1,24,1104,0.022,41,122.99,6.53,1.49,1435,1.0,0.191,3,0.0,0.000167,0
acc_4504,13,0.171,1,58,0,0,595,41,14.512,39,2.41,4.74,1.42,860,0.012,0.322,3,0.0,1.4e-05,0
acc_4505,11,0.547,1,13,0,1,99,311,0.318,2,0.98,1.17,0.33,189,0.0217,0.648,13,0.0,0.000346,1
acc_4506,10,0.034,1,46,1,1,87,38,2.289,46,0.54,0.01,3.44,266,0.0063,0.202,3,0.3333,2e-06,0
acc_4507,8,0.029,1,77,1,1,102,154,0.662,37,14.96,0.48,0.82,2150,0.1513,0.112,3,0.0,5.6e-05,0
acc_4508,14,0.187,1,95,0,0,300,1063,0.282,44,11.88,1.66,0.53,2152,0.0451,0.221,3,0.0,9.2e-05,0
acc_4509,11,0.052,1,95,0,1,85,74,1.149,43,6.1,0.11,1.25,2385,0.0731,0.165,3,0.0,4.8e-05,0
acc_4510,12,0.524,0,12,0,0,40,1157,0.035,3,2.01,0.39,0.72,177,0.06,0.737,7,0.0476,0.000101,1
acc_4511,8,0.023,1,23,1,0,432,80,5.4,48,137.12,20.09,7.93,364,0.3639,0.174,3,0.0,0.000159,0
acc_4512,14,0.534,0,14,0,1,11,620,0.018,0,1.92,0.33,0.26,176,0.2045,0.678,7,0.0,0.000243,1
acc_4513,10,0.588,1,12,0,1,0,1008,0.0,0,0.51,0.09,0.15,176,0.5912,0.655,5,0.0,4.4e-05,1
acc_4514,10,0.129,1,126,1,1,51,173,0.295,46,98.8,3.6,0.11,1300,1.0,0.08,3,0.0,8.5e-05,0
acc_4515,11,0.019,1,55,0,0,371,235,1.579,57,29.74,0.08,0.59,599,0.0804,0.109,3,0.0,1.2e-05,0
acc_4516,14,0.172,1,19,0,1,70,142,0.493,37,218.13,8.68,11.77,1101,1.0,0.129,3,0.0,1.9e-05,0
acc_4517,12,0.315,0,3,0,1,12,1340,0.009,5,5.45,0.17,0.03,56,0.4682,0.49,12,0.0,0.000457,1
acc_4518,4,0.039,1,142,1,0,316,140,2.257,36,48.38,11.3,5.39,726,0.1889,0.272,3,0.0,2.9e-05,0
acc_4519,11,0.349,0,11,0,0,184,300,0.613,0,0.52,0.42,0.02,143,0.0051,0.587,14,0.011,0.000304,1
acc_4520,13,0.014,1,89,1,0,108,92,1.174,38,72.92,1.83,4.11,1683,0.6922,0.321,3,0.0,5.1e-05,0
acc_4521,9,0.168,1,131,1,0,643,103,6.243,49,33.74,0.31,0.18,553,0.053,0.329,3,0.0,8e-06,0
acc_4522,5,0.043,1,120,1,0,276,348,0.793,37,0.58,3.32,1.25,2324,0.0141,0.216,4,0.0,2.3e-05,0
acc_4523,4,0.054,1,40,0,0,8,139,0.058,51,21.77,1.29,0.04,778,1.0,0.126,3,0.0,1.3e-05,0
acc_4524,8,0.15,1,103,0,1,2650,88,30.114,52,38.44,0.53,0.36,911,0.0147,0.089,3,0.0,9.5e-05,0
acc_4525,13,0.496,1,9,0,0,30,1004,0.03,1,1.68,0.35,0.07,80,0.0677,0.863,12,0.0,0.000394,1
acc_4526,13,0.149,1,110,0,1,758,228,3.325,41,1.16,5.29,1.65,340,0.0085,0.24,3,0.0,1.5e-05,0
acc_4527,14,0.125,1,61,1,1,838,309,2.712,41,102.59,1.83,4.51,1486,0.1246,0.103,3,0.0,3.3e-05,0
acc_4528,10,0.703,0,0,1,1,327,209,1.565,2,3.56,0.47,0.39,3,0.0123,0.682,9,0.0278,0.000112,1
acc_4529,4,0.092,0,54,0,0,2040,96,21.25,45,47.75,3.31,2.2,2811,0.025,0.283,3,0.0,1e-05,0
acc_4530,9,0.041,1,98,0,1,109,185,0.589,41,121.84,1.57,2.06,1913,1.0,0.129,3,0.0,1.3e-05,0
acc_4531,5,0.2,1,59,1,0,87,1200,0.072,42,0.85,6.88,2.64,1420,0.0889,0.075,4,0.0,4.5e-05,0
acc_4532,9,0.088,1,108,0,1,39,65,0.6,44,7.27,0.58,3.92,1349,0.2012,0.201,4,0.0,9e-06,0
acc_4533,14,0.551,0,4,0,0,2,1168,0.002,4,2.86,0.06,0.3,142,1.0,0.453,9,0.0,0.000674,1
acc_4534,12,0.138,1,139,0,1,880,48,18.333,39,8.07,2.61,0.86,826,0.0121,0.277,3,0.0,9e-06,0
acc_4535,6,0.166,1,134,0,1,62,255,0.243,43,51.83,1.22,0.99,1092,0.8557,0.293,3,0.0,6.2e-05,0
acc_4536,12,0.764,0,2,0,1,122,1403,0.087,2,4.99,0.5,0.16,106,0.045,0.77,20,0.0053,0.001302,1
acc_4537,4,0.114,1,126,0,1,118,805,0.147,49,20.05,2.29,1.64,744,0.1894,0.216,3,0.0,1.9e-05,0
acc_4538,14,0.681,0,5,0,0,10,1232,0.008,2,0.31,0.12,0.17,180,0.0429,0.458,7,0.0,3.3e-05,1
acc_4539,5,0.18,1,123,0,0,177,311,0.569,50,44.74,0.17,1.27,342,0.2537,0.114,4,0.0,2.3e-05,0
acc_4540,7,0.185,1,100,0,0,212,577,0.367,31,138.2,5.84,0.01,1644,0.6794,0.108,3,0.0,1.2e-05,0
acc_4541,13,0.024,0,47,0,0,849,546,1.555,58,44.59,6.66,0.34,1817,0.0604,0.322,4,0.0,0.000549,0
acc_4542,12,0.096,1,102,1,0,72,31,2.323,39,78.22,1.58,3.84,2359,1.0,0.256,3,0.0,1.4e-05,0
acc_4543,5,0.046,1,49,1,0,250,322,0.776,49,15.85,1.19,7.71,330,0.0682,0.297,4,0.0,0.000263,0
acc_4544,11,0.002,1,115,0,1,425,294,1.446,49,14.1,2.11,2.76,2193,0.0382,0.323,3,0.0,4e-06,0
acc_4545,13,0.195,1,15,1,1,244,178,1.371,46,14.58,3.79,0.38,1907,0.0753,0.167,3,0.0,1.1e-05,0
acc_4546,10,0.163,1,64,0,0,1356,121,11.207,41,29.46,7.32,2.1,2889,0.0271,0.325,3,0.0,5.6e-05,0
acc_4547,9,0.148,0,18,0,0,375,208,1.803,53,7.11,2.84,2.18,2923,0.0265,0.245,3,0.0,6e-06,0
acc_4548,12,0.174,1,89,0,0,123,1427,0.086,36,27.11,1.42,0.78,317,0.232,0.3,3,0.0,2.1e-05,0
acc_4549,9,0.187,1,30,0,1,101,181,0.558,41,81.95,10.81,5.48,305,0.9184,0.129,4,0.0,6.8e-05,0
acc_4550,12,0.517,0,10,0,1,40,305,0.131,3,0.5,0.72,0.33,44,0.0306,0.836,11,0.0,0.00025,1
acc_4551,11,0.049,1,59,0,0,4760,211,22.559,42,161.59,0.95,0.5,2197,0.0341,0.201,3,0.0,3.5e-05,0
acc_4552,14,0.169,1,51,1,0,1146,1078,1.063,37,23.2,2.82,1.08,2969,0.0227,0.152,3,0.0,2.2e-05,0
acc_4553,14,0.114,1,117,0,0,49,43,1.14,47,74.16,0.9,0.48,837,1.0,0.121,3,0.0,4.6e-05,0
acc_4554,12,0.028,1,56,0,0,1938,74,26.189,61,29.01,2.96,7.23,2631,0.0165,0.057,3,0.0,1.9e-05,0
acc_4555,12,0.592,1,1,0,1,5,796,0.006,2,0.41,0.34,0.02,128,0.1482,0.449,15,0.019,0.000671,1
acc_4556,13,0.123,1,23,0,1,49,419,0.117,34,23.31,1.4,2.49,1787,0.5043,0.151,4,0.0,4.2e-05,0
acc_4557,5,0.164,1,33,0,0,23,155,0.148,39,1.21,5.58,6.87,1126,0.2951,0.203,3,0.0,1.1e-05,0
acc_4558,16,0.668,0,12,0,1,2,409,0.005,2,1.49,0.19,0.96,8,0.8397,0.569,12,0.0,0.000352,1
acc_4559,8,0.31,1,9,0,1,53,581,0.091,2,0.02,0.07,1.22,80,0.0017,0.682,10,0.0,0.000228,1
acc_4560,13,0.192,0,50,0,1,58,140,0.414,54,26.05,3.48,1.97,1741,0.5092,0.164,3,0.0,1.8e-05,0
acc_4561,11,0.177,1,38,0,1,62,48,1.292,46,21.48,3.16,2.88,2704,0.3974,0.311,3,0.0,8e-06,0
acc_4562,18,0.385,1,7,0,1,115,310,0.371,4,0.29,0.04,1.29,173,0.0029,0.5,13,0.0,0.000603,1
acc_4563,5,0.088,1,71,0,1,110,296,0.372,37,48.17,8.65,3.72,2088,0.5166,0.286,3,0.0,1.1e-05,0
acc_4564,9,0.164,1,129,0,1,310,74,4.189,46,13.16,1.74,1.31,2105,0.0481,0.238,3,0.0,5.8e-05,0
acc_4565,15,0.399,0,11,0,0,9,528,0.017,1,0.62,0.34,0.45,99,0.1061,0.427,6,0.0,7.5e-05,1
acc_4566,9,0.351,1,12,0,0,43,1987,0.022,1,4.92,0.02,0.32,9,0.1149,0.559,8,0.0357,5.2e-05,1
acc_4567,12,0.505,0,10,0,1,254,1921,0.132,2,0.11,0.01,0.39,41,0.0004,0.761,15,0.019,0.001029,1
acc_4568,7,0.171,1,114,1,1,562,79,7.114,38,3.1,1.67,4.49,2253,0.0085,0.33,5,0.0,8.3e-05,0
acc_4569,9,0.19,1,22,1,0,785,201,3.905,34,46.24,1.7,3.19,1482,0.0611,0.342,3,0.0,3e-05,0
acc_4570,13,0.08,1,28,0,0,187,130,1.438,45,15.17,6.07,0.1,790,0.1136,0.171,3,0.0,8e-06,0
acc_4571,14,0.153,1,25,1,0,96,117,0.821,42,65.17,5.13,0.02,457,0.7323,0.148,3,0.0,5e-05,0
acc_4572,10,0.079,0,92,0,1,47,219,0.215,39,101.09,0.53,8.04,1503,1.0,0.122,3,0.0,3.2e-05,0
acc_4573,11,0.19,1,29,1,0,167,350,0.477,43,2.84,11.06,0.28,2019,0.0832,0.314,3,0.0,6e-06,0
acc_4574,4,0.136,1,111,0,1,59,92,0.641,44,61.47,5.09,1.53,2754,1.0,0.153,3,0.0,6e-06,0
acc_4575,16,0.793,1,1,0,1,1,1959,0.001,2,5.39,0.49,0.01,154,1.0,0.886,10,0.0,0.000324,1
acc_4576,10,0.028,1,87,1,0,1034,243,4.255,55,37.74,0.07,2.19,654,0.0366,0.207,3,0.0,0.000226,0
acc_4577,7,0.077,1,65,0,0,280,241,1.162,52,16.58,1.58,0.07,1037,0.0648,0.098,4,0.0,1.7e-05,0
acc_4578,5,0.073,1,93,0,1,1488,415,3.586,41,3.92,4.15,0.36,1580,0.0054,0.118,3,0.0,3e-06,0
acc_4579,4,0.155,1,56,1,0,523,150,3.487,51,18.25,7.09,0.23,1866,0.0485,0.128,4,0.0,3.1e-05,0
acc_4580,12,0.052,1,140,0,0,158,224,0.705,54,16.18,6.04,2.04,2932,0.1406,0.085,3,0.0,9e-06,0
acc_4581,11,0.026,1,71,0,0,537,549,0.978,50,4.2,6.54,0.45,2340,0.02,0.129,3,0.0,1.5e-05,0
acc_4582,16,0.467,1,7,0,1,101,571,0.177,1,1.39,0.11,0.14,20,0.0149,0.569,11,0.0,0.000762,1
acc_4583,6,0.051,1,23,0,1,50,175,0.286,47,11.1,4.76,4.26,1025,0.3174,0.33,4,0.0,2e-05,0
acc_4584,5,0.199,1,47,1,0,10,75,0.133,36,4.0,1.23,3.97,2741,0.5236,0.302,3,0.0,3.1e-05,0
acc_4585,9,0.108,1,58,0,0,557,287,1.941,45,0.47,2.73,0.88,2668,0.0058,0.14,3,0.0,2e-06,0
acc_4586,14,0.081,1,65,0,1,162,85,1.906,50,22.15,6.23,8.21,1191,0.1752,0.166,3,0.0,9.2e-05,0
acc_4587,7,0.062,1,74,0,0,54,1051,0.051,36,41.87,1.81,5.35,2032,0.8089,0.199,3,0.0,2.2e-05,0
acc_4588,14,0.025,1,34,1,0,611,446,1.37,48,24.37,0.42,0.94,2048,0.0406,0.331,4,0.0,3.8e-05,0
acc_4589,14,0.081,0,50,0,1,191,301,0.635,47,0.15,3.95,0.73,1442,0.0215,0.176,3,0.0,2.3e-05,0
acc_4590,13,0.143,1,92,0,1,251,177,1.418,48,75.67,5.26,7.57,275,0.3224,0.325,3,0.0,1.1e-05,0
acc_4591,12,0.077,1,104,0,0,462,390,1.185,45,4.36,7.91,1.25,2382,0.0265,0.096,3,0.0,1e-06,0
acc_4592,19,0.33,1,13,0,1,19,350,0.054,3,2.6,0.08,0.51,81,0.1408,0.548,12,0.0152,0.000366,1
acc_4593,14,0.146,1,107,1,1,48,55,0.873,51,17.8,3.16,8.22,1339,0.4366,0.294,3,0.0,1.8e-05,0
acc_4594,17,0.37,0,8,0,1,41,1598,0.026,4,5.01,0.6,0.39,130,0.1366,0.822,9,0.0,8.5e-05,1
acc_4595,4,0.062,0,69,1,0,2068,185,11.178,42,17.43,2.44,4.07,710,0.0096,0.243,3,0.0,1.5e-05,0
acc_4596,11,0.379,0,5,0,0,5,571,0.009,3,0.75,0.62,0.66,47,0.2749,0.483,10,0.0,0.000234,1
acc_4597,13,0.025,1,54,1,1,190,45,4.222,66,1.8,1.7,2.15,2000,0.0184,0.146,3,0.0,7e-06,0
acc_4598,7,0.053,1,95,1,1,933,1133,0.823,44,46.8,1.66,0.66,497,0.0519,0.077,3,0.0,2.3e-05,0
acc_4599,18,0.538,1,4,0,1,10,618,0.016,2,2.68,0.64,0.44,46,0.3316,0.857,8,0.0,6.4e-05,1
acc_4600,9,0.441,1,7,0,1,18,1565,0.012,5,0.56,1.25,0.58,165,0.1006,0.622,11,0.0182,0.000141,1
acc_4601,13,0.153,1,37,0,0,171,234,0.731,50,1.82,0.91,3.29,1181,0.016,0.319,3,0.0,2.1e-05,0
acc_4602,13,0.115,1,100,0,0,442,79,5.595,41,1.83,7.6,1.91,1581,0.0213,0.219,3,0.0,4.2e-05,0
acc_4603,6,0.098,1,122,0,0,48,229,0.21,37,44.28,2.76,2.3,819,0.98,0.209,3,0.0,1.9e-05,0
acc_4604,13,0.149,1,55,0,1,541,88,6.148,51,27.97,5.12,0.56,1583,0.0612,0.163,3,0.0,7e-06,0
acc_4605,7,0.088,1,43,1,0,299,88,3.398,52,37.81,0.65,3.6,222,0.1287,0.295,3,0.0,1.2e-05,0
acc_4606,6,0.117,1,106,1,1,295,500,0.59,53,46.87,0.67,0.59,2685,0.1612,0.113,3,0.0,7.7e-05,0
acc_4607,10,0.063,0,112,0,0,1850,213,8.685,42,1.82,1.08,3.27,2443,0.0016,0.105,3,0.0,1.5e-05,0
acc_4608,13,0.165,1,114,0,0,646,350,1.846,35,106.08,0.07,2.97,2640,0.1643,0.169,3,0.0,2.4e-05,0
acc_4609,6,0.018,1,36,0,1,310,688,0.451,44,15.74,4.26,0.49,1625,0.0645,0.069,3,0.0,1.3e-05,0
acc_4610,4,0.177,1,29,0,1,1629,59,27.61,47,11.69,15.8,1.0,1017,0.0169,0.291,3,0.0,8.6e-05,0
acc_4611,7,0.048,1,31,0,1,51,270,0.189,44,19.0,1.09,0.4,2117,0.3939,0.139,3,0.0,1.1e-05,0
acc_4612,14,0.162,1,104,1,0,3937,385,10.226,52,46.46,2.32,2.67,479,0.0124,0.264,4,0.0,1e-05,0
acc_4613,4,0.126,0,25,0,0,157,453,0.347,36,1.92,1.77,0.22,2298,0.0235,0.318,3,0.0,9e-06,0
acc_4614,10,0.135,1,10,1,1,927,238,3.895,39,97.2,0.56,0.91,2680,0.1055,0.237,3,0.3333,2.9e-05,0
acc_4615,13,0.15,1,141,0,0,125,291,0.43,50,6.84,2.07,4.61,2145,0.0713,0.209,3,0.0,8e-06,0
acc_4616,9,0.15,1,111,0,1,381,108,3.528,47,2.04,16.06,1.76,2609,0.0475,0.328,3,0.0,4.2e-05,0
acc_4617,9,0.054,1,146,1,1,1687,77,21.909,48,0.37,12.31,4.44,347,0.0075,0.223,3,0.0,1.8e-05,0
acc_4618,6,0.124,1,130,1,1,373,187,1.995,47,1.82,0.95,6.89,866,0.0074,0.068,3,0.0,4e-05,0
acc_4619,12,0.099,1,38,0,0,2815,72,39.097,48,1.12,0.7,0.52,781,0.0006,0.321,3,0.0,5.9e-05,0
acc_4620,6,0.035,1,106,0,1,287,83,3.458,40,16.95,4.64,2.02,1107,0.0752,0.071,3,0.0,0.000104,0
acc_4621,10,0.053,1,136,1,1,819,341,2.402,57,35.72,0.84,2.7,1923,0.0446,0.136,3,0.0,4.3e-05,0
acc_4622,14,0.16,1,131,1,0,158,82,1.927,37,53.47,2.33,1.71,346,0.3531,0.322,3,0.0,5e-06,0
acc_4623,9,0.006,1,111,0,0,380,18,21.111,54,24.95,2.3,1.88,492,0.0717,0.306,3,0.0,3.4e-05,0
acc_4624,7,0.183,1,93,1,0,223,41,5.439,40,14.15,1.25,1.44,1227,0.0691,0.327,3,0.0,1.3e-05,0
acc_4625,8,0.183,1,99,0,0,64,172,0.372,40,24.59,5.58,8.06,1195,0.4713,0.185,3,0.0,7.2e-05,0
acc_4626,6,0.19,1,101,0,1,420,261,1.609,49,13.97,2.27,0.18,585,0.0387,0.329,3,0.0,2e-06,0
acc_4627,8,0.639,0,5,0,1,79,1125,0.07,4,2.54,0.02,0.37,189,0.0323,0.69,16,0.025,0.000526,1
acc_4628,7,0.045,1,32,0,1,98,106,0.925,41,1.42,1.91,3.43,2083,0.034,0.168,3,0.0,1.7e-05,0
acc_4629,14,0.03,1,124,0,0,55,10,5.5,42,75.57,4.29,1.17,795,1.0,0.259,3,0.0,0.000105,0
acc_4630,9,0.141,1,40,0,0,3485,108,32.269,41,45.0,11.4,1.5,2892,0.0162,0.213,3,0.0,2.6e-05,0
acc_4631,6,0.173,1,82,0,0,469,1125,0.417,51,29.25,2.66,5.79,558,0.0681,0.155,5,0.0,9.7e-05,0
acc_4632,7,0.121,1,149,0,1,294,159,1.849,51,39.0,9.92,2.2,2511,0.1664,0.337,3,0.0,1.6e-05,0
acc_4633,8,0.602,0,1,0,1,7,2651,0.003,1,0.33,0.1,0.61,144,0.0613,0.753,9,0.0278,0.000134,1
acc_4634,5,0.13,0,56,0,1,208,340,0.612,36,20.13,2.75,5.78,2335,0.11,0.225,3,0.0,1.4e-05,0
acc_4635,12,0.57,1,3,0,0,43,904,0.048,3,0.43,0.51,0.38,10,0.0217,0.608,8,0.0,0.000158,1
acc_4636,10,0.383,1,0,0,0,94,2586,0.036,3,0.67,0.43,0.21,18,0.0117,0.451,10,0.0,8.7e-05,1
acc_4637,5,0.038,1,42,0,1,1489,1100,1.354,47,12.05,1.24,1.96,1473,0.0089,0.342,3,0.0,5.2e-05,0
acc_4638,12,0.326,1,14,0,0,191,312,0.612,3,0.43,0.21,0.24,95,0.0033,0.757,14,0.011,0.000302,1
acc_4639,11,0.073,1,56,1,0,193,155,1.245,50,143.05,3.81,0.6,2853,0.7609,0.303,3,0.0,0.001016,0
acc_4640,19,0.39,0,5,0,1,4,395,0.01,4,1.26,0.25,0.48,159,0.3781,0.58,11,0.0364,0.000359,1
acc_4641,4,0.011,1,88,0,1,640,1924,0.333,32,0.11,8.32,3.11,1523,0.0132,0.159,4,0.0,3.5e-05,0
acc_4642,19,0.58,0,10,0,0,24,3419,0.007,3,3.74,0.04,1.27,149,0.1576,0.692,10,0.0444,6.1e-05,1
acc_4643,9,0.325,0,2,0,0,53,787,0.067,1,0.17,0.35,0.94,75,0.0098,0.675,8,0.0,0.00011,1
acc_4644,4,0.082,1,21,1,1,310,82,3.78,44,16.61,3.34,1.58,349,0.0643,0.082,3,0.0,0.00022,0
acc_4645,9,0.029,1,114,0,1,1712,148,11.568,40,1.15,7.18,0.19,1885,0.0049,0.252,3,0.0,4.7e-05,0
acc_4646,18,0.446,1,11,0,1,17,2406,0.007,1,3.68,0.25,0.29,25,0.2311,0.758,12,0.0,0.000377,1
acc_4647,8,0.467,1,10,0,1,21,795,0.026,1,5.32,0.19,0.98,4,0.2626,0.832,15,0.0,0.000386,1
acc_4648,8,0.131,1,34,0,0,92,52,1.769,49,0.25,5.93,2.74,245,0.0671,0.276,3,0.0,3.2e-05,0
acc_4649,6,0.106,1,85,1,1,53,148,0.358,35,16.87,4.76,1.83,2313,0.4082,0.336,3,0.0,9e-06,0
acc_4650,12,0.542,0,3,1,1,41,1228,0.033,1,1.5,0.11,0.26,74,0.0395,0.541,10,0.0,0.000137,1
acc_4651,13,0.19,1,89,0,1,79,210,0.376,51,65.27,2.79,1.71,604,0.8615,0.072,3,0.3333,6e-06,0
acc_4652,12,0.067,1,128,0,1,63,19,3.316,36,3.74,0.63,6.91,462,0.0694,0.228,3,0.0,3e-05,0
acc_4653,5,0.104,1,78,0,0,143,921,0.155,48,156.22,1.47,2.17,1229,1.0,0.131,3,0.0,2.8e-05,0
acc_4654,18,0.361,0,4,0,1,49,1833,0.027,1,3.58,0.44,0.13,35,0.0821,0.634,19,0.0058,0.000647,1
acc_4655,11,0.786,0,3,0,0,124,916,0.135,4,1.82,0.52,0.39,105,0.0188,0.464,9,0.0,0.000116,1
acc_4656,9,0.346,0,13,0,0,55,1482,0.037,1,4.01,0.24,0.19,36,0.0772,0.503,7,0.0,0.000159,1
acc_4657,8,0.029,1,116,0,1,72,96,0.75,42,26.98,0.19,2.14,2373,0.3772,0.333,3,0.0,1.2e-05,0
acc_4658,13,0.159,1,62,1,1,141,449,0.314,42,91.37,6.41,4.25,1748,0.6935,0.303,3,0.0,2.4e-05,0
acc_4659,4,0.048,1,135,1,0,418,140,2.986,49,13.86,4.28,3.14,1601,0.0434,0.28,3,0.0,3e-05,0
acc_4660,9,0.055,1,38,1,1,140,65,2.154,38,27.49,0.09,0.2,2498,0.1969,0.207,3,0.3333,3.3e-05,0
acc_4661,13,0.196,1,114,1,0,2,282,0.007,40,36.07,7.75,6.09,2827,1.0,0.112,3,0.0,1e-05,0
acc_4662,7,0.185,1,104,1,1,638,164,3.89,57,46.97,6.54,0.35,2621,0.0839,0.208,3,0.0,2.3e-05,0
acc_4663,15,0.301,0,3,0,1,65,639,0.102,0,2.16,0.0,0.18,39,0.0333,0.709,15,0.0095,0.000913,1
acc_4664,13,0.166,0,139,0,0,33,72,0.458,30,52.63,0.46,0.42,1542,1.0,0.079,3,0.0,6e-06,0
acc_4665,16,0.395,1,8,0,0,31,904,0.034,2,2.51,0.87,0.27,175,0.1089,0.564,11,0.0,0.000175,1
acc_4666,4,0.075,1,138,1,0,258,644,0.401,50,80.96,1.29,4.37,1419,0.3188,0.311,3,0.0,2e-06,0
acc_4667,13,0.006,1,71,0,0,78,277,0.282,46,25.16,2.62,2.64,185,0.3562,0.075,3,0.0,9e-06,0
acc_4668,4,0.031,1,56,0,1,754,630,1.197,42,94.15,0.85,7.18,636,0.126,0.071,3,0.0,1.4e-05,0
acc_4669,17,0.583,1,4,0,1,41,613,0.067,0,0.8,0.13,0.78,77,0.0228,0.818,15,0.019,0.000278,1
acc_4670,6,0.134,1,105,0,0,2254,95,23.726,50,23.98,2.63,1.73,274,0.0118,0.193,3,0.0,3.2e-05,0
acc_4671,4,0.073,1,89,1,0,277,168,1.649,44,71.37,2.71,3.41,2560,0.2675,0.324,3,0.0,6.4e-05,0
acc_4672,18,0.409,1,13,0,0,59,1410,0.042,1,1.71,0.15,1.05,44,0.0315,0.484,10,0.0,0.000362,1
acc_4673,12,0.324,0,4,0,1,99,395,0.251,1,7.44,0.18,0.22,2,0.077,0.873,9,0.0,0.000167,1
acc_4674,13,0.036,1,59,1,0,1978,326,6.067,52,31.99,1.16,1.12,1127,0.0168,0.078,3,0.0,4.6e-05,0
acc_4675,5,0.178,1,90,0,1,39,22,1.773,48,172.59,1.6,0.39,1986,1.0,0.257,3,0.0,9e-06,0
acc_4676,8,0.063,1,58,1,0,45,57,0.789,43,109.39,10.33,2.83,662,1.0,0.233,3,0.0,7e-06,0
acc_4677,13,0.014,1,133,0,0,131,138,0.949,49,60.12,1.24,0.38,2656,0.4684,0.218,3,0.0,2.8e-05,0
acc_4678,10,0.178,1,106,1,1,184,107,1.72,44,22.1,7.93,9.09,199,0.1632,0.081,3,0.3333,4e-05,0
acc_4679,11,0.14,1,130,1,1,50,296,0.169,46,10.48,5.93,2.98,1440,0.328,0.271,3,0.0,7.6e-05,0
acc_4680,4,0.181,1,93,1,0,1241,104,11.933,37,26.16,1.85,13.8,1617,0.0226,0.154,3,0.0,1.5e-05,0
acc_4681,11,0.421,0,11,0,0,40,598,0.067,2,0.3,0.45,0.04,55,0.0188,0.407,10,0.0,0.000119,1
acc_4682,11,0.039,1,113,0,0,217,20,10.85,41,16.84,1.72,10.65,1845,0.0856,0.208,3,0.0,4e-06,0
acc_4683,13,0.054,1,92,0,0,120,566,0.212,34,18.7,2.14,3.68,2916,0.1737,0.281,3,0.0,8e-06,0
acc_4684,14,0.623,0,11,0,1,62,1464,0.042,1,0.55,0.11,1.73,140,0.0106,0.589,13,0.0128,0.000354,1
acc_4685,11,0.007,1,94,1,0,359,397,0.904,39,0.72,1.68,6.89,1440,0.0067,0.328,3,0.3333,3e-05,0
acc_4686,7,0.187,1,105,0,0,1154,744,1.551,44,19.73,0.65,0.91,2857,0.0177,0.281,3,0.0,9e-06,0
acc_4687,14,0.158,0,83,1,0,1279,525,2.436,48,45.28,1.59,1.13,1421,0.0366,0.131,3,0.0,3.4e-05,0
acc_4688,15,0.352,0,3,0,0,48,1135,0.042,1,2.89,0.35,0.04,181,0.0676,0.512,10,0.0,0.000194,1
acc_4689,13,0.036,1,39,0,1,79,174,0.454,37,17.97,14.01,0.6,1250,0.4048,0.195,3,0.0,6e-06,0
acc_4690,6,0.147,1,76,1,0,33,58,0.569,58,34.61,5.04,0.61,1665,1.0,0.249,3,0.0,1.1e-05,0
acc_4691,9,0.089,1,130,1,0,681,255,2.671,52,8.46,11.18,4.04,1490,0.0289,0.204,3,0.0,1.5e-05,0
acc_4692,14,0.701,0,3,0,1,8,803,0.01,2,4.93,0.41,0.07,112,0.6669,0.833,8,0.0,0.000294,1
acc_4693,8,0.068,1,110,1,0,1128,418,2.699,48,48.35,0.71,0.86,2266,0.0435,0.249,3,0.0,3.2e-05,0
acc_4694,5,0.087,1,126,0,1,65,197,0.33,39,10.88,3.32,4.57,1159,0.2184,0.299,3,0.0,2.8e-05,0
acc_4695,8,0.09,1,46,0,1,106,367,0.289,30,26.06,3.0,5.73,1191,0.2741,0.299,4,0.0,4.9e-05,0
acc_4696,11,0.033,1,41,1,0,711,149,4.772,44,8.95,1.41,1.97,1097,0.0146,0.316,3,0.0,1.6e-05,0
acc_4697,14,0.168,1,25,1,0,11,319,0.034,43,35.8,2.16,1.17,2744,1.0,0.06,3,0.0,2.6e-05,0
acc_4698,10,0.039,1,103,0,1,44,74,0.595,44,38.17,5.25,0.54,778,0.9868,0.115,3,0.3333,0.000158,0
acc_4699,14,0.066,0,86,0,0,236,21,11.238,44,69.77,1.41,3.17,1261,0.3016,0.33,3,0.0,8.1e-05,0
acc_4700,11,0.469,1,12,0,0,49,246,0.199,3,4.54,0.29,0.25,34,0.0985,0.731,16,0.0083,0.001162,1
acc_4701,7,0.126,1,31,0,0,190,13,14.615,38,7.58,10.58,1.83,2783,0.0956,0.091,3,0.0,2e-06,0
acc_4702,9,0.159,1,117,0,1,1156,81,14.272,41,27.36,0.1,0.56,2672,0.0238,0.22,4,0.0,7.2e-05,0
acc_4703,13,0.396,1,0,1,1,82,480,0.171,0,1.32,1.38,1.19,12,0.0329,0.499,14,0.0,0.000827,1
acc_4704,7,0.166,1,143,0,1,700,36,19.444,54,23.13,15.41,1.21,411,0.0551,0.258,3,0.0,1.5e-05,0
acc_4705,4,0.18,1,134,0,0,101,561,0.18,41,9.26,1.79,5.06,2963,0.1094,0.342,3,0.0,1e-06,0
acc_4706,8,0.11,1,112,1,1,69,586,0.118,52,43.85,1.95,3.56,1776,0.6638,0.257,3,0.0,1.2e-05,0
acc_4707,14,0.115,1,46,0,1,321,770,0.417,48,14.57,2.66,0.81,1356,0.0537,0.084,3,0.0,2.4e-05,0
acc_4708,16,0.312,1,0,0,0,97,1093,0.089,0,2.29,0.04,0.66,122,0.024,0.856,13,0.0,0.000452,1
acc_4709,14,0.124,0,42,1,1,39,75,0.52,50,10.26,8.86,3.83,1083,0.4902,0.296,3,0.0,2.5e-05,0
acc_4710,12,0.364,1,9,0,0,4,385,0.01,5,2.21,0.83,0.55,131,0.759,0.772,15,0.0095,0.000436,1
acc_4711,9,0.665,1,11,0,1,153,2751,0.056,0,0.0,0.97,0.38,45,0.0063,0.547,8,0.0,7.5e-05,1
acc_4712,17,0.517,0,8,0,1,48,1486,0.032,1,1.78,0.01,0.05,8,0.0373,0.795,19,0.0117,0.000574,1
acc_4713,13,0.041,1,82,0,1,1137,234,4.859,51,48.22,4.93,1.96,2578,0.0467,0.248,3,0.0,4.6e-05,0
acc_4714,18,0.488,0,2,0,1,35,2317,0.015,0,1.08,0.12,1.63,162,0.0343,0.693,13,0.0128,0.000274,1
acc_4715,7,0.138,1,78,0,0,8,284,0.028,42,18.2,25.16,1.33,2017,1.0,0.077,3,0.0,7e-06,0
acc_4716,14,0.734,0,10,0,0,125,1515,0.083,2,1.35,0.17,1.31,98,0.0122,0.441,11,0.0,0.000273,1
acc_4717,11,0.138,1,59,1,0,57,84,0.679,49,142.46,0.2,1.01,1381,1.0,0.207,3,0.0,2.1e-05,0
acc_4718,11,0.106,1,97,0,1,205,520,0.394,41,41.36,1.22,1.51,2800,0.2077,0.069,3,0.0,2.4e-05,0
acc_4719,15,0.688,1,2,0,1,34,2045,0.017,3,5.44,0.57,1.24,199,0.1767,0.476,12,0.0,0.000363,1
acc_4720,7,0.061,1,87,0,0,2506,65,38.554,38,32.76,4.55,0.26,664,0.0149,0.092,3,0.0,0.000126,0
acc_4721,14,0.151,1,147,0,1,6,231,0.026,46,60.46,15.09,2.45,2974,1.0,0.142,4,0.0,9.9e-05,0
acc_4722,12,0.462,0,8,0,1,23,643,0.036,2,2.73,0.24,0.23,42,0.1289,0.762,12,0.0152,0.000265,1
acc_4723,7,0.128,1,94,1,1,392,733,0.535,45,17.42,1.24,0.1,1339,0.0476,0.222,3,0.0,7.1e-05,0
acc_4724,10,0.116,1,136,1,0,206,602,0.342,55,56.49,4.98,0.04,791,0.2984,0.141,3,0.0,2.9e-05,0
acc_4725,16,0.378,0,10,0,1,33,237,0.139,1,1.33,0.28,1.81,39,0.0486,0.805,14,0.0,0.000421,1
acc_4726,11,0.595,0,14,0,0,36,1653,0.022,0,3.52,0.18,0.87,140,0.1027,0.892,10,0.0,0.000358,1
acc_4727,13,0.07,1,125,0,1,3528,131,26.931,37,9.15,0.5,0.43,2019,0.0027,0.203,3,0.0,3.4e-05,0
acc_4728,11,0.011,1,125,0,1,200,128,1.562,46,96.76,0.26,1.49,1391,0.4851,0.292,3,0.0,9e-06,0
acc_4729,13,0.533,0,7,0,1,52,917,0.057,0,6.44,0.04,0.1,137,0.1247,0.71,6,0.0,5.8e-05,1
acc_4730,6,0.148,1,88,0,1,848,248,3.419,53,10.69,3.22,1.06,2852,0.0164,0.306,3,0.0,5e-06,0
acc_4731,9,0.198,1,62,1,0,2876,13,221.231,42,78.72,0.94,0.98,798,0.0277,0.145,3,0.0,6e-06,0
acc_4732,19,0.724,1,12,0,0,67,526,0.127,3,0.0,0.59,0.4,60,0.0088,0.452,11,0.0,0.000195,1
acc_4733,11,0.71,1,14,1,1,129,441,0.293,1,0.03,0.19,0.52,84,0.0017,0.6,14,0.011,0.001077,1
acc_4734,11,0.198,1,96,1,0,828,26,31.846,34,56.26,6.87,5.66,955,0.0762,0.346,3,0.0,4.1e-05,0
acc_4735,5,0.045,1,43,0,1,298,127,2.346,36,28.2,7.57,1.12,1626,0.12,0.317,3,0.0,1.5e-05,0
acc_4736,13,0.411,1,6,1,1,77,740,0.104,0,0.28,0.18,0.02,179,0.0061,0.463,9,0.0,0.000133,1
acc_4737,10,0.021,1,28,0,0,1157,125,9.256,51,20.71,1.62,8.9,1253,0.0193,0.095,3,0.0,1.1e-05,0
acc_4738,11,0.014,1,44,0,0,54,319,0.169,54,95.16,2.71,3.89,2420,1.0,0.077,3,0.0,3.5e-05,0
acc_4739,15,0.489,0,6,0,0,9,422,0.021,3,1.21,0.33,0.07,142,0.171,0.651,6,0.0,0.000118,1
acc_4740,14,0.023,1,93,0,0,172,28,6.143,42,30.31,4.68,0.04,2897,0.2034,0.159,3,0.0,1e-05,0
acc_4741,14,0.049,1,48,1,0,308,197,1.563,46,70.23,0.28,0.37,2696,0.2289,0.126,3,0.0,3.1e-05,0
acc_4742,8,0.746,0,12,0,1,13,1273,0.01,3,0.07,0.07,0.22,13,0.0108,0.611,9,0.0,0.000129,1
acc_4743,10,0.055,1,17,0,1,93,132,0.705,39,49.87,0.98,0.32,450,0.5468,0.102,3,0.0,1.5e-05,0
acc_4744,8,0.139,1,48,0,0,143,194,0.737,42,19.83,3.7,2.97,886,0.1646,0.277,3,0.0,3e-06,0
acc_4745,13,0.077,1,21,0,0,42,162,0.259,46,2.18,4.58,0.52,1434,0.1608,0.185,3,0.0,1e-05,0
acc_4746,12,0.033,1,90,1,0,1234,49,25.184,53,67.51,9.07,1.51,1956,0.0621,0.17,3,0.0,7e-06,0
acc_4747,11,0.012,1,30,0,1,483,57,8.474,59,19.9,2.8,3.96,2183,0.047,0.081,3,0.0,3e-05,0
acc_4748,19,0.398,0,11,0,1,80,746,0.107,0,1.87,0.17,0.31,122,0.0255,0.511,13,0.0,0.000341,1
acc_4749,12,0.057,1,90,1,0,194,153,1.268,44,3.58,1.82,1.42,693,0.0278,0.127,3,0.0,5e-06,0
acc_4750,9,0.071,1,108,0,1,1746,58,30.103,43,3.05,2.33,13.84,819,0.0031,0.326,3,0.0,1.9e-05,0
acc_4751,8,0.629,0,10,0,1,9,1885,0.005,0,2.75,0.17,0.63,78,0.3253,0.57,13,0.0,0.000472,1
acc_4752,4,0.148,1,124,1,1,38,601,0.063,48,23.49,3.4,7.12,2734,0.7076,0.055,4,0.0,4.5e-05,0
acc_4753,19,0.616,1,13,0,0,18,1069,0.017,0,1.6,0.03,0.25,161,0.0906,0.652,14,0.011,0.000578,1
acc_4754,8,0.142,1,76,1,1,122,37,3.297,47,3.46,12.7,3.4,1367,0.1325,0.081,3,0.0,3.7e-05,0
acc_4755,17,0.8,0,1,0,1,10,1378,0.007,1,3.7,0.07,0.59,105,0.3772,0.402,9,0.0278,0.000165,1
acc_4756,12,0.085,1,138,0,1,468,119,3.933,42,26.96,2.38,5.87,2375,0.0627,0.266,3,0.0,6e-06,0
acc_4757,14,0.139,1,144,0,1,88,254,0.346,37,9.97,5.56,2.27,1572,0.1764,0.278,3,0.0,4e-06,0
acc_4758,10,0.199,1,35,1,0,2318,167,13.88,49,37.6,2.65,0.52,2210,0.0174,0.063,3,0.0,9e-05,0
acc_4759,14,0.005,1,131,1,1,452,117,3.863,39,28.33,10.51,0.17,1624,0.0859,0.343,3,0.0,8e-06,0
acc_4760,6,0.149,1,78,1,0,138,267,0.517,44,4.41,5.22,1.72,372,0.0698,0.224,3,0.0,8.4e-05,0
acc_4761,5,0.167,1,130,0,0,1516,352,4.307,45,28.79,0.02,5.53,2961,0.019,0.173,3,0.0,1.3e-05,0
acc_4762,8,0.042,1,133,0,0,639,46,13.891,49,5.24,3.6,9.46,1283,0.0138,0.24,3,0.3333,3.7e-05,0
acc_4763,10,0.588,0,10,0,1,8,3778,0.002,2,3.8,0.89,0.23,57,0.5862,0.647,15,0.0095,0.000516,1
acc_4764,11,0.038,1,41,1,1,2484,92,27.0,46,46.92,7.3,0.69,474,0.0218,0.149,3,0.0,3.5e-05,0
acc_4765,7,0.113,1,146,1,0,577,107,5.393,29,6.14,1.76,2.48,2609,0.0137,0.185,4,0.0,0.00017,0
acc_4766,9,0.379,0,9,0,1,89,271,0.328,1,1.71,0.67,0.11,86,0.0268,0.447,12,0.0152,0.000639,1
acc_4767,8,0.011,1,83,1,0,196,736,0.266,41,6.76,5.1,0.51,2054,0.0605,0.3,3,0.0,3.4e-05,0
acc_4768,8,0.057,1,74,1,0,103,17,6.059,45,2.77,3.2,1.69,891,0.058,0.154,3,0.0,3.9e-05,0
acc_4769,13,0.054,1,112,0,0,549,276,1.989,41,11.4,0.71,5.86,610,0.0221,0.26,3,0.0,5e-06,0
acc_4770,11,0.147,1,61,0,1,44,1151,0.038,38,21.76,1.36,3.3,2014,0.5254,0.336,3,0.0,1e-05,0
acc_4771,9,0.071,1,33,0,0,65,19,3.421,40,76.13,7.04,1.52,1820,1.0,0.22,3,0.0,5e-06,0
acc_4772,7,0.003,1,32,1,0,555,135,4.111,59,41.13,0.28,1.55,2008,0.0746,0.188,3,0.0,0.000226,0
acc_4773,11,0.048,1,121,0,1,845,819,1.032,30,32.37,2.49,1.24,1750,0.0413,0.145,3,0.0,1.4e-05,0
acc_4774,5,0.182,1,63,1,0,1319,71,18.577,40,23.92,0.86,0.77,1951,0.0188,0.086,3,0.0,0.00011,0
acc_4775,5,0.031,1,48,0,1,1384,97,14.268,38,2.84,1.11,0.47,912,0.0029,0.221,3,0.0,4.5e-05,0
acc_4776,7,0.103,1,94,0,1,2091,14,149.357,40,37.21,1.67,3.8,687,0.0186,0.28,3,0.0,1.3e-05,0
acc_4777,18,0.589,1,14,1,0,43,482,0.089,2,0.1,1.4,0.73,34,0.0351,0.819,8,0.0357,0.000135,1
acc_4778,9,0.186,1,97,0,1,283,411,0.689,43,89.01,1.67,3.25,1154,0.3204,0.21,3,0.0,1.2e-05,0
acc_4779,9,0.149,1,120,0,1,1549,303,5.112,44,4.04,4.59,1.42,1934,0.0056,0.143,3,0.0,1.2e-05,0
acc_4780,9,0.072,1,14,0,1,498,304,1.638,39,66.16,0.09,4.56,2760,0.133,0.055,3,0.0,8e-06,0
acc_4781,14,0.11,1,49,1,0,776,93,8.344,45,190.86,4.13,0.98,2436,0.2513,0.132,4,0.0,3.8e-05,0
acc_4782,8,0.013,1,80,0,0,1384,59,23.458,42,23.43,0.09,2.03,941,0.017,0.294,3,0.0,5.5e-05,0
acc_4783,8,0.025,1,110,0,0,452,220,2.055,46,78.46,1.93,0.12,1197,0.1778,0.275,3,0.0,3.2e-05,0
acc_4784,11,0.093,1,22,0,0,2817,127,22.181,56,10.33,1.12,1.32,1941,0.0041,0.268,3,0.0,3.6e-05,0
acc_4785,5,0.107,1,137,0,0,290,50,5.8,39,0.97,4.31,0.28,454,0.0182,0.256,3,0.0,5e-05,0
acc_4786,11,0.029,1,10,1,1,96,280,0.343,26,30.92,2.95,3.58,2271,0.3528,0.281,3,0.0,3.3e-05,0
acc_4787,10,0.171,1,142,0,0,77,116,0.664,41,88.24,2.47,5.19,1848,1.0,0.258,3,0.0,9e-06,0
acc_4788,11,0.003,1,142,0,0,112,2144,0.052,50,52.48,5.71,0.97,2750,0.5195,0.305,3,0.0,1.4e-05,0
acc_4789,16,0.316,0,13,1,0,78,1301,0.06,2,2.43,1.16,0.28,133,0.046,0.874,10,0.0,0.000205,1
acc_4790,8,0.36,1,6,0,1,23,318,0.072,2,3.84,0.32,0.11,80,0.1812,0.827,15,0.0095,0.000387,1
acc_4791,4,0.073,1,70,1,0,24,30,0.8,48,36.75,1.23,0.44,684,1.0,0.228,3,0.0,2.4e-05,0
acc_4792,12,0.001,1,126,1,0,222,14,15.857,43,9.19,1.61,0.06,617,0.0487,0.186,3,0.0,3e-05,0
acc_4793,4,0.094,1,119,0,0,127,69,1.841,48,0.4,5.19,3.08,596,0.044,0.169,3,0.0,9e-06,0
acc_4794,5,0.125,1,111,1,1,49,33,1.485,48,26.2,16.09,0.13,1690,0.863,0.327,3,0.0,1.1e-05,0
acc_4795,4,0.062,1,90,0,1,1579,107,14.757,51,0.4,6.12,0.45,1274,0.0041,0.234,4,0.0,0.000164,0
acc_4796,6,0.004,1,88,0,0,204,430,0.474,41,27.21,1.97,4.81,934,0.143,0.102,3,0.0,3.6e-05,0
acc_4797,10,0.103,1,145,1,0,435,148,2.939,59,61.45,6.55,9.85,2953,0.1563,0.159,3,0.0,1.5e-05,0
acc_4798,4,0.159,1,76,1,1,114,1191,0.096,42,55.07,2.75,0.61,2429,0.5072,0.111,3,0.3333,1.3e-05,0
acc_4799,15,0.338,1,12,0,1,12,419,0.029,2,0.05,0.3,0.99,88,0.0299,0.866,12,0.0,0.000173,1
acc_4800,7,0.095,1,93,1,0,360,105,3.429,52,6.45,11.87,0.98,1107,0.0509,0.065,3,0.0,2.8e-05,0
acc_4801,14,0.147,1,50,0,0,677,505,1.341,41,10.21,0.99,0.06,2309,0.0165,0.158,3,0.0,1.1e-05,0
acc_4802,12,0.167,1,36,0,0,146,109,1.339,47,6.7,7.38,0.23,2376,0.0965,0.183,3,0.0,1e-05,0
acc_4803,5,0.098,1,140,1,0,23,14,1.643,50,26.52,6.7,2.14,2974,1.0,0.224,3,0.0,2e-06,0
acc_4804,12,0.527,0,1,1,0,0,550,0.0,2,1.42,0.07,0.65,5,1.0,0.862,13,0.0,0.000637,1
acc_4805,9,0.175,1,122,0,0,892,378,2.36,52,17.9,2.2,4.9,2315,0.0225,0.083,3,0.0,9e-06,0
acc_4806,16,0.485,1,5,0,1,69,1787,0.039,0,1.46,0.05,0.64,85,0.0219,0.539,16,0.0167,0.000432,1
acc_4807,11,0.088,1,34,0,1,976,96,10.167,46,6.47,5.53,0.27,1413,0.0123,0.268,3,0.0,3.9e-05,0
acc_4808,15,0.447,1,9,0,0,38,985,0.039,1,0.14,0.02,0.02,54,0.0041,0.412,15,0.0095,0.000396,1
acc_4809,9,0.059,1,14,1,1,208,20,10.4,35,13.07,0.35,0.36,1934,0.0645,0.271,3,0.0,7e-06,0
acc_4810,6,0.065,1,65,1,0,264,85,3.106,41,24.73,3.07,3.23,1027,0.1053,0.119,3,0.0,1.6e-05,0
acc_4811,5,0.169,1,129,1,0,216,2339,0.092,43,5.32,13.93,2.57,1871,0.0892,0.133,3,0.0,2.1e-05,0
acc_4812,12,0.059,1,86,1,0,126,99,1.273,47,20.89,0.58,0.88,336,0.1704,0.105,3,0.0,3.1e-05,0
acc_4813,18,0.344,1,1,1,1,78,461,0.169,1,1.3,0.27,0.23,114,0.0201,0.738,14,0.0,0.000754,1
acc_4814,6,0.177,1,53,0,0,71,451,0.157,49,5.02,1.71,17.62,2929,0.0948,0.236,3,0.0,5e-06,0
acc_4815,16,0.382,1,8,0,1,30,1844,0.016,1,3.45,0.45,0.04,16,0.1301,0.704,14,0.0,0.000306,1
acc_4816,6,0.169,1,18,1,1,265,537,0.493,43,32.73,3.19,1.03,1241,0.1356,0.143,3,0.0,7e-06,0
acc_4817,6,0.125,1,107,1,1,31,115,0.27,38,83.78,5.61,6.65,495,1.0,0.161,3,0.0,5e-06,0
acc_4818,9,0.631,0,7,0,0,5,1152,0.004,1,3.48,0.29,0.02,60,0.7541,0.875,17,0.0,0.00028,1
acc_4819,9,0.098,1,54,1,0,19,97,0.196,36,164.3,18.43,4.78,2289,1.0,0.303,3,0.0,2.2e-05,0
acc_4820,11,0.122,1,143,0,0,47,735,0.064,46,0.1,1.65,4.29,2754,0.0371,0.337,4,0.0,0.000113,0
acc_4821,13,0.019,1,104,1,1,239,144,1.66,48,7.46,4.84,6.13,2833,0.0515,0.237,3,0.0,0.001053,0
acc_4822,11,0.725,0,11,0,0,43,471,0.091,2,2.01,0.36,0.97,135,0.055,0.896,8,0.0,0.00031,1
acc_4823,7,0.014,1,24,0,1,903,45,20.067,43,7.16,1.45,8.96,2848,0.0095,0.226,3,0.0,7e-06,0
acc_4824,10,0.156,1,46,0,0,58,284,0.204,44,0.54,4.52,1.54,1064,0.0873,0.281,3,0.0,5.9e-05,0
acc_4825,10,0.085,1,61,0,1,22,148,0.149,49,15.71,1.3,1.34,970,0.7734,0.345,3,0.0,5.1e-05,0
acc_4826,9,0.453,0,5,0,1,40,552,0.072,3,2.11,0.0,0.29,162,0.0529,0.475,15,0.019,0.000587,1
acc_4827,4,0.064,1,30,1,1,38,77,0.494,44,117.43,1.89,0.7,1681,1.0,0.288,3,0.0,9e-06,0
acc_4828,11,0.136,1,132,0,0,617,474,1.302,53,0.32,0.65,2.13,1630,0.0016,0.13,3,0.0,6e-06,0
acc_4829,7,0.04,1,34,0,1,61,52,1.173,63,29.68,0.15,3.48,702,0.4889,0.107,3,0.0,4.2e-05,0
acc_4830,7,0.176,1,148,0,0,36,22,1.636,59,167.4,3.09,5.54,1547,1.0,0.075,3,0.0,7e-06,0
acc_4831,4,0.197,1,31,0,1,214,124,1.726,39,10.76,3.05,8.96,2920,0.0646,0.132,3,0.0,7e-06,0
acc_4832,13,0.367,0,2,1,1,108,674,0.16,2,2.89,0.02,0.23,161,0.0269,0.801,14,0.0,0.000385,1
acc_4833,6,0.016,1,22,1,1,2032,30,67.733,39,26.65,3.5,0.87,277,0.0148,0.32,3,0.0,1.7e-05,0
acc_4834,10,0.021,1,113,0,0,286,75,3.813,47,18.7,11.18,2.76,296,0.1045,0.314,3,0.0,4e-06,0
acc_4835,11,0.162,1,90,1,1,223,538,0.414,48,6.85,5.99,2.72,250,0.0576,0.096,3,0.0,5e-06,0
acc_4836,18,0.47,0,13,0,0,43,386,0.111,1,2.19,0.13,0.72,65,0.0538,0.708,10,0.0,0.000157,1
acc_4837,5,0.176,1,137,0,1,902,34,26.529,58,60.21,10.24,2.2,2806,0.0781,0.329,3,0.0,9e-06,0
acc_4838,5,0.134,1,32,0,1,274,54,5.074,52,2.21,6.54,0.82,2023,0.0319,0.331,3,0.0,2.1e-05,0
acc_4839,8,0.13,1,104,0,0,87,397,0.219,37,39.58,2.45,0.7,2574,0.4831,0.181,3,0.0,0.000104,0
acc_4840,10,0.2,1,122,0,1,63,782,0.081,29,90.57,0.18,0.61,1275,1.0,0.26,3,0.0,2.8e-05,0
acc_4841,11,0.037,1,141,0,1,167,149,1.121,51,8.63,4.09,5.65,1288,0.0761,0.07,3,0.0,1.3e-05,0
acc_4842,5,0.078,1,143,0,1,656,29,22.621,51,3.24,10.9,5.08,726,0.0216,0.137,3,0.0,9e-06,0
acc_4843,12,0.658,1,12,0,1,107,1430,0.075,3,1.14,0.2,0.98,149,0.0125,0.874,13,0.0128,0.000336,1
acc_4844,4,0.129,1,97,0,0,51,465,0.11,56,72.79,0.86,0.49,1697,1.0,0.134,3,0.0,7.8e-05,0
acc_4845,10,0.083,1,59,1,0,234,404,0.579,32,5.03,20.8,0.07,2549,0.1104,0.203,3,0.0,2.3e-05,0
acc_4846,4,0.121,1,142,0,0,72,328,0.22,41,7.05,2.61,0.42,1356,0.1341,0.101,3,0.0,3.7e-05,0
acc_4847,6,0.109,1,17,0,1,589,197,2.99,34,77.02,6.39,0.8,1590,0.1416,0.232,3,0.0,1.6e-05,0
acc_4848,6,0.053,0,68,0,0,37,79,0.468,46,86.84,0.68,10.06,2539,1.0,0.246,3,0.0,1.5e-05,0
acc_4849,12,0.007,1,39,0,0,2322,116,20.017,44,64.63,4.16,0.41,2488,0.0296,0.159,3,0.0,7e-06,0
acc_4850,12,0.061,1,141,1,1,168,69,2.435,40,56.37,1.9,2.85,534,0.3469,0.127,3,0.0,6e-05,0
acc_4851,12,0.087,1,68,0,0,104,222,0.468,46,21.06,2.2,1.06,1430,0.2236,0.129,3,0.0,1e-05,0
acc_4852,12,0.756,1,10,0,0,6,2437,0.002,3,0.66,0.11,0.16,196,0.1274,0.619,10,0.0,0.000193,1
acc_4853,12,0.152,1,73,0,0,1050,37,28.378,53,6.87,1.15,2.22,514,0.0076,0.096,3,0.0,4.7e-05,0
acc_4854,13,0.021,1,35,0,1,99,90,1.1,44,68.41,0.19,0.95,397,0.6929,0.073,3,0.0,1.3e-05,0
acc_4855,9,0.096,1,35,0,1,101,82,1.232,44,26.42,0.92,6.36,488,0.2707,0.333,3,0.0,2.1e-05,0
acc_4856,11,0.166,1,86,0,0,731,196,3.73,37,14.18,2.23,0.61,1274,0.0225,0.281,3,0.0,2.5e-05,0
acc_4857,12,0.61,0,8,0,1,18,1061,0.017,3,3.39,0.16,1.11,82,0.1969,0.447,12,0.0,0.000229,1
acc_4858,10,0.636,0,11,0,0,2,662,0.003,3,1.25,0.2,0.13,15,0.722,0.68,9,0.0,0.000194,1
acc_4859,7,0.008,1,134,1,0,45,155,0.29,40,64.28,6.4,1.49,2956,1.0,0.251,3,0.0,7.1e-05,0
acc_4860,12,0.039,1,141,1,1,880,682,1.29,40,0.61,0.34,0.5,957,0.0011,0.252,3,0.0,4e-06,0
acc_4861,12,0.772,0,6,0,1,31,1352,0.023,3,0.93,0.03,0.03,195,0.0312,0.813,13,0.0128,0.000728,1
acc_4862,9,0.119,1,125,1,1,204,375,0.544,43,0.55,4.72,1.91,827,0.0258,0.192,4,0.0,3.1e-05,0
acc_4863,10,0.173,1,20,1,0,989,382,2.589,39,108.14,1.7,0.8,204,0.1111,0.169,3,0.0,2.3e-05,0
acc_4864,12,0.131,1,19,0,1,375,97,3.866,44,165.5,1.78,1.29,1223,0.4461,0.164,3,0.0,1.4e-05,0
acc_4865,12,0.103,1,71,0,1,756,161,4.696,56,72.48,3.52,1.96,2738,0.1005,0.287,3,0.0,4.3e-05,0
acc_4866,10,0.164,1,50,0,0,123,53,2.321,33,160.2,0.24,1.49,860,1.0,0.329,3,0.0,3.3e-05,0
acc_4867,6,0.037,1,147,1,0,223,686,0.325,40,22.44,9.21,3.72,2281,0.1419,0.099,3,0.0,8e-06,0
acc_4868,11,0.069,1,120,1,1,97,283,0.343,44,42.81,8.48,1.81,710,0.5288,0.157,3,0.0,1.1e-05,0
acc_4869,4,0.059,1,40,1,0,136,78,1.744,49,79.96,1.44,0.01,556,0.5985,0.238,3,0.0,3.1e-05,0
acc_4870,5,0.165,1,57,0,1,24,64,0.375,57,15.5,1.78,1.66,602,0.7199,0.305,3,0.0,4e-06,0
acc_4871,4,0.198,1,13,1,0,544,490,1.11,50,30.69,0.8,1.89,223,0.0579,0.261,3,0.0,3e-05,0
acc_4872,8,0.15,1,109,0,0,845,727,1.162,40,6.84,7.05,9.86,1016,0.0164,0.304,3,0.0,4e-06,0
acc_4873,9,0.141,1,14,1,1,215,21,10.238,45,24.07,3.3,1.5,833,0.1273,0.249,3,0.0,4e-05,0
acc_4874,11,0.026,1,135,1,0,481,395,1.218,58,16.46,2.09,0.6,1404,0.0386,0.344,3,0.0,6.9e-05,0
acc_4875,6,0.076,1,142,0,1,81,301,0.269,45,50.2,1.05,1.22,1773,0.6328,0.124,3,0.0,1.5e-05,0
acc_4876,4,0.188,1,30,1,0,46,496,0.093,44,1.13,13.25,2.52,2603,0.3126,0.331,3,0.0,0.000121,0
acc_4877,6,0.029,1,19,1,1,1893,232,8.159,40,18.54,4.48,0.96,2014,0.0122,0.181,3,0.0,5e-06,0
acc_4878,9,0.702,0,2,0,1,37,955,0.039,1,2.82,0.13,0.04,145,0.0798,0.417,10,0.0,0.000455,1
acc_4879,14,0.178,1,84,0,0,461,586,0.787,48,3.22,5.11,3.4,1736,0.0181,0.19,3,0.0,4e-06,0
acc_4880,7,0.125,1,116,0,1,2510,149,16.846,49,5.08,2.1,0.52,1795,0.0029,0.335,3,0.0,1.6e-05,0
acc_4881,7,0.0,1,146,0,0,482,163,2.957,56,1.77,12.77,0.18,1244,0.0302,0.194,3,0.0,2.3e-05,0
acc_4882,6,0.037,0,90,1,1,284,119,2.387,52,39.8,10.15,0.87,1689,0.1759,0.132,3,0.0,1e-05,0
acc_4883,5,0.152,1,32,0,1,1530,146,10.479,43,6.1,1.05,1.22,1272,0.0047,0.196,3,0.0,1.9e-05,0
acc_4884,19,0.514,0,9,0,0,69,518,0.133,4,0.29,0.1,0.2,124,0.0056,0.546,6,0.0,5.6e-05,1
acc_4885,6,0.097,1,73,0,0,839,126,6.659,43,108.68,0.63,4.46,1698,0.1303,0.068,3,0.0,4e-06,0
acc_4886,13,0.413,1,3,0,0,58,884,0.066,1,3.55,0.08,0.51,80,0.0625,0.59,13,0.0,0.000879,1
acc_4887,7,0.172,1,71,0,1,196,365,0.537,45,20.5,0.84,4.87,895,0.1089,0.156,3,0.0,1.5e-05,0
acc_4888,14,0.312,1,10,0,1,10,2102,0.005,3,2.5,0.27,0.37,84,0.2774,0.654,11,0.0182,0.00038,1
acc_4889,8,0.05,1,38,1,1,290,160,1.812,41,11.14,3.01,1.76,2059,0.0488,0.238,3,0.0,3e-05,0
acc_4890,12,0.661,0,3,0,1,3,969,0.003,4,0.85,0.07,0.24,197,0.3087,0.681,10,0.0,0.000153,1
acc_4891,12,0.026,1,90,1,1,572,253,2.261,48,54.68,2.42,0.01,2046,0.0998,0.216,3,0.0,1.9e-05,0
acc_4892,13,0.375,1,9,0,0,23,748,0.031,1,0.29,0.08,0.66,62,0.0163,0.627,9,0.0,0.000219,1
acc_4893,10,0.47,0,11,0,1,16,350,0.046,4,0.68,0.03,0.46,89,0.0444,0.593,7,0.0,0.000105,1
acc_4894,10,0.089,1,93,1,1,117,326,0.359,44,21.01,1.39,0.36,579,0.1915,0.118,3,0.0,0.000493,0
acc_4895,5,0.083,1,96,0,0,373,286,1.304,51,34.12,4.92,1.19,1596,0.1047,0.221,3,0.0,1.9e-05,0
acc_4896,12,0.139,1,71,1,1,27,156,0.173,44,38.0,8.14,1.87,653,1.0,0.281,3,0.0,7e-05,0
acc_4897,4,0.165,1,87,0,0,481,237,2.03,40,13.14,6.68,0.21,607,0.0412,0.293,3,0.0,6e-06,0
acc_4898,6,0.058,0,148,1,0,395,86,4.593,50,9.93,3.53,0.1,2672,0.0341,0.111,3,0.0,7e-06,0
acc_4899,11,0.46,0,6,0,1,79,1332,0.059,2,1.06,0.15,0.05,176,0.0153,0.589,8,0.0,9.1e-05,1
acc_4900,8,0.194,1,58,0,1,81,68,1.191,46,41.72,7.86,0.09,1780,0.6121,0.224,3,0.0,2.7e-05,0
acc_4901,7,0.186,1,132,0,0,154,107,1.439,50,18.33,3.15,0.92,1867,0.1395,0.345,3,0.0,1e-05,0
acc_4902,13,0.075,1,149,1,1,543,83,6.542,57,6.64,1.48,0.73,2370,0.015,0.256,3,0.0,2.5e-05,0
acc_4903,9,0.175,1,80,1,0,3998,404,9.896,44,27.64,6.47,5.01,1198,0.0085,0.336,3,0.0,7e-06,0
acc_4904,6,0.022,1,60,0,1,5,50,0.1,48,13.81,0.55,1.74,1912,1.0,0.322,3,0.0,6e-06,0
acc_4905,8,0.415,0,6,0,0,69,2086,0.033,1,2.91,0.14,0.44,100,0.0441,0.587,11,0.0182,0.000532,1
acc_4906,11,0.106,0,32,0,0,74,553,0.134,58,52.63,12.8,9.44,1313,0.8842,0.139,3,0.0,9.5e-05,0
acc_4907,11,0.181,1,89,0,1,141,413,0.341,43,57.99,31.79,2.33,380,0.6368,0.067,3,0.0,2.3e-05,0
acc_4908,9,0.076,1,144,1,0,417,274,1.522,34,27.17,4.53,0.74,2912,0.076,0.15,3,0.0,5.9e-05,0
acc_4909,5,0.155,1,105,0,1,1289,63,20.46,49,2.57,0.51,2.52,2447,0.0024,0.153,3,0.0,7e-06,0
acc_4910,4,0.134,1,117,0,1,634,329,1.927,46,29.03,8.32,1.47,2720,0.0589,0.077,3,0.0,2.3e-05,0
acc_4911,19,0.735,1,1,1,1,37,333,0.111,2,2.6,0.03,0.02,151,0.0711,0.53,14,0.044,0.000463,1
acc_4912,5,0.062,1,118,0,1,29,127,0.228,43,5.9,6.17,8.05,2738,0.4161,0.123,3,0.0,9e-06,0
acc_4913,12,0.141,1,104,1,1,333,204,1.632,49,6.93,0.48,5.02,2605,0.0223,0.053,3,0.0,1.5e-05,0
acc_4914,5,0.041,1,60,1,1,37,459,0.081,47,108.68,2.41,1.09,925,1.0,0.222,3,0.0,3.7e-05,0
acc_4915,14,0.199,1,33,0,0,85,74,1.149,46,31.17,0.68,3.67,961,0.3747,0.274,3,0.0,0.000345,0
acc_4916,13,0.698,1,2,0,1,23,255,0.09,4,0.59,0.37,0.22,158,0.0419,0.869,12,0.0,0.000284,1
acc_4917,14,0.123,1,102,1,0,1089,722,1.508,48,14.04,1.07,1.83,2579,0.0139,0.096,3,0.0,2e-06,0
acc_4918,9,0.054,1,36,1,0,467,28,16.679,44,53.12,0.5,1.69,1217,0.1148,0.215,3,0.0,5e-06,0
acc_4919,12,0.616,0,6,0,1,58,471,0.123,1,0.26,0.1,0.02,106,0.0061,0.408,10,0.0,0.000161,1
acc_4920,8,0.389,1,13,0,1,437,1955,0.224,2,0.91,0.14,0.51,155,0.0024,0.745,17,0.0074,0.000412,1
acc_4921,7,0.031,1,135,1,1,788,113,6.973,50,7.74,4.44,5.38,597,0.0154,0.228,3,0.0,2e-06,0
acc_4922,6,0.143,1,131,1,1,688,84,8.19,56,25.04,1.82,1.2,788,0.039,0.171,3,0.0,5e-06,0
acc_4923,4,0.031,1,74,1,0,125,292,0.428,48,27.86,3.62,1.82,1193,0.2519,0.246,3,0.0,2.8e-05,0
acc_4924,15,0.37,1,2,0,0,38,2839,0.013,3,8.17,0.12,0.16,190,0.2183,0.811,13,0.0128,0.000113,1
acc_4925,10,0.469,0,2,0,0,91,1093,0.083,2,0.95,0.06,2.59,109,0.0111,0.733,14,0.022,0.000546,1
acc_4926,18,0.483,0,13,1,0,29,357,0.081,0,1.84,0.03,0.64,89,0.0646,0.473,11,0.0,0.000212,1
acc_4927,8,0.697,1,2,0,1,22,446,0.049,3,0.18,0.24,0.64,150,0.0193,0.842,14,0.0,0.001388,1
acc_4928,16,0.662,0,11,0,1,241,558,0.432,2,2.08,0.24,0.04,191,0.0096,0.516,11,0.0182,0.00038,1
acc_4929,4,0.067,1,124,0,1,132,281,0.47,54,2.18,2.55,0.35,1644,0.0358,0.244,3,0.0,2.8e-05,0
acc_4930,7,0.188,1,20,1,1,377,275,1.371,54,58.8,12.23,5.07,1174,0.1884,0.11,3,0.0,4e-06,0
acc_4931,8,0.019,0,25,1,0,1193,67,17.806,50,22.23,6.59,10.22,1555,0.0242,0.271,3,0.0,1.3e-05,0
acc_4932,10,0.094,1,39,0,1,69,43,1.605,48,82.05,6.46,1.33,891,1.0,0.289,3,0.0,1.8e-05,0
acc_4933,13,0.679,1,3,0,1,23,783,0.029,2,3.75,0.14,0.68,156,0.1691,0.597,8,0.0,8.2e-05,1
acc_4934,13,0.16,1,95,1,1,142,249,0.57,53,0.29,7.72,4.18,650,0.0564,0.164,3,0.0,2.2e-05,0
acc_4935,12,0.006,1,126,1,1,153,74,2.068,48,1.85,12.29,1.2,2683,0.0924,0.235,3,0.0,9e-06,0
acc_4936,12,0.546,1,6,0,1,12,1205,0.01,3,0.9,0.14,0.02,55,0.086,0.781,15,0.0095,0.000691,1
acc_4937,4,0.176,1,135,0,1,76,653,0.116,45,15.86,5.23,3.8,1354,0.2775,0.339,3,0.0,6.3e-05,0
acc_4938,5,0.054,1,149,0,0,1138,175,6.503,42,3.85,0.0,9.09,2629,0.0034,0.248,3,0.0,2.7e-05,0
acc_4939,9,0.174,1,90,1,0,2103,618,3.403,45,14.1,1.78,3.66,225,0.0075,0.224,3,0.0,3.2e-05,0
acc_4940,8,0.057,1,115,0,1,139,357,0.389,54,11.45,10.09,0.18,2941,0.155,0.055,3,0.0,0.000151,0
acc_4941,8,0.011,1,95,0,0,1038,103,10.078,46,71.74,3.09,0.66,1606,0.0721,0.21,3,0.0,9.8e-05,0
acc_4942,9,0.593,0,5,1,0,39,509,0.077,2,1.86,0.04,1.28,11,0.0486,0.419,8,0.0,0.000385,1
acc_4943,14,0.029,1,120,0,0,845,116,7.284,53,27.31,2.58,3.16,1437,0.0354,0.319,3,0.0,9.2e-05,0
acc_4944,7,0.121,1,105,0,0,133,17,7.824,36,33.04,6.98,5.57,2153,0.3009,0.095,3,0.0,8e-06,0
acc_4945,9,0.156,1,127,1,1,334,134,2.493,46,15.49,2.4,1.63,1717,0.0536,0.342,3,0.0,6.6e-05,0
acc_4946,9,0.018,1,92,0,0,148,27,5.481,34,89.5,0.61,9.38,194,0.6088,0.328,3,0.0,5.5e-05,0
acc_4947,5,0.171,1,64,0,1,451,105,4.295,45,36.28,2.45,10.32,2972,0.0859,0.159,3,0.0,2.7e-05,0
acc_4948,15,0.617,1,4,0,0,59,797,0.074,3,0.5,0.24,0.93,62,0.0124,0.573,6,0.0,4.9e-05,1
acc_4949,10,0.038,1,74,1,1,111,329,0.337,47,1.47,8.6,1.05,1651,0.0907,0.117,3,0.0,2.6e-05,0
acc_4950,10,0.707,0,6,0,1,218,794,0.275,1,1.77,0.28,0.12,86,0.0094,0.584,14,0.011,0.000198,1
acc_4951,9,0.014,1,14,1,1,57,306,0.186,50,20.13,4.18,2.09,2978,0.4263,0.057,3,0.0,5.1e-05,0
acc_4952,6,0.056,1,91,0,1,202,85,2.376,51,19.26,0.53,0.87,2830,0.098,0.236,3,0.0,6.7e-05,0
acc_4953,9,0.609,0,12,0,1,276,1695,0.163,3,0.23,0.07,0.68,46,0.0011,0.601,16,0.0,0.000618,1
acc_4954,7,0.179,1,63,0,1,104,182,0.571,45,10.93,2.32,3.59,2648,0.1274,0.285,3,0.0,7e-06,0
acc_4955,11,0.098,1,25,1,0,135,183,0.738,61,68.0,2.66,0.09,1124,0.5234,0.179,3,0.0,1.5e-05,0
acc_4956,6,0.013,1,32,0,1,219,431,0.508,52,67.65,0.69,2.56,420,0.312,0.155,3,0.0,8e-06,0
acc_4957,19,0.419,0,0,0,1,86,974,0.088,0,1.04,0.32,0.26,84,0.0158,0.59,14,0.011,0.000431,1
acc_4958,10,0.134,1,79,0,1,40,1552,0.026,67,6.13,3.31,1.56,1744,0.2362,0.262,3,0.0,0.000179,0
acc_4959,12,0.065,1,44,0,1,382,618,0.618,45,48.85,0.16,0.76,1123,0.1283,0.079,3,0.0,1.5e-05,0
acc_4960,14,0.511,0,2,1,1,15,382,0.039,0,0.34,0.25,3.14,172,0.0394,0.657,16,0.0,0.001227,1
acc_4961,13,0.085,1,42,1,1,1159,221,5.244,53,25.21,1.9,11.12,355,0.0234,0.209,3,0.0,1.9e-05,0
acc_4962,9,0.086,1,60,1,0,372,34,10.941,59,107.0,2.5,3.71,750,0.2944,0.209,3,0.0,7e-06,0
acc_4963,13,0.322,0,10,0,1,4,330,0.012,1,1.16,0.38,0.01,10,0.3857,0.852,14,0.022,0.000559,1
acc_4964,6,0.102,1,17,0,1,782,41,19.073,41,37.01,0.0,6.15,434,0.0473,0.281,3,0.0,4e-06,0
acc_4965,14,0.053,0,84,1,0,305,502,0.608,38,28.59,1.73,0.28,2642,0.0994,0.332,3,0.0,3.3e-05,0
acc_4966,9,0.135,1,145,0,1,26,97,0.268,41,36.44,6.27,1.6,1654,1.0,0.317,3,0.0,3.1e-05,0
acc_4967,11,0.165,1,98,1,1,48,295,0.163,43,4.05,2.58,4.49,757,0.1381,0.298,3,0.0,2.8e-05,0
acc_4968,18,0.508,0,14,0,1,31,325,0.095,4,0.6,0.77,0.6,129,0.0441,0.804,8,0.0,0.000218,1
acc_4969,4,0.183,1,62,0,0,116,86,1.349,52,22.83,2.21,1.66,285,0.2159,0.055,3,0.0,0.000121,0
acc_4970,14,0.012,1,136,1,1,397,281,1.413,44,38.26,0.9,0.06,1614,0.0987,0.155,3,0.0,1.8e-05,0
acc_4971,11,0.121,1,14,1,0,78,416,0.188,52,10.03,2.47,4.92,2360,0.1603,0.219,3,0.0,7.2e-05,0
acc_4972,9,0.0,1,87,0,1,22,122,0.18,54,22.46,6.54,1.47,332,1.0,0.342,3,0.0,6e-06,0
acc_4973,10,0.332,1,2,0,0,126,1602,0.079,0,1.44,0.1,0.51,23,0.0122,0.753,12,0.0,0.000394,1
acc_4974,9,0.048,1,99,1,0,21,346,0.061,50,16.45,1.62,0.25,2369,0.8602,0.186,3,0.0,2.7e-05,0
acc_4975,16,0.31,0,8,0,1,114,226,0.504,1,0.65,0.15,0.89,174,0.007,0.523,11,0.0,0.000175,1
acc_4976,7,0.097,1,17,0,1,1529,1051,1.455,50,14.67,0.54,2.66,1717,0.01,0.232,3,0.0,6e-05,0
acc_4977,12,0.102,0,15,0,1,107,148,0.723,58,42.63,1.09,6.94,1669,0.4086,0.092,3,0.0,2e-06,0
acc_4978,6,0.099,1,39,0,0,1612,1282,1.257,53,78.39,0.92,6.07,913,0.0492,0.287,3,0.0,2.2e-05,0
acc_4979,18,0.684,0,8,0,1,74,867,0.085,1,0.49,0.09,0.88,21,0.0079,0.821,12,0.0,0.000315,1
acc_4980,10,0.76,1,5,0,1,34,641,0.053,3,0.36,0.38,0.02,143,0.0218,0.716,14,0.0,0.000347,1
acc_4981,11,0.021,1,61,1,1,628,888,0.707,40,38.92,3.05,0.33,1899,0.0668,0.188,3,0.0,4.8e-05,0
acc_4982,4,0.034,0,25,0,1,1560,184,8.478,48,3.72,4.87,12.14,1599,0.0055,0.079,3,0.0,9e-06,0
acc_4983,11,0.064,1,90,0,1,1568,197,7.959,44,27.7,4.44,3.33,1982,0.0205,0.221,3,0.0,3.4e-05,0
acc_4984,13,0.177,1,117,1,1,62,246,0.252,34,58.94,0.09,0.49,2179,0.9521,0.141,3,0.0,0.000234,0
acc_4985,8,0.162,1,43,0,0,145,1624,0.089,43,31.05,6.06,0.21,2198,0.2559,0.089,3,0.0,8e-06,0
acc_4986,11,0.679,0,13,0,0,32,1037,0.031,4,0.2,1.14,0.53,131,0.0419,0.729,9,0.0,0.000325,1
acc_4987,7,0.084,1,86,0,0,642,101,6.356,34,10.84,5.48,2.17,245,0.0254,0.342,3,0.0,9e-06,0
acc_4988,10,0.034,1,48,0,0,213,288,0.74,31,73.13,24.06,0.09,1311,0.4563,0.124,3,0.0,6e-06,0
acc_4989,14,0.337,1,11,0,1,148,288,0.514,1,1.53,0.08,1.36,139,0.0109,0.557,11,0.0,0.000266,1
acc_4990,11,0.03,1,15,0,0,154,429,0.359,38,88.26,0.56,1.34,2795,0.5767,0.172,3,0.0,1.8e-05,0
acc_4991,17,0.305,1,13,0,1,26,568,0.046,2,5.82,0.1,0.53,165,0.2276,0.871,9,0.0,0.000147,1
acc_4992,10,0.094,1,145,0,1,2776,63,44.063,41,63.04,1.41,0.65,602,0.0232,0.293,3,0.0,9e-06,0
acc_4993,11,0.173,1,123,0,1,383,46,8.326,48,41.18,2.65,0.26,1636,0.1144,0.169,3,0.0,2.6e-05,0
acc_4994,13,0.015,1,91,0,1,141,52,2.712,48,31.26,5.74,3.57,1108,0.2624,0.218,3,0.0,0.000413,0
acc_4995,5,0.156,1,41,0,1,747,651,1.147,32,1.7,0.27,0.16,2434,0.0026,0.188,3,0.0,6.6e-05,0
acc_4996,15,0.481,1,3,0,1,13,650,0.02,1,0.26,0.55,0.36,12,0.0626,0.613,8,0.0,0.000681,1
acc_4997,14,0.082,1,38,0,0,164,68,2.412,45,103.94,6.66,0.75,2458,0.6744,0.05,3,0.0,4.3e-05,0
acc_4998,10,0.062,1,60,0,1,1161,100,11.61,41,0.29,7.85,12.49,1219,0.007,0.069,3,0.0,2.2e-05,0
acc_4999,13,0.7,0,13,0,1,33,389,0.085,2,1.35,0.58,0.13,121,0.0585,0.622,12,0.0,0.000108,1
